date_heure,id_compteur,nb_passages
2023-01-01 00:00:00,100001753,1
2023-01-01 00:00:00,100002880,6
2023-01-01 00:00:00,100003032,3
2023-01-01 00:00:00,100003034,3
2023-01-01 00:00:00,100003039,4
2023-01-01 00:00:00,100003040,0
2023-01-01 00:00:00,100003041,0
2023-01-01 00:00:00,100003042,1
2023-01-01 00:00:00,100004575,0
2023-01-01 00:00:00,100007390,3
2023-01-01 00:00:00,100011747,0
2023-01-01 00:00:00,100011748,1
2023-01-01 00:00:00,100011783,0
2023-01-01 00:00:00,100012217,3
2023-01-01 00:00:00,100012218,2
2023-01-01 00:00:00,100017441,2
2023-01-01 00:00:00,100017523,0
2023-01-01 00:00:00,100025474,7
2023-01-01 00:00:00,100034805,0
2023-01-01 00:00:00,100035408,1
2023-01-01 00:00:00,100035409,0
2023-01-01 00:00:00,100041114,1
2023-01-01 00:00:00,100047030,1
2023-01-01 00:00:00,100052600,3
2023-01-01 00:00:00,100052602,0
2023-01-01 00:00:00,100052603,0
2023-01-01 00:00:00,100052604,0
2023-01-01 00:00:00,100052605,0
2023-01-01 00:00:00,100052606,1
2023-01-01 00:00:00,100053055,0
2023-01-01 00:00:00,100053059,0
2023-01-01 00:00:00,100053209,1
2023-01-01 00:00:00,100053210,1
2023-01-01 00:00:00,100054073,0
2023-01-01 00:00:00,100054241,0
2023-01-01 00:00:00,100054585,2
2023-01-01 00:00:00,100055268,3
2023-01-01 00:00:00,100056188,0
2023-01-01 00:00:00,100057050,0
2023-01-01 00:00:00,100057051,0
2023-01-01 00:00:00,100057052,0
2023-01-01 00:00:00,100057053,1
2023-01-01 00:00:00,300014916,2
2023-01-01 00:00:00,300014985,0
2023-01-01 00:00:00,300014986,3
2023-01-01 00:00:00,300014993,2
2023-01-01 00:00:00,300014994,3
2023-01-01 00:00:00,300014995,1
2023-01-01 00:00:00,300014996,3
2023-01-01 00:00:00,300020478,0
2023-01-01 00:00:00,300020679,8
2023-01-01 00:00:00,300020816,2
2023-01-01 00:00:00,300020817,3
2023-01-01 00:00:00,300021685,0
2023-01-01 00:00:00,300022314,4
2023-01-01 00:00:00,300028650,1
2023-01-01 00:00:00,300032161,0
2023-01-01 01:00:00,100001753,0
2023-01-01 01:00:00,100002880,0
2023-01-01 01:00:00,100003032,6
2023-01-01 01:00:00,100003034,5
2023-01-01 01:00:00,100003039,4
2023-01-01 01:00:00,100003040,0
2023-01-01 01:00:00,100003041,6
2023-01-01 01:00:00,100003042,1
2023-01-01 01:00:00,100004575,0
2023-01-01 01:00:00,100007390,15
2023-01-01 01:00:00,100011747,0
2023-01-01 01:00:00,100011748,1
2023-01-01 01:00:00,100011783,0
2023-01-01 01:00:00,100012217,0
2023-01-01 01:00:00,100012218,5
2023-01-01 01:00:00,100017441,0
2023-01-01 01:00:00,100017523,0
2023-01-01 01:00:00,100025474,12
2023-01-01 01:00:00,100034805,0
2023-01-01 01:00:00,100035408,3
2023-01-01 01:00:00,100035409,0
2023-01-01 01:00:00,100041114,0
2023-01-01 01:00:00,100047030,0
2023-01-01 01:00:00,100052600,2
2023-01-01 01:00:00,100052602,0
2023-01-01 01:00:00,100052603,0
2023-01-01 01:00:00,100052604,0
2023-01-01 01:00:00,100052605,0
2023-01-01 01:00:00,100052606,4
2023-01-01 01:00:00,100053055,0
2023-01-01 01:00:00,100053059,2
2023-01-01 01:00:00,100053209,2
2023-01-01 01:00:00,100053210,0
2023-01-01 01:00:00,100054073,0
2023-01-01 01:00:00,100054241,0
2023-01-01 01:00:00,100054585,0
2023-01-01 01:00:00,100055268,1
2023-01-01 01:00:00,100056188,0
2023-01-01 01:00:00,100057050,0
2023-01-01 01:00:00,100057051,0
2023-01-01 01:00:00,100057052,0
2023-01-01 01:00:00,100057053,1
2023-01-01 01:00:00,300014916,2
2023-01-01 01:00:00,300014985,0
2023-01-01 01:00:00,300014986,6
2023-01-01 01:00:00,300014993,2
2023-01-01 01:00:00,300014994,0
2023-01-01 01:00:00,300014995,3
2023-01-01 01:00:00,300014996,5
2023-01-01 01:00:00,300020478,1
2023-01-01 01:00:00,300020679,11
2023-01-01 01:00:00,300020816,3
2023-01-01 01:00:00,300020817,7
2023-01-01 01:00:00,300021685,0
2023-01-01 01:00:00,300022314,2
2023-01-01 01:00:00,300028650,2
2023-01-01 01:00:00,300032161,0
2023-01-01 02:00:00,100001753,0
2023-01-01 02:00:00,100002880,2
2023-01-01 02:00:00,100003032,5
2023-01-01 02:00:00,100003034,9
2023-01-01 02:00:00,100003039,4
2023-01-01 02:00:00,100003040,2
2023-01-01 02:00:00,100003041,0
2023-01-01 02:00:00,100003042,2
2023-01-01 02:00:00,100004575,0
2023-01-01 02:00:00,100007390,4
2023-01-01 02:00:00,100011747,0
2023-01-01 02:00:00,100011748,0
2023-01-01 02:00:00,100011783,4
2023-01-01 02:00:00,100012217,1
2023-01-01 02:00:00,100012218,4
2023-01-01 02:00:00,100017441,0
2023-01-01 02:00:00,100017523,0
2023-01-01 02:00:00,100025474,9
2023-01-01 02:00:00,100034805,0
2023-01-01 02:00:00,100035408,6
2023-01-01 02:00:00,100035409,2
2023-01-01 02:00:00,100041114,0
2023-01-01 02:00:00,100047030,0
2023-01-01 02:00:00,100052600,5
2023-01-01 02:00:00,100052602,0
2023-01-01 02:00:00,100052603,0
2023-01-01 02:00:00,100052604,0
2023-01-01 02:00:00,100052605,0
2023-01-01 02:00:00,100052606,0
2023-01-01 02:00:00,100053055,0
2023-01-01 02:00:00,100053059,1
2023-01-01 02:00:00,100053209,0
2023-01-01 02:00:00,100053210,0
2023-01-01 02:00:00,100054073,0
2023-01-01 02:00:00,100054241,0
2023-01-01 02:00:00,100054585,0
2023-01-01 02:00:00,100055268,2
2023-01-01 02:00:00,100056188,0
2023-01-01 02:00:00,100057050,0
2023-01-01 02:00:00,100057051,0
2023-01-01 02:00:00,100057052,0
2023-01-01 02:00:00,100057053,2
2023-01-01 02:00:00,300014916,2
2023-01-01 02:00:00,300014985,0
2023-01-01 02:00:00,300014986,2
2023-01-01 02:00:00,300014993,0
2023-01-01 02:00:00,300014994,1
2023-01-01 02:00:00,300014995,1
2023-01-01 02:00:00,300014996,2
2023-01-01 02:00:00,300020478,1
2023-01-01 02:00:00,300020679,8
2023-01-01 02:00:00,300020816,4
2023-01-01 02:00:00,300020817,2
2023-01-01 02:00:00,300021685,0
2023-01-01 02:00:00,300022314,0
2023-01-01 02:00:00,300028650,0
2023-01-01 02:00:00,300032161,0
2023-01-01 03:00:00,100001753,1
2023-01-01 03:00:00,100002880,8
2023-01-01 03:00:00,100003032,4
2023-01-01 03:00:00,100003034,3
2023-01-01 03:00:00,100003039,3
2023-01-01 03:00:00,100003040,0
2023-01-01 03:00:00,100003041,6
2023-01-01 03:00:00,100003042,1
2023-01-01 03:00:00,100004575,0
2023-01-01 03:00:00,100007390,3
2023-01-01 03:00:00,100011747,0
2023-01-01 03:00:00,100011748,3
2023-01-01 03:00:00,100011783,0
2023-01-01 03:00:00,100012217,2
2023-01-01 03:00:00,100012218,5
2023-01-01 03:00:00,100017441,1
2023-01-01 03:00:00,100017523,0
2023-01-01 03:00:00,100025474,12
2023-01-01 03:00:00,100034805,0
2023-01-01 03:00:00,100035408,3
2023-01-01 03:00:00,100035409,0
2023-01-01 03:00:00,100041114,0
2023-01-01 03:00:00,100047030,1
2023-01-01 03:00:00,100052600,2
2023-01-01 03:00:00,100052602,0
2023-01-01 03:00:00,100052603,0
2023-01-01 03:00:00,100052604,0
2023-01-01 03:00:00,100052605,0
2023-01-01 03:00:00,100052606,2
2023-01-01 03:00:00,100053055,0
2023-01-01 03:00:00,100053059,0
2023-01-01 03:00:00,100053209,0
2023-01-01 03:00:00,100053210,0
2023-01-01 03:00:00,100054073,0
2023-01-01 03:00:00,100054241,0
2023-01-01 03:00:00,100054585,0
2023-01-01 03:00:00,100055268,0
2023-01-01 03:00:00,100056188,0
2023-01-01 03:00:00,100057050,0
2023-01-01 03:00:00,100057051,0
2023-01-01 03:00:00,100057052,0
2023-01-01 03:00:00,100057053,2
2023-01-01 03:00:00,300014916,0
2023-01-01 03:00:00,300014985,0
2023-01-01 03:00:00,300014986,6
2023-01-01 03:00:00,300014993,2
2023-01-01 03:00:00,300014994,0
2023-01-01 03:00:00,300014995,3
2023-01-01 03:00:00,300014996,9
2023-01-01 03:00:00,300020478,2
2023-01-01 03:00:00,300020679,12
2023-01-01 03:00:00,300020816,2
2023-01-01 03:00:00,300020817,1
2023-01-01 03:00:00,300021685,0
2023-01-01 03:00:00,300022314,4
2023-01-01 03:00:00,300028650,1
2023-01-01 03:00:00,300032161,0
2023-01-01 04:00:00,100001753,0
2023-01-01 04:00:00,100002880,2
2023-01-01 04:00:00,100003032,3
2023-01-01 04:00:00,100003034,6
2023-01-01 04:00:00,100003039,4
2023-01-01 04:00:00,100003040,0
2023-01-01 04:00:00,100003041,0
2023-01-01 04:00:00,100003042,0
2023-01-01 04:00:00,100004575,0
2023-01-01 04:00:00,100007390,0
2023-01-01 04:00:00,100011747,0
2023-01-01 04:00:00,100011748,0
2023-01-01 04:00:00,100011783,1
2023-01-01 04:00:00,100012217,2
2023-01-01 04:00:00,100012218,2
2023-01-01 04:00:00,100017441,0
2023-01-01 04:00:00,100017523,0
2023-01-01 04:00:00,100025474,6
2023-01-01 04:00:00,100034805,0
2023-01-01 04:00:00,100035408,0
2023-01-01 04:00:00,100035409,0
2023-01-01 04:00:00,100041114,0
2023-01-01 04:00:00,100047030,0
2023-01-01 04:00:00,100052600,7
2023-01-01 04:00:00,100052602,0
2023-01-01 04:00:00,100052603,0
2023-01-01 04:00:00,100052604,0
2023-01-01 04:00:00,100052605,0
2023-01-01 04:00:00,100052606,0
2023-01-01 04:00:00,100053055,0
2023-01-01 04:00:00,100053059,0
2023-01-01 04:00:00,100053209,0
2023-01-01 04:00:00,100053210,0
2023-01-01 04:00:00,100054073,1
2023-01-01 04:00:00,100054241,0
2023-01-01 04:00:00,100054585,0
2023-01-01 04:00:00,100055268,0
2023-01-01 04:00:00,100056188,0
2023-01-01 04:00:00,100057050,0
2023-01-01 04:00:00,100057051,0
2023-01-01 04:00:00,100057052,0
2023-01-01 04:00:00,100057053,6
2023-01-01 04:00:00,300014916,1
2023-01-01 04:00:00,300014985,0
2023-01-01 04:00:00,300014986,3
2023-01-01 04:00:00,300014993,1
2023-01-01 04:00:00,300014994,1
2023-01-01 04:00:00,300014995,0
2023-01-01 04:00:00,300014996,1
2023-01-01 04:00:00,300020478,3
2023-01-01 04:00:00,300020679,6
2023-01-01 04:00:00,300020816,5
2023-01-01 04:00:00,300020817,4
2023-01-01 04:00:00,300021685,0
2023-01-01 04:00:00,300022314,1
2023-01-01 04:00:00,300028650,0
2023-01-01 04:00:00,300032161,0
2023-01-01 05:00:00,100001753,1
2023-01-01 05:00:00,100002880,0
2023-01-01 05:00:00,100003032,5
2023-01-01 05:00:00,100003034,9
2023-01-01 05:00:00,100003039,3
2023-01-01 05:00:00,100003040,0
2023-01-01 05:00:00,100003041,0
2023-01-01 05:00:00,100003042,0
2023-01-01 05:00:00,100004575,0
2023-01-01 05:00:00,100007390,4
2023-01-01 05:00:00,100011747,0
2023-01-01 05:00:00,100011748,0
2023-01-01 05:00:00,100011783,2
2023-01-01 05:00:00,100012217,2
2023-01-01 05:00:00,100012218,1
2023-01-01 05:00:00,100017441,0
2023-01-01 05:00:00,100017523,0
2023-01-01 05:00:00,100025474,6
2023-01-01 05:00:00,100034805,0
2023-01-01 05:00:00,100035408,0
2023-01-01 05:00:00,100035409,0
2023-01-01 05:00:00,100041114,0
2023-01-01 05:00:00,100047030,0
2023-01-01 05:00:00,100052600,3
2023-01-01 05:00:00,100052602,0
2023-01-01 05:00:00,100052603,1
2023-01-01 05:00:00,100052604,0
2023-01-01 05:00:00,100052605,0
2023-01-01 05:00:00,100052606,0
2023-01-01 05:00:00,100053055,0
2023-01-01 05:00:00,100053059,0
2023-01-01 05:00:00,100053209,0
2023-01-01 05:00:00,100053210,0
2023-01-01 05:00:00,100054073,1
2023-01-01 05:00:00,100054241,0
2023-01-01 05:00:00,100054585,0
2023-01-01 05:00:00,100055268,0
2023-01-01 05:00:00,100056188,0
2023-01-01 05:00:00,100057050,0
2023-01-01 05:00:00,100057051,0
2023-01-01 05:00:00,100057052,0
2023-01-01 05:00:00,100057053,1
2023-01-01 05:00:00,300014916,0
2023-01-01 05:00:00,300014985,0
2023-01-01 05:00:00,300014986,1
2023-01-01 05:00:00,300014993,2
2023-01-01 05:00:00,300014994,0
2023-01-01 05:00:00,300014995,2
2023-01-01 05:00:00,300014996,4
2023-01-01 05:00:00,300020478,1
2023-01-01 05:00:00,300020679,4
2023-01-01 05:00:00,300020816,5
2023-01-01 05:00:00,300020817,0
2023-01-01 05:00:00,300021685,0
2023-01-01 05:00:00,300022314,0
2023-01-01 05:00:00,300028650,1
2023-01-01 05:00:00,300032161,0
2023-01-01 06:00:00,100001753,2
2023-01-01 06:00:00,100002880,2
2023-01-01 06:00:00,100003032,5
2023-01-01 06:00:00,100003034,3
2023-01-01 06:00:00,100003039,1
2023-01-01 06:00:00,100003040,0
2023-01-01 06:00:00,100003041,2
2023-01-01 06:00:00,100003042,0
2023-01-01 06:00:00,100004575,0
2023-01-01 06:00:00,100007390,2
2023-01-01 06:00:00,100011747,0
2023-01-01 06:00:00,100011748,1
2023-01-01 06:00:00,100011783,2
2023-01-01 06:00:00,100012217,1
2023-01-01 06:00:00,100012218,2
2023-01-01 06:00:00,100017441,1
2023-01-01 06:00:00,100017523,0
2023-01-01 06:00:00,100025474,2
2023-01-01 06:00:00,100034805,0
2023-01-01 06:00:00,100035408,1
2023-01-01 06:00:00,100035409,0
2023-01-01 06:00:00,100041114,0
2023-01-01 06:00:00,100047030,0
2023-01-01 06:00:00,100052600,3
2023-01-01 06:00:00,100052602,1
2023-01-01 06:00:00,100052603,0
2023-01-01 06:00:00,100052604,0
2023-01-01 06:00:00,100052605,0
2023-01-01 06:00:00,100052606,0
2023-01-01 06:00:00,100053055,0
2023-01-01 06:00:00,100053059,0
2023-01-01 06:00:00,100053209,0
2023-01-01 06:00:00,100053210,1
2023-01-01 06:00:00,100054073,0
2023-01-01 06:00:00,100054241,0
2023-01-01 06:00:00,100054585,0
2023-01-01 06:00:00,100055268,0
2023-01-01 06:00:00,100056188,0
2023-01-01 06:00:00,100057050,0
2023-01-01 06:00:00,100057051,0
2023-01-01 06:00:00,100057052,0
2023-01-01 06:00:00,100057053,6
2023-01-01 06:00:00,300014916,1
2023-01-01 06:00:00,300014985,0
2023-01-01 06:00:00,300014986,3
2023-01-01 06:00:00,300014993,2
2023-01-01 06:00:00,300014994,1
2023-01-01 06:00:00,300014995,3
2023-01-01 06:00:00,300014996,6
2023-01-01 06:00:00,300020478,1
2023-01-01 06:00:00,300020679,0
2023-01-01 06:00:00,300020816,1
2023-01-01 06:00:00,300020817,1
2023-01-01 06:00:00,300021685,1
2023-01-01 06:00:00,300022314,1
2023-01-01 06:00:00,300028650,0
2023-01-01 06:00:00,300032161,0
2023-01-01 07:00:00,100001753,1
2023-01-01 07:00:00,100002880,5
2023-01-01 07:00:00,100003032,2
2023-01-01 07:00:00,100003034,7
2023-01-01 07:00:00,100003039,1
2023-01-01 07:00:00,100003040,0
2023-01-01 07:00:00,100003041,4
2023-01-01 07:00:00,100003042,1
2023-01-01 07:00:00,100004575,0
2023-01-01 07:00:00,100007390,3
2023-01-01 07:00:00,100011747,0
2023-01-01 07:00:00,100011748,1
2023-01-01 07:00:00,100011783,1
2023-01-01 07:00:00,100012217,0
2023-01-01 07:00:00,100012218,1
2023-01-01 07:00:00,100017441,1
2023-01-01 07:00:00,100017523,0
2023-01-01 07:00:00,100025474,0
2023-01-01 07:00:00,100034805,0
2023-01-01 07:00:00,100035408,0
2023-01-01 07:00:00,100035409,0
2023-01-01 07:00:00,100041114,0
2023-01-01 07:00:00,100047030,0
2023-01-01 07:00:00,100052600,0
2023-01-01 07:00:00,100052602,0
2023-01-01 07:00:00,100052603,0
2023-01-01 07:00:00,100052604,0
2023-01-01 07:00:00,100052605,0
2023-01-01 07:00:00,100052606,0
2023-01-01 07:00:00,100053055,0
2023-01-01 07:00:00,100053059,0
2023-01-01 07:00:00,100053209,1
2023-01-01 07:00:00,100053210,1
2023-01-01 07:00:00,100054073,1
2023-01-01 07:00:00,100054241,0
2023-01-01 07:00:00,100054585,0
2023-01-01 07:00:00,100055268,0
2023-01-01 07:00:00,100056188,0
2023-01-01 07:00:00,100057050,0
2023-01-01 07:00:00,100057051,0
2023-01-01 07:00:00,100057052,0
2023-01-01 07:00:00,100057053,0
2023-01-01 07:00:00,300014916,2
2023-01-01 07:00:00,300014985,0
2023-01-01 07:00:00,300014986,2
2023-01-01 07:00:00,300014993,0
2023-01-01 07:00:00,300014994,1
2023-01-01 07:00:00,300014995,2
2023-01-01 07:00:00,300014996,0
2023-01-01 07:00:00,300020478,1
2023-01-01 07:00:00,300020679,3
2023-01-01 07:00:00,300020816,2
2023-01-01 07:00:00,300020817,1
2023-01-01 07:00:00,300021685,0
2023-01-01 07:00:00,300022314,1
2023-01-01 07:00:00,300028650,1
2023-01-01 07:00:00,300032161,0
2023-01-01 08:00:00,100001753,1
2023-01-01 08:00:00,100002880,7
2023-01-01 08:00:00,100003032,1
2023-01-01 08:00:00,100003034,2
2023-01-01 08:00:00,100003039,1
2023-01-01 08:00:00,100003040,0
2023-01-01 08:00:00,100003041,7
2023-01-01 08:00:00,100003042,0
2023-01-01 08:00:00,100004575,0
2023-01-01 08:00:00,100007390,2
2023-01-01 08:00:00,100011747,0
2023-01-01 08:00:00,100011748,0
2023-01-01 08:00:00,100011783,1
2023-01-01 08:00:00,100012217,0
2023-01-01 08:00:00,100012218,0
2023-01-01 08:00:00,100017441,0
2023-01-01 08:00:00,100017523,0
2023-01-01 08:00:00,100025474,2
2023-01-01 08:00:00,100034805,0
2023-01-01 08:00:00,100035408,0
2023-01-01 08:00:00,100035409,1
2023-01-01 08:00:00,100041114,0
2023-01-01 08:00:00,100047030,0
2023-01-01 08:00:00,100052600,0
2023-01-01 08:00:00,100052602,0
2023-01-01 08:00:00,100052603,0
2023-01-01 08:00:00,100052604,0
2023-01-01 08:00:00,100052605,1
2023-01-01 08:00:00,100052606,0
2023-01-01 08:00:00,100053055,0
2023-01-01 08:00:00,100053059,0
2023-01-01 08:00:00,100053209,0
2023-01-01 08:00:00,100053210,0
2023-01-01 08:00:00,100054073,0
2023-01-01 08:00:00,100054241,0
2023-01-01 08:00:00,100054585,0
2023-01-01 08:00:00,100055268,0
2023-01-01 08:00:00,100056188,0
2023-01-01 08:00:00,100057050,0
2023-01-01 08:00:00,100057051,0
2023-01-01 08:00:00,100057052,0
2023-01-01 08:00:00,100057053,0
2023-01-01 08:00:00,300014916,1
2023-01-01 08:00:00,300014985,0
2023-01-01 08:00:00,300014986,1
2023-01-01 08:00:00,300014993,2
2023-01-01 08:00:00,300014994,2
2023-01-01 08:00:00,300014995,0
2023-01-01 08:00:00,300014996,1
2023-01-01 08:00:00,300020478,0
2023-01-01 08:00:00,300020679,1
2023-01-01 08:00:00,300020816,0
2023-01-01 08:00:00,300020817,1
2023-01-01 08:00:00,300021685,0
2023-01-01 08:00:00,300022314,0
2023-01-01 08:00:00,300028650,0
2023-01-01 08:00:00,300032161,0
2023-01-01 09:00:00,100001753,0
2023-01-01 09:00:00,100002880,4
2023-01-01 09:00:00,100003032,3
2023-01-01 09:00:00,100003034,5
2023-01-01 09:00:00,100003039,2
2023-01-01 09:00:00,100003040,0
2023-01-01 09:00:00,100003041,0
2023-01-01 09:00:00,100003042,0
2023-01-01 09:00:00,100004575,0
2023-01-01 09:00:00,100007390,3
2023-01-01 09:00:00,100011747,0
2023-01-01 09:00:00,100011748,1
2023-01-01 09:00:00,100011783,0
2023-01-01 09:00:00,100012217,0
2023-01-01 09:00:00,100012218,0
2023-01-01 09:00:00,100017441,2
2023-01-01 09:00:00,100017523,0
2023-01-01 09:00:00,100025474,3
2023-01-01 09:00:00,100034805,0
2023-01-01 09:00:00,100035408,0
2023-01-01 09:00:00,100035409,1
2023-01-01 09:00:00,100041114,1
2023-01-01 09:00:00,100047030,0
2023-01-01 09:00:00,100052600,1
2023-01-01 09:00:00,100052602,0
2023-01-01 09:00:00,100052603,0
2023-01-01 09:00:00,100052604,0
2023-01-01 09:00:00,100052605,0
2023-01-01 09:00:00,100052606,1
2023-01-01 09:00:00,100053055,1
2023-01-01 09:00:00,100053059,0
2023-01-01 09:00:00,100053209,2
2023-01-01 09:00:00,100053210,0
2023-01-01 09:00:00,100054073,3
2023-01-01 09:00:00,100054241,0
2023-01-01 09:00:00,100054585,3
2023-01-01 09:00:00,100055268,0
2023-01-01 09:00:00,100056188,0
2023-01-01 09:00:00,100057050,3
2023-01-01 09:00:00,100057051,0
2023-01-01 09:00:00,100057052,0
2023-01-01 09:00:00,100057053,0
2023-01-01 09:00:00,300014916,1
2023-01-01 09:00:00,300014985,0
2023-01-01 09:00:00,300014986,0
2023-01-01 09:00:00,300014993,1
2023-01-01 09:00:00,300014994,1
2023-01-01 09:00:00,300014995,1
2023-01-01 09:00:00,300014996,1
2023-01-01 09:00:00,300020478,1
2023-01-01 09:00:00,300020679,5
2023-01-01 09:00:00,300020816,1
2023-01-01 09:00:00,300020817,0
2023-01-01 09:00:00,300021685,0
2023-01-01 09:00:00,300022314,2
2023-01-01 09:00:00,300028650,2
2023-01-01 09:00:00,300032161,0
2023-01-01 10:00:00,100001753,4
2023-01-01 10:00:00,100002880,15
2023-01-01 10:00:00,100003032,3
2023-01-01 10:00:00,100003034,5
2023-01-01 10:00:00,100003039,2
2023-01-01 10:00:00,100003040,1
2023-01-01 10:00:00,100003041,4
2023-01-01 10:00:00,100003042,1
2023-01-01 10:00:00,100004575,0
2023-01-01 10:00:00,100007390,5
2023-01-01 10:00:00,100011747,0
2023-01-01 10:00:00,100011748,3
2023-01-01 10:00:00,100011783,1
2023-01-01 10:00:00,100012217,1
2023-01-01 10:00:00,100012218,2
2023-01-01 10:00:00,100017441,1
2023-01-01 10:00:00,100017523,0
2023-01-01 10:00:00,100025474,2
2023-01-01 10:00:00,100034805,0
2023-01-01 10:00:00,100035408,0
2023-01-01 10:00:00,100035409,0
2023-01-01 10:00:00,100041114,1
2023-01-01 10:00:00,100047030,0
2023-01-01 10:00:00,100052600,1
2023-01-01 10:00:00,100052602,1
2023-01-01 10:00:00,100052603,0
2023-01-01 10:00:00,100052604,0
2023-01-01 10:00:00,100052605,0
2023-01-01 10:00:00,100052606,0
2023-01-01 10:00:00,100053055,0
2023-01-01 10:00:00,100053059,2
2023-01-01 10:00:00,100053209,2
2023-01-01 10:00:00,100053210,1
2023-01-01 10:00:00,100054073,0
2023-01-01 10:00:00,100054241,0
2023-01-01 10:00:00,100054585,2
2023-01-01 10:00:00,100055268,0
2023-01-01 10:00:00,100056188,0
2023-01-01 10:00:00,100057050,0
2023-01-01 10:00:00,100057051,0
2023-01-01 10:00:00,100057052,0
2023-01-01 10:00:00,100057053,0
2023-01-01 10:00:00,300014916,1
2023-01-01 10:00:00,300014985,0
2023-01-01 10:00:00,300014986,1
2023-01-01 10:00:00,300014993,1
2023-01-01 10:00:00,300014994,1
2023-01-01 10:00:00,300014995,1
2023-01-01 10:00:00,300014996,1
2023-01-01 10:00:00,300020478,1
2023-01-01 10:00:00,300020679,2
2023-01-01 10:00:00,300020816,0
2023-01-01 10:00:00,300020817,2
2023-01-01 10:00:00,300021685,0
2023-01-01 10:00:00,300022314,0
2023-01-01 10:00:00,300028650,0
2023-01-01 10:00:00,300032161,0
2023-01-01 11:00:00,100001753,5
2023-01-01 11:00:00,100002880,10
2023-01-01 11:00:00,100003032,1
2023-01-01 11:00:00,100003034,2
2023-01-01 11:00:00,100003039,4
2023-01-01 11:00:00,100003040,0
2023-01-01 11:00:00,100003041,0
2023-01-01 11:00:00,100003042,0
2023-01-01 11:00:00,100004575,0
2023-01-01 11:00:00,100007390,8
2023-01-01 11:00:00,100011747,0
2023-01-01 11:00:00,100011748,3
2023-01-01 11:00:00,100011783,4
2023-01-01 11:00:00,100012217,5
2023-01-01 11:00:00,100012218,2
2023-01-01 11:00:00,100017441,0
2023-01-01 11:00:00,100017523,0
2023-01-01 11:00:00,100025474,9
2023-01-01 11:00:00,100034805,0
2023-01-01 11:00:00,100035408,1
2023-01-01 11:00:00,100035409,0
2023-01-01 11:00:00,100041114,0
2023-01-01 11:00:00,100047030,0
2023-01-01 11:00:00,100052600,2
2023-01-01 11:00:00,100052602,0
2023-01-01 11:00:00,100052603,2
2023-01-01 11:00:00,100052604,0
2023-01-01 11:00:00,100052605,0
2023-01-01 11:00:00,100052606,1
2023-01-01 11:00:00,100053055,1
2023-01-01 11:00:00,100053059,2
2023-01-01 11:00:00,100053209,2
2023-01-01 11:00:00,100053210,2
2023-01-01 11:00:00,100054073,1
2023-01-01 11:00:00,100054241,0
2023-01-01 11:00:00,100054585,0
2023-01-01 11:00:00,100055268,0
2023-01-01 11:00:00,100056188,0
2023-01-01 11:00:00,100057050,0
2023-01-01 11:00:00,100057051,0
2023-01-01 11:00:00,100057052,0
2023-01-01 11:00:00,100057053,0
2023-01-01 11:00:00,300014916,2
2023-01-01 11:00:00,300014985,0
2023-01-01 11:00:00,300014986,0
2023-01-01 11:00:00,300014993,4
2023-01-01 11:00:00,300014994,5
2023-01-01 11:00:00,300014995,3
2023-01-01 11:00:00,300014996,2
2023-01-01 11:00:00,300020478,5
2023-01-01 11:00:00,300020679,8
2023-01-01 11:00:00,300020816,5
2023-01-01 11:00:00,300020817,2
2023-01-01 11:00:00,300021685,0
2023-01-01 11:00:00,300022314,4
2023-01-01 11:00:00,300028650,2
2023-01-01 11:00:00,300032161,0
2023-01-01 12:00:00,100001753,2
2023-01-01 12:00:00,100002880,7
2023-01-01 12:00:00,100003032,8
2023-01-01 12:00:00,100003034,10
2023-01-01 12:00:00,100003039,4
2023-01-01 12:00:00,100003040,0
2023-01-01 12:00:00,100003041,0
2023-01-01 12:00:00,100003042,0
2023-01-01 12:00:00,100004575,0
2023-01-01 12:00:00,100007390,6
2023-01-01 12:00:00,100011747,0
2023-01-01 12:00:00,100011748,2
2023-01-01 12:00:00,100011783,5
2023-01-01 12:00:00,100012217,4
2023-01-01 12:00:00,100012218,4
2023-01-01 12:00:00,100017441,0
2023-01-01 12:00:00,100017523,0
2023-01-01 12:00:00,100025474,5
2023-01-01 12:00:00,100034805,0
2023-01-01 12:00:00,100035408,3
2023-01-01 12:00:00,100035409,0
2023-01-01 12:00:00,100041114,1
2023-01-01 12:00:00,100047030,0
2023-01-01 12:00:00,100052600,2
2023-01-01 12:00:00,100052602,1
2023-01-01 12:00:00,100052603,0
2023-01-01 12:00:00,100052604,1
2023-01-01 12:00:00,100052605,0
2023-01-01 12:00:00,100052606,0
2023-01-01 12:00:00,100053055,0
2023-01-01 12:00:00,100053059,2
2023-01-01 12:00:00,100053209,3
2023-01-01 12:00:00,100053210,2
2023-01-01 12:00:00,100054073,2
2023-01-01 12:00:00,100054241,0
2023-01-01 12:00:00,100054585,7
2023-01-01 12:00:00,100055268,0
2023-01-01 12:00:00,100056188,0
2023-01-01 12:00:00,100057050,0
2023-01-01 12:00:00,100057051,0
2023-01-01 12:00:00,100057052,0
2023-01-01 12:00:00,100057053,0
2023-01-01 12:00:00,300014916,5
2023-01-01 12:00:00,300014985,0
2023-01-01 12:00:00,300014986,4
2023-01-01 12:00:00,300014993,4
2023-01-01 12:00:00,300014994,5
2023-01-01 12:00:00,300014995,3
2023-01-01 12:00:00,300014996,9
2023-01-01 12:00:00,300020478,4
2023-01-01 12:00:00,300020679,7
2023-01-01 12:00:00,300020816,5
2023-01-01 12:00:00,300020817,3
2023-01-01 12:00:00,300021685,0
2023-01-01 12:00:00,300022314,0
2023-01-01 12:00:00,300028650,6
2023-01-01 12:00:00,300032161,0
2023-01-01 13:00:00,100001753,2
2023-01-01 13:00:00,100002880,4
2023-01-01 13:00:00,100003032,12
2023-01-01 13:00:00,100003034,6
2023-01-01 13:00:00,100003039,9
2023-01-01 13:00:00,100003040,1
2023-01-01 13:00:00,100003041,0
2023-01-01 13:00:00,100003042,3
2023-01-01 13:00:00,100004575,0
2023-01-01 13:00:00,100007390,7
2023-01-01 13:00:00,100011747,0
2023-01-01 13:00:00,100011748,2
2023-01-01 13:00:00,100011783,3
2023-01-01 13:00:00,100012217,4
2023-01-01 13:00:00,100012218,2
2023-01-01 13:00:00,100017441,2
2023-01-01 13:00:00,100017523,0
2023-01-01 13:00:00,100025474,7
2023-01-01 13:00:00,100034805,0
2023-01-01 13:00:00,100035408,3
2023-01-01 13:00:00,100035409,4
2023-01-01 13:00:00,100041114,0
2023-01-01 13:00:00,100047030,0
2023-01-01 13:00:00,100052600,9
2023-01-01 13:00:00,100052602,0
2023-01-01 13:00:00,100052603,1
2023-01-01 13:00:00,100052604,2
2023-01-01 13:00:00,100052605,1
2023-01-01 13:00:00,100052606,2
2023-01-01 13:00:00,100053055,2
2023-01-01 13:00:00,100053059,0
2023-01-01 13:00:00,100053209,7
2023-01-01 13:00:00,100053210,2
2023-01-01 13:00:00,100054073,2
2023-01-01 13:00:00,100054241,0
2023-01-01 13:00:00,100054585,4
2023-01-01 13:00:00,100055268,0
2023-01-01 13:00:00,100056188,0
2023-01-01 13:00:00,100057050,0
2023-01-01 13:00:00,100057051,0
2023-01-01 13:00:00,100057052,0
2023-01-01 13:00:00,100057053,0
2023-01-01 13:00:00,300014916,11
2023-01-01 13:00:00,300014985,0
2023-01-01 13:00:00,300014986,6
2023-01-01 13:00:00,300014993,2
2023-01-01 13:00:00,300014994,6
2023-01-01 13:00:00,300014995,6
2023-01-01 13:00:00,300014996,7
2023-01-01 13:00:00,300020478,5
2023-01-01 13:00:00,300020679,13
2023-01-01 13:00:00,300020816,5
2023-01-01 13:00:00,300020817,4
2023-01-01 13:00:00,300021685,0
2023-01-01 13:00:00,300022314,0
2023-01-01 13:00:00,300028650,4
2023-01-01 13:00:00,300032161,0
2023-01-01 14:00:00,100001753,4
2023-01-01 14:00:00,100002880,14
2023-01-01 14:00:00,100003032,11
2023-01-01 14:00:00,100003034,18
2023-01-01 14:00:00,100003039,15
2023-01-01 14:00:00,100003040,4
2023-01-01 14:00:00,100003041,11
2023-01-01 14:00:00,100003042,6
2023-01-01 14:00:00,100004575,0
2023-01-01 14:00:00,100007390,9
2023-01-01 14:00:00,100011747,0
2023-01-01 14:00:00,100011748,4
2023-01-01 14:00:00,100011783,1
2023-01-01 14:00:00,100012217,16
2023-01-01 14:00:00,100012218,1
2023-01-01 14:00:00,100017441,2
2023-01-01 14:00:00,100017523,0
2023-01-01 14:00:00,100025474,20
2023-01-01 14:00:00,100034805,0
2023-01-01 14:00:00,100035408,2
2023-01-01 14:00:00,100035409,4
2023-01-01 14:00:00,100041114,3
2023-01-01 14:00:00,100047030,0
2023-01-01 14:00:00,100052600,14
2023-01-01 14:00:00,100052602,2
2023-01-01 14:00:00,100052603,0
2023-01-01 14:00:00,100052604,1
2023-01-01 14:00:00,100052605,2
2023-01-01 14:00:00,100052606,1
2023-01-01 14:00:00,100053055,2
2023-01-01 14:00:00,100053059,0
2023-01-01 14:00:00,100053209,7
2023-01-01 14:00:00,100053210,3
2023-01-01 14:00:00,100054073,1
2023-01-01 14:00:00,100054241,0
2023-01-01 14:00:00,100054585,4
2023-01-01 14:00:00,100055268,0
2023-01-01 14:00:00,100056188,0
2023-01-01 14:00:00,100057050,0
2023-01-01 14:00:00,100057051,0
2023-01-01 14:00:00,100057052,0
2023-01-01 14:00:00,100057053,0
2023-01-01 14:00:00,300014916,11
2023-01-01 14:00:00,300014985,0
2023-01-01 14:00:00,300014986,5
2023-01-01 14:00:00,300014993,6
2023-01-01 14:00:00,300014994,7
2023-01-01 14:00:00,300014995,8
2023-01-01 14:00:00,300014996,2
2023-01-01 14:00:00,300020478,4
2023-01-01 14:00:00,300020679,16
2023-01-01 14:00:00,300020816,6
2023-01-01 14:00:00,300020817,8
2023-01-01 14:00:00,300021685,0
2023-01-01 14:00:00,300022314,2
2023-01-01 14:00:00,300028650,7
2023-01-01 14:00:00,300032161,0
2023-01-01 15:00:00,100001753,3
2023-01-01 15:00:00,100002880,29
2023-01-01 15:00:00,100003032,16
2023-01-01 15:00:00,100003034,20
2023-01-01 15:00:00,100003039,13
2023-01-01 15:00:00,100003040,0
2023-01-01 15:00:00,100003041,5
2023-01-01 15:00:00,100003042,6
2023-01-01 15:00:00,100004575,0
2023-01-01 15:00:00,100007390,15
2023-01-01 15:00:00,100011747,0
2023-01-01 15:00:00,100011748,4
2023-01-01 15:00:00,100011783,8
2023-01-01 15:00:00,100012217,17
2023-01-01 15:00:00,100012218,4
2023-01-01 15:00:00,100017441,4
2023-01-01 15:00:00,100017523,0
2023-01-01 15:00:00,100025474,14
2023-01-01 15:00:00,100034805,0
2023-01-01 15:00:00,100035408,3
2023-01-01 15:00:00,100035409,6
2023-01-01 15:00:00,100041114,2
2023-01-01 15:00:00,100047030,0
2023-01-01 15:00:00,100052600,11
2023-01-01 15:00:00,100052602,1
2023-01-01 15:00:00,100052603,0
2023-01-01 15:00:00,100052604,0
2023-01-01 15:00:00,100052605,4
2023-01-01 15:00:00,100052606,2
2023-01-01 15:00:00,100053055,0
2023-01-01 15:00:00,100053059,2
2023-01-01 15:00:00,100053209,10
2023-01-01 15:00:00,100053210,3
2023-01-01 15:00:00,100054073,1
2023-01-01 15:00:00,100054241,0
2023-01-01 15:00:00,100054585,12
2023-01-01 15:00:00,100055268,0
2023-01-01 15:00:00,100056188,0
2023-01-01 15:00:00,100057050,1
2023-01-01 15:00:00,100057051,0
2023-01-01 15:00:00,100057052,0
2023-01-01 15:00:00,100057053,0
2023-01-01 15:00:00,300014916,16
2023-01-01 15:00:00,300014985,0
2023-01-01 15:00:00,300014986,14
2023-01-01 15:00:00,300014993,7
2023-01-01 15:00:00,300014994,4
2023-01-01 15:00:00,300014995,10
2023-01-01 15:00:00,300014996,19
2023-01-01 15:00:00,300020478,5
2023-01-01 15:00:00,300020679,22
2023-01-01 15:00:00,300020816,6
2023-01-01 15:00:00,300020817,7
2023-01-01 15:00:00,300021685,0
2023-01-01 15:00:00,300022314,5
2023-01-01 15:00:00,300028650,8
2023-01-01 15:00:00,300032161,0
2023-01-01 16:00:00,100001753,1
2023-01-01 16:00:00,100002880,31
2023-01-01 16:00:00,100003032,11
2023-01-01 16:00:00,100003034,19
2023-01-01 16:00:00,100003039,11
2023-01-01 16:00:00,100003040,1
2023-01-01 16:00:00,100003041,4
2023-01-01 16:00:00,100003042,4
2023-01-01 16:00:00,100004575,0
2023-01-01 16:00:00,100007390,13
2023-01-01 16:00:00,100011747,0
2023-01-01 16:00:00,100011748,2
2023-01-01 16:00:00,100011783,6
2023-01-01 16:00:00,100012217,13
2023-01-01 16:00:00,100012218,4
2023-01-01 16:00:00,100017441,4
2023-01-01 16:00:00,100017523,0
2023-01-01 16:00:00,100025474,25
2023-01-01 16:00:00,100034805,0
2023-01-01 16:00:00,100035408,6
2023-01-01 16:00:00,100035409,1
2023-01-01 16:00:00,100041114,1
2023-01-01 16:00:00,100047030,0
2023-01-01 16:00:00,100052600,16
2023-01-01 16:00:00,100052602,1
2023-01-01 16:00:00,100052603,0
2023-01-01 16:00:00,100052604,0
2023-01-01 16:00:00,100052605,0
2023-01-01 16:00:00,100052606,1
2023-01-01 16:00:00,100053055,1
2023-01-01 16:00:00,100053059,0
2023-01-01 16:00:00,100053209,5
2023-01-01 16:00:00,100053210,2
2023-01-01 16:00:00,100054073,1
2023-01-01 16:00:00,100054241,0
2023-01-01 16:00:00,100054585,2
2023-01-01 16:00:00,100055268,0
2023-01-01 16:00:00,100056188,0
2023-01-01 16:00:00,100057050,0
2023-01-01 16:00:00,100057051,0
2023-01-01 16:00:00,100057052,0
2023-01-01 16:00:00,100057053,0
2023-01-01 16:00:00,300014916,9
2023-01-01 16:00:00,300014985,0
2023-01-01 16:00:00,300014986,17
2023-01-01 16:00:00,300014993,3
2023-01-01 16:00:00,300014994,5
2023-01-01 16:00:00,300014995,10
2023-01-01 16:00:00,300014996,9
2023-01-01 16:00:00,300020478,6
2023-01-01 16:00:00,300020679,15
2023-01-01 16:00:00,300020816,10
2023-01-01 16:00:00,300020817,5
2023-01-01 16:00:00,300021685,0
2023-01-01 16:00:00,300022314,2
2023-01-01 16:00:00,300028650,6
2023-01-01 16:00:00,300032161,0
2023-01-01 17:00:00,100001753,0
2023-01-01 17:00:00,100002880,13
2023-01-01 17:00:00,100003032,10
2023-01-01 17:00:00,100003034,10
2023-01-01 17:00:00,100003039,11
2023-01-01 17:00:00,100003040,0
2023-01-01 17:00:00,100003041,4
2023-01-01 17:00:00,100003042,3
2023-01-01 17:00:00,100004575,0
2023-01-01 17:00:00,100007390,6
2023-01-01 17:00:00,100011747,0
2023-01-01 17:00:00,100011748,1
2023-01-01 17:00:00,100011783,2
2023-01-01 17:00:00,100012217,2
2023-01-01 17:00:00,100012218,1
2023-01-01 17:00:00,100017441,3
2023-01-01 17:00:00,100017523,0
2023-01-01 17:00:00,100025474,21
2023-01-01 17:00:00,100034805,0
2023-01-01 17:00:00,100035408,1
2023-01-01 17:00:00,100035409,1
2023-01-01 17:00:00,100041114,0
2023-01-01 17:00:00,100047030,0
2023-01-01 17:00:00,100052600,8
2023-01-01 17:00:00,100052602,0
2023-01-01 17:00:00,100052603,0
2023-01-01 17:00:00,100052604,0
2023-01-01 17:00:00,100052605,0
2023-01-01 17:00:00,100052606,0
2023-01-01 17:00:00,100053055,1
2023-01-01 17:00:00,100053059,1
2023-01-01 17:00:00,100053209,2
2023-01-01 17:00:00,100053210,1
2023-01-01 17:00:00,100054073,0
2023-01-01 17:00:00,100054241,1
2023-01-01 17:00:00,100054585,0
2023-01-01 17:00:00,100055268,0
2023-01-01 17:00:00,100056188,0
2023-01-01 17:00:00,100057050,1
2023-01-01 17:00:00,100057051,0
2023-01-01 17:00:00,100057052,0
2023-01-01 17:00:00,100057053,0
2023-01-01 17:00:00,300014916,7
2023-01-01 17:00:00,300014985,0
2023-01-01 17:00:00,300014986,8
2023-01-01 17:00:00,300014993,9
2023-01-01 17:00:00,300014994,1
2023-01-01 17:00:00,300014995,7
2023-01-01 17:00:00,300014996,2
2023-01-01 17:00:00,300020478,7
2023-01-01 17:00:00,300020679,17
2023-01-01 17:00:00,300020816,7
2023-01-01 17:00:00,300020817,11
2023-01-01 17:00:00,300021685,0
2023-01-01 17:00:00,300022314,3
2023-01-01 17:00:00,300028650,4
2023-01-01 17:00:00,300032161,0
2023-01-01 18:00:00,100001753,2
2023-01-01 18:00:00,100002880,11
2023-01-01 18:00:00,100003032,9
2023-01-01 18:00:00,100003034,6
2023-01-01 18:00:00,100003039,8
2023-01-01 18:00:00,100003040,1
2023-01-01 18:00:00,100003041,8
2023-01-01 18:00:00,100003042,6
2023-01-01 18:00:00,100004575,0
2023-01-01 18:00:00,100007390,10
2023-01-01 18:00:00,100011747,0
2023-01-01 18:00:00,100011748,2
2023-01-01 18:00:00,100011783,1
2023-01-01 18:00:00,100012217,5
2023-01-01 18:00:00,100012218,0
2023-01-01 18:00:00,100017441,8
2023-01-01 18:00:00,100017523,0
2023-01-01 18:00:00,100025474,17
2023-01-01 18:00:00,100034805,0
2023-01-01 18:00:00,100035408,4
2023-01-01 18:00:00,100035409,4
2023-01-01 18:00:00,100041114,0
2023-01-01 18:00:00,100047030,1
2023-01-01 18:00:00,100052600,2
2023-01-01 18:00:00,100052602,0
2023-01-01 18:00:00,100052603,1
2023-01-01 18:00:00,100052604,0
2023-01-01 18:00:00,100052605,0
2023-01-01 18:00:00,100052606,1
2023-01-01 18:00:00,100053055,0
2023-01-01 18:00:00,100053059,0
2023-01-01 18:00:00,100053209,2
2023-01-01 18:00:00,100053210,0
2023-01-01 18:00:00,100054073,0
2023-01-01 18:00:00,100054241,0
2023-01-01 18:00:00,100054585,2
2023-01-01 18:00:00,100055268,0
2023-01-01 18:00:00,100056188,0
2023-01-01 18:00:00,100057050,0
2023-01-01 18:00:00,100057051,0
2023-01-01 18:00:00,100057052,0
2023-01-01 18:00:00,100057053,0
2023-01-01 18:00:00,300014916,4
2023-01-01 18:00:00,300014985,0
2023-01-01 18:00:00,300014986,6
2023-01-01 18:00:00,300014993,0
2023-01-01 18:00:00,300014994,2
2023-01-01 18:00:00,300014995,5
2023-01-01 18:00:00,300014996,11
2023-01-01 18:00:00,300020478,3
2023-01-01 18:00:00,300020679,7
2023-01-01 18:00:00,300020816,3
2023-01-01 18:00:00,300020817,1
2023-01-01 18:00:00,300021685,0
2023-01-01 18:00:00,300022314,1
2023-01-01 18:00:00,300028650,5
2023-01-01 18:00:00,300032161,0
2023-01-01 19:00:00,100001753,4
2023-01-01 19:00:00,100002880,6
2023-01-01 19:00:00,100003032,5
2023-01-01 19:00:00,100003034,10
2023-01-01 19:00:00,100003039,9
2023-01-01 19:00:00,100003040,1
2023-01-01 19:00:00,100003041,4
2023-01-01 19:00:00,100003042,2
2023-01-01 19:00:00,100004575,0
2023-01-01 19:00:00,100007390,4
2023-01-01 19:00:00,100011747,0
2023-01-01 19:00:00,100011748,4
2023-01-01 19:00:00,100011783,5
2023-01-01 19:00:00,100012217,1
2023-01-01 19:00:00,100012218,3
2023-01-01 19:00:00,100017441,1
2023-01-01 19:00:00,100017523,0
2023-01-01 19:00:00,100025474,8
2023-01-01 19:00:00,100034805,0
2023-01-01 19:00:00,100035408,6
2023-01-01 19:00:00,100035409,1
2023-01-01 19:00:00,100041114,0
2023-01-01 19:00:00,100047030,1
2023-01-01 19:00:00,100052600,5
2023-01-01 19:00:00,100052602,0
2023-01-01 19:00:00,100052603,0
2023-01-01 19:00:00,100052604,0
2023-01-01 19:00:00,100052605,0
2023-01-01 19:00:00,100052606,3
2023-01-01 19:00:00,100053055,0
2023-01-01 19:00:00,100053059,0
2023-01-01 19:00:00,100053209,0
2023-01-01 19:00:00,100053210,1
2023-01-01 19:00:00,100054073,0
2023-01-01 19:00:00,100054241,1
2023-01-01 19:00:00,100054585,2
2023-01-01 19:00:00,100055268,0
2023-01-01 19:00:00,100056188,0
2023-01-01 19:00:00,100057050,0
2023-01-01 19:00:00,100057051,0
2023-01-01 19:00:00,100057052,0
2023-01-01 19:00:00,100057053,0
2023-01-01 19:00:00,300014916,2
2023-01-01 19:00:00,300014985,0
2023-01-01 19:00:00,300014986,3
2023-01-01 19:00:00,300014993,2
2023-01-01 19:00:00,300014994,3
2023-01-01 19:00:00,300014995,3
2023-01-01 19:00:00,300014996,3
2023-01-01 19:00:00,300020478,3
2023-01-01 19:00:00,300020679,4
2023-01-01 19:00:00,300020816,4
2023-01-01 19:00:00,300020817,3
2023-01-01 19:00:00,300021685,0
2023-01-01 19:00:00,300022314,4
2023-01-01 19:00:00,300028650,3
2023-01-01 19:00:00,300032161,0
2023-01-01 20:00:00,100001753,4
2023-01-01 20:00:00,100002880,1
2023-01-01 20:00:00,100003032,5
2023-01-01 20:00:00,100003034,5
2023-01-01 20:00:00,100003039,8
2023-01-01 20:00:00,100003040,2
2023-01-01 20:00:00,100003041,0
2023-01-01 20:00:00,100003042,6
2023-01-01 20:00:00,100004575,0
2023-01-01 20:00:00,100007390,1
2023-01-01 20:00:00,100011747,0
2023-01-01 20:00:00,100011748,0
2023-01-01 20:00:00,100011783,0
2023-01-01 20:00:00,100012217,1
2023-01-01 20:00:00,100012218,1
2023-01-01 20:00:00,100017441,7
2023-01-01 20:00:00,100017523,0
2023-01-01 20:00:00,100025474,3
2023-01-01 20:00:00,100034805,0
2023-01-01 20:00:00,100035408,3
2023-01-01 20:00:00,100035409,0
2023-01-01 20:00:00,100041114,0
2023-01-01 20:00:00,100047030,0
2023-01-01 20:00:00,100052600,2
2023-01-01 20:00:00,100052602,0
2023-01-01 20:00:00,100052603,1
2023-01-01 20:00:00,100052604,0
2023-01-01 20:00:00,100052605,0
2023-01-01 20:00:00,100052606,1
2023-01-01 20:00:00,100053055,0
2023-01-01 20:00:00,100053059,2
2023-01-01 20:00:00,100053209,2
2023-01-01 20:00:00,100053210,1
2023-01-01 20:00:00,100054073,0
2023-01-01 20:00:00,100054241,0
2023-01-01 20:00:00,100054585,0
2023-01-01 20:00:00,100055268,2
2023-01-01 20:00:00,100056188,0
2023-01-01 20:00:00,100057050,0
2023-01-01 20:00:00,100057051,0
2023-01-01 20:00:00,100057052,0
2023-01-01 20:00:00,100057053,1
2023-01-01 20:00:00,300014916,7
2023-01-01 20:00:00,300014985,0
2023-01-01 20:00:00,300014986,1
2023-01-01 20:00:00,300014993,1
2023-01-01 20:00:00,300014994,0
2023-01-01 20:00:00,300014995,1
2023-01-01 20:00:00,300014996,3
2023-01-01 20:00:00,300020478,1
2023-01-01 20:00:00,300020679,7
2023-01-01 20:00:00,300020816,2
2023-01-01 20:00:00,300020817,1
2023-01-01 20:00:00,300021685,0
2023-01-01 20:00:00,300022314,3
2023-01-01 20:00:00,300028650,2
2023-01-01 20:00:00,300032161,0
2023-01-01 21:00:00,100001753,0
2023-01-01 21:00:00,100002880,1
2023-01-01 21:00:00,100003032,5
2023-01-01 21:00:00,100003034,7
2023-01-01 21:00:00,100003039,12
2023-01-01 21:00:00,100003040,0
2023-01-01 21:00:00,100003041,13
2023-01-01 21:00:00,100003042,1
2023-01-01 21:00:00,100004575,0
2023-01-01 21:00:00,100007390,5
2023-01-01 21:00:00,100011747,0
2023-01-01 21:00:00,100011748,1
2023-01-01 21:00:00,100011783,0
2023-01-01 21:00:00,100012217,3
2023-01-01 21:00:00,100012218,2
2023-01-01 21:00:00,100017441,3
2023-01-01 21:00:00,100017523,0
2023-01-01 21:00:00,100025474,8
2023-01-01 21:00:00,100034805,0
2023-01-01 21:00:00,100035408,2
2023-01-01 21:00:00,100035409,0
2023-01-01 21:00:00,100041114,0
2023-01-01 21:00:00,100047030,0
2023-01-01 21:00:00,100052600,0
2023-01-01 21:00:00,100052602,0
2023-01-01 21:00:00,100052603,1
2023-01-01 21:00:00,100052604,1
2023-01-01 21:00:00,100052605,0
2023-01-01 21:00:00,100052606,0
2023-01-01 21:00:00,100053055,0
2023-01-01 21:00:00,100053059,2
2023-01-01 21:00:00,100053209,0
2023-01-01 21:00:00,100053210,0
2023-01-01 21:00:00,100054073,1
2023-01-01 21:00:00,100054241,0
2023-01-01 21:00:00,100054585,0
2023-01-01 21:00:00,100055268,0
2023-01-01 21:00:00,100056188,0
2023-01-01 21:00:00,100057050,0
2023-01-01 21:00:00,100057051,0
2023-01-01 21:00:00,100057052,0
2023-01-01 21:00:00,100057053,1
2023-01-01 21:00:00,300014916,2
2023-01-01 21:00:00,300014985,0
2023-01-01 21:00:00,300014986,8
2023-01-01 21:00:00,300014993,0
2023-01-01 21:00:00,300014994,1
2023-01-01 21:00:00,300014995,6
2023-01-01 21:00:00,300014996,1
2023-01-01 21:00:00,300020478,2
2023-01-01 21:00:00,300020679,5
2023-01-01 21:00:00,300020816,1
2023-01-01 21:00:00,300020817,4
2023-01-01 21:00:00,300021685,0
2023-01-01 21:00:00,300022314,1
2023-01-01 21:00:00,300028650,3
2023-01-01 21:00:00,300032161,0
2023-01-01 22:00:00,100001753,4
2023-01-01 22:00:00,100002880,4
2023-01-01 22:00:00,100003032,4
2023-01-01 22:00:00,100003034,5
2023-01-01 22:00:00,100003039,8
2023-01-01 22:00:00,100003040,0
2023-01-01 22:00:00,100003041,0
2023-01-01 22:00:00,100003042,2
2023-01-01 22:00:00,100004575,0
2023-01-01 22:00:00,100007390,0
2023-01-01 22:00:00,100011747,0
2023-01-01 22:00:00,100011748,3
2023-01-01 22:00:00,100011783,2
2023-01-01 22:00:00,100012217,3
2023-01-01 22:00:00,100012218,1
2023-01-01 22:00:00,100017441,0
2023-01-01 22:00:00,100017523,0
2023-01-01 22:00:00,100025474,5
2023-01-01 22:00:00,100034805,0
2023-01-01 22:00:00,100035408,3
2023-01-01 22:00:00,100035409,1
2023-01-01 22:00:00,100041114,0
2023-01-01 22:00:00,100047030,0
2023-01-01 22:00:00,100052600,4
2023-01-01 22:00:00,100052602,0
2023-01-01 22:00:00,100052603,0
2023-01-01 22:00:00,100052604,0
2023-01-01 22:00:00,100052605,1
2023-01-01 22:00:00,100052606,1
2023-01-01 22:00:00,100053055,0
2023-01-01 22:00:00,100053059,1
2023-01-01 22:00:00,100053209,0
2023-01-01 22:00:00,100053210,1
2023-01-01 22:00:00,100054073,0
2023-01-01 22:00:00,100054241,1
2023-01-01 22:00:00,100054585,0
2023-01-01 22:00:00,100055268,15
2023-01-01 22:00:00,100056188,0
2023-01-01 22:00:00,100057050,1
2023-01-01 22:00:00,100057051,0
2023-01-01 22:00:00,100057052,0
2023-01-01 22:00:00,100057053,3
2023-01-01 22:00:00,300014916,1
2023-01-01 22:00:00,300014985,0
2023-01-01 22:00:00,300014986,5
2023-01-01 22:00:00,300014993,2
2023-01-01 22:00:00,300014994,1
2023-01-01 22:00:00,300014995,0
2023-01-01 22:00:00,300014996,3
2023-01-01 22:00:00,300020478,1
2023-01-01 22:00:00,300020679,7
2023-01-01 22:00:00,300020816,4
2023-01-01 22:00:00,300020817,2
2023-01-01 22:00:00,300021685,0
2023-01-01 22:00:00,300022314,0
2023-01-01 22:00:00,300028650,4
2023-01-01 22:00:00,300032161,0
2023-01-01 23:00:00,100001753,0
2023-01-01 23:00:00,100002880,8
2023-01-01 23:00:00,100003032,1
2023-01-01 23:00:00,100003034,6
2023-01-01 23:00:00,100003039,5
2023-01-01 23:00:00,100003040,1
2023-01-01 23:00:00,100003041,0
2023-01-01 23:00:00,100003042,0
2023-01-01 23:00:00,100004575,0
2023-01-01 23:00:00,100007390,5
2023-01-01 23:00:00,100011747,0
2023-01-01 23:00:00,100011748,0
2023-01-01 23:00:00,100011783,3
2023-01-01 23:00:00,100012217,1
2023-01-01 23:00:00,100012218,0
2023-01-01 23:00:00,100017441,2
2023-01-01 23:00:00,100017523,0
2023-01-01 23:00:00,100025474,2
2023-01-01 23:00:00,100034805,0
2023-01-01 23:00:00,100035408,1
2023-01-01 23:00:00,100035409,0
2023-01-01 23:00:00,100041114,0
2023-01-01 23:00:00,100047030,1
2023-01-01 23:00:00,100052600,0
2023-01-01 23:00:00,100052602,0
2023-01-01 23:00:00,100052603,0
2023-01-01 23:00:00,100052604,0
2023-01-01 23:00:00,100052605,0
2023-01-01 23:00:00,100052606,0
2023-01-01 23:00:00,100053055,0
2023-01-01 23:00:00,100053059,0
2023-01-01 23:00:00,100053209,0
2023-01-01 23:00:00,100053210,0
2023-01-01 23:00:00,100054073,0
2023-01-01 23:00:00,100054241,0
2023-01-01 23:00:00,100054585,0
2023-01-01 23:00:00,100055268,2
2023-01-01 23:00:00,100056188,0
2023-01-01 23:00:00,100057050,0
2023-01-01 23:00:00,100057051,0
2023-01-01 23:00:00,100057052,0
2023-01-01 23:00:00,100057053,16
2023-01-01 23:00:00,300014916,1
2023-01-01 23:00:00,300014985,0
2023-01-01 23:00:00,300014986,5
2023-01-01 23:00:00,300014993,0
2023-01-01 23:00:00,300014994,1
2023-01-01 23:00:00,300014995,2
2023-01-01 23:00:00,300014996,3
2023-01-01 23:00:00,300020478,4
2023-01-01 23:00:00,300020679,5
2023-01-01 23:00:00,300020816,0
2023-01-01 23:00:00,300020817,3
2023-01-01 23:00:00,300021685,1
2023-01-01 23:00:00,300022314,2
2023-01-01 23:00:00,300028650,0
2023-01-01 23:00:00,300032161,0
2023-01-02 00:00:00,100001753,2
2023-01-02 00:00:00,100002880,0
2023-01-02 00:00:00,100003032,2
2023-01-02 00:00:00,100003034,4
2023-01-02 00:00:00,100003039,5
2023-01-02 00:00:00,100003040,1
2023-01-02 00:00:00,100003041,0
2023-01-02 00:00:00,100003042,2
2023-01-02 00:00:00,100004575,0
2023-01-02 00:00:00,100007390,1
2023-01-02 00:00:00,100011747,0
2023-01-02 00:00:00,100011748,2
2023-01-02 00:00:00,100011783,1
2023-01-02 00:00:00,100012217,0
2023-01-02 00:00:00,100012218,0
2023-01-02 00:00:00,100017441,1
2023-01-02 00:00:00,100017523,0
2023-01-02 00:00:00,100025474,2
2023-01-02 00:00:00,100034805,0
2023-01-02 00:00:00,100035408,1
2023-01-02 00:00:00,100035409,0
2023-01-02 00:00:00,100041114,0
2023-01-02 00:00:00,100047030,0
2023-01-02 00:00:00,100052600,1
2023-01-02 00:00:00,100052602,0
2023-01-02 00:00:00,100052603,0
2023-01-02 00:00:00,100052604,0
2023-01-02 00:00:00,100052605,0
2023-01-02 00:00:00,100052606,1
2023-01-02 00:00:00,100053055,0
2023-01-02 00:00:00,100053059,0
2023-01-02 00:00:00,100053209,0
2023-01-02 00:00:00,100053210,3
2023-01-02 00:00:00,100054073,0
2023-01-02 00:00:00,100054241,0
2023-01-02 00:00:00,100054585,0
2023-01-02 00:00:00,100055268,4
2023-01-02 00:00:00,100056188,0
2023-01-02 00:00:00,100057050,0
2023-01-02 00:00:00,100057051,0
2023-01-02 00:00:00,100057052,0
2023-01-02 00:00:00,100057053,2
2023-01-02 00:00:00,300014916,2
2023-01-02 00:00:00,300014985,0
2023-01-02 00:00:00,300014986,2
2023-01-02 00:00:00,300014993,0
2023-01-02 00:00:00,300014994,2
2023-01-02 00:00:00,300014995,3
2023-01-02 00:00:00,300014996,2
2023-01-02 00:00:00,300020478,1
2023-01-02 00:00:00,300020679,4
2023-01-02 00:00:00,300020816,2
2023-01-02 00:00:00,300020817,0
2023-01-02 00:00:00,300021685,0
2023-01-02 00:00:00,300022314,2
2023-01-02 00:00:00,300028650,0
2023-01-02 00:00:00,300032161,0
2023-01-02 01:00:00,100001753,0
2023-01-02 01:00:00,100002880,0
2023-01-02 01:00:00,100003032,2
2023-01-02 01:00:00,100003034,1
2023-01-02 01:00:00,100003039,1
2023-01-02 01:00:00,100003040,0
2023-01-02 01:00:00,100003041,0
2023-01-02 01:00:00,100003042,0
2023-01-02 01:00:00,100004575,0
2023-01-02 01:00:00,100007390,0
2023-01-02 01:00:00,100011747,0
2023-01-02 01:00:00,100011748,0
2023-01-02 01:00:00,100011783,0
2023-01-02 01:00:00,100012217,0
2023-01-02 01:00:00,100012218,1
2023-01-02 01:00:00,100017441,0
2023-01-02 01:00:00,100017523,0
2023-01-02 01:00:00,100025474,2
2023-01-02 01:00:00,100034805,0
2023-01-02 01:00:00,100035408,1
2023-01-02 01:00:00,100035409,0
2023-01-02 01:00:00,100041114,0
2023-01-02 01:00:00,100047030,0
2023-01-02 01:00:00,100052600,3
2023-01-02 01:00:00,100052602,0
2023-01-02 01:00:00,100052603,0
2023-01-02 01:00:00,100052604,0
2023-01-02 01:00:00,100052605,0
2023-01-02 01:00:00,100052606,0
2023-01-02 01:00:00,100053055,0
2023-01-02 01:00:00,100053059,0
2023-01-02 01:00:00,100053209,0
2023-01-02 01:00:00,100053210,0
2023-01-02 01:00:00,100054073,0
2023-01-02 01:00:00,100054241,0
2023-01-02 01:00:00,100054585,0
2023-01-02 01:00:00,100055268,1
2023-01-02 01:00:00,100056188,0
2023-01-02 01:00:00,100057050,0
2023-01-02 01:00:00,100057051,0
2023-01-02 01:00:00,100057052,0
2023-01-02 01:00:00,100057053,0
2023-01-02 01:00:00,300014916,2
2023-01-02 01:00:00,300014985,0
2023-01-02 01:00:00,300014986,2
2023-01-02 01:00:00,300014993,0
2023-01-02 01:00:00,300014994,0
2023-01-02 01:00:00,300014995,0
2023-01-02 01:00:00,300014996,0
2023-01-02 01:00:00,300020478,1
2023-01-02 01:00:00,300020679,1
2023-01-02 01:00:00,300020816,0
2023-01-02 01:00:00,300020817,1
2023-01-02 01:00:00,300021685,0
2023-01-02 01:00:00,300022314,0
2023-01-02 01:00:00,300028650,0
2023-01-02 01:00:00,300032161,0
2023-01-02 02:00:00,100001753,0
2023-01-02 02:00:00,100002880,0
2023-01-02 02:00:00,100003032,0
2023-01-02 02:00:00,100003034,0
2023-01-02 02:00:00,100003039,3
2023-01-02 02:00:00,100003040,0
2023-01-02 02:00:00,100003041,0
2023-01-02 02:00:00,100003042,1
2023-01-02 02:00:00,100004575,0
2023-01-02 02:00:00,100007390,0
2023-01-02 02:00:00,100011747,0
2023-01-02 02:00:00,100011748,3
2023-01-02 02:00:00,100011783,0
2023-01-02 02:00:00,100012217,1
2023-01-02 02:00:00,100012218,0
2023-01-02 02:00:00,100017441,1
2023-01-02 02:00:00,100017523,0
2023-01-02 02:00:00,100025474,1
2023-01-02 02:00:00,100034805,0
2023-01-02 02:00:00,100035408,0
2023-01-02 02:00:00,100035409,0
2023-01-02 02:00:00,100041114,0
2023-01-02 02:00:00,100047030,0
2023-01-02 02:00:00,100052600,0
2023-01-02 02:00:00,100052602,0
2023-01-02 02:00:00,100052603,0
2023-01-02 02:00:00,100052604,0
2023-01-02 02:00:00,100052605,0
2023-01-02 02:00:00,100052606,0
2023-01-02 02:00:00,100053055,0
2023-01-02 02:00:00,100053059,0
2023-01-02 02:00:00,100053209,0
2023-01-02 02:00:00,100053210,0
2023-01-02 02:00:00,100054073,0
2023-01-02 02:00:00,100054241,0
2023-01-02 02:00:00,100054585,0
2023-01-02 02:00:00,100055268,0
2023-01-02 02:00:00,100056188,0
2023-01-02 02:00:00,100057050,0
2023-01-02 02:00:00,100057051,0
2023-01-02 02:00:00,100057052,0
2023-01-02 02:00:00,100057053,1
2023-01-02 02:00:00,300014916,0
2023-01-02 02:00:00,300014985,0
2023-01-02 02:00:00,300014986,0
2023-01-02 02:00:00,300014993,0
2023-01-02 02:00:00,300014994,0
2023-01-02 02:00:00,300014995,0
2023-01-02 02:00:00,300014996,0
2023-01-02 02:00:00,300020478,1
2023-01-02 02:00:00,300020679,0
2023-01-02 02:00:00,300020816,0
2023-01-02 02:00:00,300020817,0
2023-01-02 02:00:00,300021685,0
2023-01-02 02:00:00,300022314,0
2023-01-02 02:00:00,300028650,0
2023-01-02 02:00:00,300032161,0
2023-01-02 03:00:00,100001753,0
2023-01-02 03:00:00,100002880,0
2023-01-02 03:00:00,100003032,2
2023-01-02 03:00:00,100003034,1
2023-01-02 03:00:00,100003039,1
2023-01-02 03:00:00,100003040,0
2023-01-02 03:00:00,100003041,0
2023-01-02 03:00:00,100003042,0
2023-01-02 03:00:00,100004575,0
2023-01-02 03:00:00,100007390,0
2023-01-02 03:00:00,100011747,0
2023-01-02 03:00:00,100011748,0
2023-01-02 03:00:00,100011783,0
2023-01-02 03:00:00,100012217,0
2023-01-02 03:00:00,100012218,0
2023-01-02 03:00:00,100017441,0
2023-01-02 03:00:00,100017523,0
2023-01-02 03:00:00,100025474,0
2023-01-02 03:00:00,100034805,0
2023-01-02 03:00:00,100035408,0
2023-01-02 03:00:00,100035409,0
2023-01-02 03:00:00,100041114,0
2023-01-02 03:00:00,100047030,0
2023-01-02 03:00:00,100052600,0
2023-01-02 03:00:00,100052602,0
2023-01-02 03:00:00,100052603,0
2023-01-02 03:00:00,100052604,0
2023-01-02 03:00:00,100052605,0
2023-01-02 03:00:00,100052606,0
2023-01-02 03:00:00,100053055,0
2023-01-02 03:00:00,100053059,0
2023-01-02 03:00:00,100053209,0
2023-01-02 03:00:00,100053210,0
2023-01-02 03:00:00,100054073,0
2023-01-02 03:00:00,100054241,0
2023-01-02 03:00:00,100054585,0
2023-01-02 03:00:00,100055268,0
2023-01-02 03:00:00,100056188,0
2023-01-02 03:00:00,100057050,0
2023-01-02 03:00:00,100057051,0
2023-01-02 03:00:00,100057052,0
2023-01-02 03:00:00,100057053,0
2023-01-02 03:00:00,300014916,0
2023-01-02 03:00:00,300014985,0
2023-01-02 03:00:00,300014986,0
2023-01-02 03:00:00,300014993,0
2023-01-02 03:00:00,300014994,0
2023-01-02 03:00:00,300014995,0
2023-01-02 03:00:00,300014996,0
2023-01-02 03:00:00,300020478,0
2023-01-02 03:00:00,300020679,0
2023-01-02 03:00:00,300020816,0
2023-01-02 03:00:00,300020817,0
2023-01-02 03:00:00,300021685,0
2023-01-02 03:00:00,300022314,0
2023-01-02 03:00:00,300028650,0
2023-01-02 03:00:00,300032161,0
2023-01-02 04:00:00,100001753,0
2023-01-02 04:00:00,100002880,0
2023-01-02 04:00:00,100003032,2
2023-01-02 04:00:00,100003034,0
2023-01-02 04:00:00,100003039,1
2023-01-02 04:00:00,100003040,0
2023-01-02 04:00:00,100003041,0
2023-01-02 04:00:00,100003042,0
2023-01-02 04:00:00,100004575,0
2023-01-02 04:00:00,100007390,0
2023-01-02 04:00:00,100011747,0
2023-01-02 04:00:00,100011748,1
2023-01-02 04:00:00,100011783,0
2023-01-02 04:00:00,100012217,0
2023-01-02 04:00:00,100012218,0
2023-01-02 04:00:00,100017441,1
2023-01-02 04:00:00,100017523,0
2023-01-02 04:00:00,100025474,0
2023-01-02 04:00:00,100034805,0
2023-01-02 04:00:00,100035408,0
2023-01-02 04:00:00,100035409,0
2023-01-02 04:00:00,100041114,0
2023-01-02 04:00:00,100047030,0
2023-01-02 04:00:00,100052600,0
2023-01-02 04:00:00,100052602,0
2023-01-02 04:00:00,100052603,0
2023-01-02 04:00:00,100052604,0
2023-01-02 04:00:00,100052605,0
2023-01-02 04:00:00,100052606,0
2023-01-02 04:00:00,100053055,0
2023-01-02 04:00:00,100053059,0
2023-01-02 04:00:00,100053209,0
2023-01-02 04:00:00,100053210,0
2023-01-02 04:00:00,100054073,0
2023-01-02 04:00:00,100054241,0
2023-01-02 04:00:00,100054585,0
2023-01-02 04:00:00,100055268,0
2023-01-02 04:00:00,100056188,0
2023-01-02 04:00:00,100057050,0
2023-01-02 04:00:00,100057051,0
2023-01-02 04:00:00,100057052,0
2023-01-02 04:00:00,100057053,0
2023-01-02 04:00:00,300014916,0
2023-01-02 04:00:00,300014985,0
2023-01-02 04:00:00,300014986,0
2023-01-02 04:00:00,300014993,0
2023-01-02 04:00:00,300014994,0
2023-01-02 04:00:00,300014995,0
2023-01-02 04:00:00,300014996,2
2023-01-02 04:00:00,300020478,0
2023-01-02 04:00:00,300020679,0
2023-01-02 04:00:00,300020816,0
2023-01-02 04:00:00,300020817,0
2023-01-02 04:00:00,300021685,0
2023-01-02 04:00:00,300022314,0
2023-01-02 04:00:00,300028650,0
2023-01-02 04:00:00,300032161,0
2023-01-02 05:00:00,100001753,0
2023-01-02 05:00:00,100002880,0
2023-01-02 05:00:00,100003032,0
2023-01-02 05:00:00,100003034,1
2023-01-02 05:00:00,100003039,0
2023-01-02 05:00:00,100003040,1
2023-01-02 05:00:00,100003041,2
2023-01-02 05:00:00,100003042,1
2023-01-02 05:00:00,100004575,0
2023-01-02 05:00:00,100007390,0
2023-01-02 05:00:00,100011747,0
2023-01-02 05:00:00,100011748,0
2023-01-02 05:00:00,100011783,0
2023-01-02 05:00:00,100012217,0
2023-01-02 05:00:00,100012218,0
2023-01-02 05:00:00,100017441,1
2023-01-02 05:00:00,100017523,0
2023-01-02 05:00:00,100025474,1
2023-01-02 05:00:00,100034805,0
2023-01-02 05:00:00,100035408,0
2023-01-02 05:00:00,100035409,0
2023-01-02 05:00:00,100041114,0
2023-01-02 05:00:00,100047030,0
2023-01-02 05:00:00,100052600,1
2023-01-02 05:00:00,100052602,0
2023-01-02 05:00:00,100052603,1
2023-01-02 05:00:00,100052604,0
2023-01-02 05:00:00,100052605,1
2023-01-02 05:00:00,100052606,0
2023-01-02 05:00:00,100053055,0
2023-01-02 05:00:00,100053059,0
2023-01-02 05:00:00,100053209,0
2023-01-02 05:00:00,100053210,1
2023-01-02 05:00:00,100054073,0
2023-01-02 05:00:00,100054241,0
2023-01-02 05:00:00,100054585,0
2023-01-02 05:00:00,100055268,0
2023-01-02 05:00:00,100056188,0
2023-01-02 05:00:00,100057050,0
2023-01-02 05:00:00,100057051,0
2023-01-02 05:00:00,100057052,0
2023-01-02 05:00:00,100057053,0
2023-01-02 05:00:00,300014916,1
2023-01-02 05:00:00,300014985,0
2023-01-02 05:00:00,300014986,0
2023-01-02 05:00:00,300014993,1
2023-01-02 05:00:00,300014994,1
2023-01-02 05:00:00,300014995,0
2023-01-02 05:00:00,300014996,1
2023-01-02 05:00:00,300020478,0
2023-01-02 05:00:00,300020679,0
2023-01-02 05:00:00,300020816,1
2023-01-02 05:00:00,300020817,0
2023-01-02 05:00:00,300021685,0
2023-01-02 05:00:00,300022314,2
2023-01-02 05:00:00,300028650,1
2023-01-02 05:00:00,300032161,0
2023-01-02 06:00:00,100001753,2
2023-01-02 06:00:00,100002880,5
2023-01-02 06:00:00,100003032,3
2023-01-02 06:00:00,100003034,8
2023-01-02 06:00:00,100003039,7
2023-01-02 06:00:00,100003040,0
2023-01-02 06:00:00,100003041,0
2023-01-02 06:00:00,100003042,0
2023-01-02 06:00:00,100004575,0
2023-01-02 06:00:00,100007390,2
2023-01-02 06:00:00,100011747,0
2023-01-02 06:00:00,100011748,0
2023-01-02 06:00:00,100011783,5
2023-01-02 06:00:00,100012217,2
2023-01-02 06:00:00,100012218,2
2023-01-02 06:00:00,100017441,1
2023-01-02 06:00:00,100017523,0
2023-01-02 06:00:00,100025474,3
2023-01-02 06:00:00,100034805,0
2023-01-02 06:00:00,100035408,0
2023-01-02 06:00:00,100035409,0
2023-01-02 06:00:00,100041114,0
2023-01-02 06:00:00,100047030,0
2023-01-02 06:00:00,100052600,5
2023-01-02 06:00:00,100052602,1
2023-01-02 06:00:00,100052603,0
2023-01-02 06:00:00,100052604,0
2023-01-02 06:00:00,100052605,0
2023-01-02 06:00:00,100052606,0
2023-01-02 06:00:00,100053055,0
2023-01-02 06:00:00,100053059,0
2023-01-02 06:00:00,100053209,0
2023-01-02 06:00:00,100053210,2
2023-01-02 06:00:00,100054073,1
2023-01-02 06:00:00,100054241,0
2023-01-02 06:00:00,100054585,0
2023-01-02 06:00:00,100055268,0
2023-01-02 06:00:00,100056188,0
2023-01-02 06:00:00,100057050,0
2023-01-02 06:00:00,100057051,0
2023-01-02 06:00:00,100057052,0
2023-01-02 06:00:00,100057053,4
2023-01-02 06:00:00,300014916,5
2023-01-02 06:00:00,300014985,0
2023-01-02 06:00:00,300014986,1
2023-01-02 06:00:00,300014993,1
2023-01-02 06:00:00,300014994,1
2023-01-02 06:00:00,300014995,1
2023-01-02 06:00:00,300014996,5
2023-01-02 06:00:00,300020478,3
2023-01-02 06:00:00,300020679,3
2023-01-02 06:00:00,300020816,2
2023-01-02 06:00:00,300020817,1
2023-01-02 06:00:00,300021685,1
2023-01-02 06:00:00,300022314,3
2023-01-02 06:00:00,300028650,1
2023-01-02 06:00:00,300032161,0
2023-01-02 07:00:00,100001753,0
2023-01-02 07:00:00,100002880,6
2023-01-02 07:00:00,100003032,6
2023-01-02 07:00:00,100003034,3
2023-01-02 07:00:00,100003039,9
2023-01-02 07:00:00,100003040,0
2023-01-02 07:00:00,100003041,4
2023-01-02 07:00:00,100003042,3
2023-01-02 07:00:00,100004575,0
2023-01-02 07:00:00,100007390,4
2023-01-02 07:00:00,100011747,0
2023-01-02 07:00:00,100011748,1
2023-01-02 07:00:00,100011783,3
2023-01-02 07:00:00,100012217,1
2023-01-02 07:00:00,100012218,1
2023-01-02 07:00:00,100017441,3
2023-01-02 07:00:00,100017523,0
2023-01-02 07:00:00,100025474,7
2023-01-02 07:00:00,100034805,0
2023-01-02 07:00:00,100035408,2
2023-01-02 07:00:00,100035409,2
2023-01-02 07:00:00,100041114,1
2023-01-02 07:00:00,100047030,0
2023-01-02 07:00:00,100052600,2
2023-01-02 07:00:00,100052602,0
2023-01-02 07:00:00,100052603,0
2023-01-02 07:00:00,100052604,0
2023-01-02 07:00:00,100052605,0
2023-01-02 07:00:00,100052606,0
2023-01-02 07:00:00,100053055,1
2023-01-02 07:00:00,100053059,0
2023-01-02 07:00:00,100053209,0
2023-01-02 07:00:00,100053210,0
2023-01-02 07:00:00,100054073,0
2023-01-02 07:00:00,100054241,0
2023-01-02 07:00:00,100054585,1
2023-01-02 07:00:00,100055268,0
2023-01-02 07:00:00,100056188,0
2023-01-02 07:00:00,100057050,0
2023-01-02 07:00:00,100057051,0
2023-01-02 07:00:00,100057052,0
2023-01-02 07:00:00,100057053,0
2023-01-02 07:00:00,300014916,5
2023-01-02 07:00:00,300014985,0
2023-01-02 07:00:00,300014986,4
2023-01-02 07:00:00,300014993,4
2023-01-02 07:00:00,300014994,0
2023-01-02 07:00:00,300014995,2
2023-01-02 07:00:00,300014996,6
2023-01-02 07:00:00,300020478,5
2023-01-02 07:00:00,300020679,5
2023-01-02 07:00:00,300020816,6
2023-01-02 07:00:00,300020817,3
2023-01-02 07:00:00,300021685,0
2023-01-02 07:00:00,300022314,1
2023-01-02 07:00:00,300028650,0
2023-01-02 07:00:00,300032161,0
2023-01-02 08:00:00,100001753,4
2023-01-02 08:00:00,100002880,6
2023-01-02 08:00:00,100003032,7
2023-01-02 08:00:00,100003034,6
2023-01-02 08:00:00,100003039,5
2023-01-02 08:00:00,100003040,0
2023-01-02 08:00:00,100003041,5
2023-01-02 08:00:00,100003042,5
2023-01-02 08:00:00,100004575,0
2023-01-02 08:00:00,100007390,7
2023-01-02 08:00:00,100011747,0
2023-01-02 08:00:00,100011748,3
2023-01-02 08:00:00,100011783,2
2023-01-02 08:00:00,100012217,5
2023-01-02 08:00:00,100012218,4
2023-01-02 08:00:00,100017441,6
2023-01-02 08:00:00,100017523,0
2023-01-02 08:00:00,100025474,14
2023-01-02 08:00:00,100034805,0
2023-01-02 08:00:00,100035408,0
2023-01-02 08:00:00,100035409,1
2023-01-02 08:00:00,100041114,0
2023-01-02 08:00:00,100047030,0
2023-01-02 08:00:00,100052600,4
2023-01-02 08:00:00,100052602,0
2023-01-02 08:00:00,100052603,1
2023-01-02 08:00:00,100052604,1
2023-01-02 08:00:00,100052605,3
2023-01-02 08:00:00,100052606,0
2023-01-02 08:00:00,100053055,0
2023-01-02 08:00:00,100053059,0
2023-01-02 08:00:00,100053209,1
2023-01-02 08:00:00,100053210,1
2023-01-02 08:00:00,100054073,0
2023-01-02 08:00:00,100054241,0
2023-01-02 08:00:00,100054585,1
2023-01-02 08:00:00,100055268,0
2023-01-02 08:00:00,100056188,0
2023-01-02 08:00:00,100057050,0
2023-01-02 08:00:00,100057051,0
2023-01-02 08:00:00,100057052,0
2023-01-02 08:00:00,100057053,0
2023-01-02 08:00:00,300014916,6
2023-01-02 08:00:00,300014985,0
2023-01-02 08:00:00,300014986,4
2023-01-02 08:00:00,300014993,2
2023-01-02 08:00:00,300014994,2
2023-01-02 08:00:00,300014995,3
2023-01-02 08:00:00,300014996,6
2023-01-02 08:00:00,300020478,1
2023-01-02 08:00:00,300020679,10
2023-01-02 08:00:00,300020816,1
2023-01-02 08:00:00,300020817,3
2023-01-02 08:00:00,300021685,0
2023-01-02 08:00:00,300022314,1
2023-01-02 08:00:00,300028650,3
2023-01-02 08:00:00,300032161,0
2023-01-02 09:00:00,100001753,5
2023-01-02 09:00:00,100002880,10
2023-01-02 09:00:00,100003032,7
2023-01-02 09:00:00,100003034,8
2023-01-02 09:00:00,100003039,6
2023-01-02 09:00:00,100003040,0
2023-01-02 09:00:00,100003041,4
2023-01-02 09:00:00,100003042,3
2023-01-02 09:00:00,100004575,0
2023-01-02 09:00:00,100007390,16
2023-01-02 09:00:00,100011747,0
2023-01-02 09:00:00,100011748,7
2023-01-02 09:00:00,100011783,1
2023-01-02 09:00:00,100012217,11
2023-01-02 09:00:00,100012218,4
2023-01-02 09:00:00,100017441,0
2023-01-02 09:00:00,100017523,0
2023-01-02 09:00:00,100025474,24
2023-01-02 09:00:00,100034805,0
2023-01-02 09:00:00,100035408,4
2023-01-02 09:00:00,100035409,4
2023-01-02 09:00:00,100041114,2
2023-01-02 09:00:00,100047030,0
2023-01-02 09:00:00,100052600,1
2023-01-02 09:00:00,100052602,0
2023-01-02 09:00:00,100052603,1
2023-01-02 09:00:00,100052604,1
2023-01-02 09:00:00,100052605,1
2023-01-02 09:00:00,100052606,0
2023-01-02 09:00:00,100053055,0
2023-01-02 09:00:00,100053059,1
2023-01-02 09:00:00,100053209,2
2023-01-02 09:00:00,100053210,1
2023-01-02 09:00:00,100054073,0
2023-01-02 09:00:00,100054241,2
2023-01-02 09:00:00,100054585,3
2023-01-02 09:00:00,100055268,0
2023-01-02 09:00:00,100056188,0
2023-01-02 09:00:00,100057050,1
2023-01-02 09:00:00,100057051,0
2023-01-02 09:00:00,100057052,0
2023-01-02 09:00:00,100057053,0
2023-01-02 09:00:00,300014916,5
2023-01-02 09:00:00,300014985,0
2023-01-02 09:00:00,300014986,1
2023-01-02 09:00:00,300014993,4
2023-01-02 09:00:00,300014994,2
2023-01-02 09:00:00,300014995,4
2023-01-02 09:00:00,300014996,7
2023-01-02 09:00:00,300020478,3
2023-01-02 09:00:00,300020679,14
2023-01-02 09:00:00,300020816,5
2023-01-02 09:00:00,300020817,4
2023-01-02 09:00:00,300021685,0
2023-01-02 09:00:00,300022314,0
2023-01-02 09:00:00,300028650,5
2023-01-02 09:00:00,300032161,0
2023-01-02 10:00:00,100001753,1
2023-01-02 10:00:00,100002880,14
2023-01-02 10:00:00,100003032,5
2023-01-02 10:00:00,100003034,12
2023-01-02 10:00:00,100003039,5
2023-01-02 10:00:00,100003040,0
2023-01-02 10:00:00,100003041,20
2023-01-02 10:00:00,100003042,4
2023-01-02 10:00:00,100004575,0
2023-01-02 10:00:00,100007390,17
2023-01-02 10:00:00,100011747,0
2023-01-02 10:00:00,100011748,4
2023-01-02 10:00:00,100011783,5
2023-01-02 10:00:00,100012217,3
2023-01-02 10:00:00,100012218,2
2023-01-02 10:00:00,100017441,3
2023-01-02 10:00:00,100017523,0
2023-01-02 10:00:00,100025474,21
2023-01-02 10:00:00,100034805,0
2023-01-02 10:00:00,100035408,3
2023-01-02 10:00:00,100035409,1
2023-01-02 10:00:00,100041114,1
2023-01-02 10:00:00,100047030,0
2023-01-02 10:00:00,100052600,4
2023-01-02 10:00:00,100052602,0
2023-01-02 10:00:00,100052603,0
2023-01-02 10:00:00,100052604,0
2023-01-02 10:00:00,100052605,4
2023-01-02 10:00:00,100052606,0
2023-01-02 10:00:00,100053055,1
2023-01-02 10:00:00,100053059,3
2023-01-02 10:00:00,100053209,2
2023-01-02 10:00:00,100053210,1
2023-01-02 10:00:00,100054073,0
2023-01-02 10:00:00,100054241,0
2023-01-02 10:00:00,100054585,4
2023-01-02 10:00:00,100055268,0
2023-01-02 10:00:00,100056188,0
2023-01-02 10:00:00,100057050,0
2023-01-02 10:00:00,100057051,0
2023-01-02 10:00:00,100057052,0
2023-01-02 10:00:00,100057053,0
2023-01-02 10:00:00,300014916,6
2023-01-02 10:00:00,300014985,0
2023-01-02 10:00:00,300014986,6
2023-01-02 10:00:00,300014993,1
2023-01-02 10:00:00,300014994,0
2023-01-02 10:00:00,300014995,6
2023-01-02 10:00:00,300014996,7
2023-01-02 10:00:00,300020478,5
2023-01-02 10:00:00,300020679,6
2023-01-02 10:00:00,300020816,2
2023-01-02 10:00:00,300020817,3
2023-01-02 10:00:00,300021685,2
2023-01-02 10:00:00,300022314,2
2023-01-02 10:00:00,300028650,3
2023-01-02 10:00:00,300032161,0
2023-01-02 11:00:00,100001753,1
2023-01-02 11:00:00,100002880,9
2023-01-02 11:00:00,100003032,11
2023-01-02 11:00:00,100003034,23
2023-01-02 11:00:00,100003039,9
2023-01-02 11:00:00,100003040,0
2023-01-02 11:00:00,100003041,4
2023-01-02 11:00:00,100003042,10
2023-01-02 11:00:00,100004575,1
2023-01-02 11:00:00,100007390,21
2023-01-02 11:00:00,100011747,0
2023-01-02 11:00:00,100011748,0
2023-01-02 11:00:00,100011783,4
2023-01-02 11:00:00,100012217,17
2023-01-02 11:00:00,100012218,5
2023-01-02 11:00:00,100017441,4
2023-01-02 11:00:00,100017523,0
2023-01-02 11:00:00,100025474,36
2023-01-02 11:00:00,100034805,0
2023-01-02 11:00:00,100035408,6
2023-01-02 11:00:00,100035409,3
2023-01-02 11:00:00,100041114,1
2023-01-02 11:00:00,100047030,0
2023-01-02 11:00:00,100052600,16
2023-01-02 11:00:00,100052602,1
2023-01-02 11:00:00,100052603,0
2023-01-02 11:00:00,100052604,0
2023-01-02 11:00:00,100052605,3
2023-01-02 11:00:00,100052606,1
2023-01-02 11:00:00,100053055,0
2023-01-02 11:00:00,100053059,2
2023-01-02 11:00:00,100053209,2
2023-01-02 11:00:00,100053210,3
2023-01-02 11:00:00,100054073,2
2023-01-02 11:00:00,100054241,0
2023-01-02 11:00:00,100054585,2
2023-01-02 11:00:00,100055268,0
2023-01-02 11:00:00,100056188,0
2023-01-02 11:00:00,100057050,0
2023-01-02 11:00:00,100057051,0
2023-01-02 11:00:00,100057052,0
2023-01-02 11:00:00,100057053,0
2023-01-02 11:00:00,300014916,5
2023-01-02 11:00:00,300014985,0
2023-01-02 11:00:00,300014986,10
2023-01-02 11:00:00,300014993,6
2023-01-02 11:00:00,300014994,2
2023-01-02 11:00:00,300014995,5
2023-01-02 11:00:00,300014996,7
2023-01-02 11:00:00,300020478,5
2023-01-02 11:00:00,300020679,23
2023-01-02 11:00:00,300020816,10
2023-01-02 11:00:00,300020817,13
2023-01-02 11:00:00,300021685,0
2023-01-02 11:00:00,300022314,2
2023-01-02 11:00:00,300028650,5
2023-01-02 11:00:00,300032161,0
2023-01-02 12:00:00,100001753,6
2023-01-02 12:00:00,100002880,21
2023-01-02 12:00:00,100003032,16
2023-01-02 12:00:00,100003034,20
2023-01-02 12:00:00,100003039,12
2023-01-02 12:00:00,100003040,0
2023-01-02 12:00:00,100003041,10
2023-01-02 12:00:00,100003042,11
2023-01-02 12:00:00,100004575,0
2023-01-02 12:00:00,100007390,22
2023-01-02 12:00:00,100011747,0
2023-01-02 12:00:00,100011748,2
2023-01-02 12:00:00,100011783,9
2023-01-02 12:00:00,100012217,19
2023-01-02 12:00:00,100012218,4
2023-01-02 12:00:00,100017441,7
2023-01-02 12:00:00,100017523,0
2023-01-02 12:00:00,100025474,30
2023-01-02 12:00:00,100034805,0
2023-01-02 12:00:00,100035408,7
2023-01-02 12:00:00,100035409,4
2023-01-02 12:00:00,100041114,3
2023-01-02 12:00:00,100047030,2
2023-01-02 12:00:00,100052600,10
2023-01-02 12:00:00,100052602,1
2023-01-02 12:00:00,100052603,3
2023-01-02 12:00:00,100052604,0
2023-01-02 12:00:00,100052605,5
2023-01-02 12:00:00,100052606,9
2023-01-02 12:00:00,100053055,1
2023-01-02 12:00:00,100053059,1
2023-01-02 12:00:00,100053209,2
2023-01-02 12:00:00,100053210,5
2023-01-02 12:00:00,100054073,0
2023-01-02 12:00:00,100054241,1
2023-01-02 12:00:00,100054585,2
2023-01-02 12:00:00,100055268,0
2023-01-02 12:00:00,100056188,0
2023-01-02 12:00:00,100057050,0
2023-01-02 12:00:00,100057051,0
2023-01-02 12:00:00,100057052,0
2023-01-02 12:00:00,100057053,0
2023-01-02 12:00:00,300014916,10
2023-01-02 12:00:00,300014985,0
2023-01-02 12:00:00,300014986,10
2023-01-02 12:00:00,300014993,4
2023-01-02 12:00:00,300014994,1
2023-01-02 12:00:00,300014995,8
2023-01-02 12:00:00,300014996,21
2023-01-02 12:00:00,300020478,6
2023-01-02 12:00:00,300020679,25
2023-01-02 12:00:00,300020816,4
2023-01-02 12:00:00,300020817,10
2023-01-02 12:00:00,300021685,0
2023-01-02 12:00:00,300022314,2
2023-01-02 12:00:00,300028650,14
2023-01-02 12:00:00,300032161,0
2023-01-02 13:00:00,100001753,4
2023-01-02 13:00:00,100002880,23
2023-01-02 13:00:00,100003032,15
2023-01-02 13:00:00,100003034,38
2023-01-02 13:00:00,100003039,19
2023-01-02 13:00:00,100003040,2
2023-01-02 13:00:00,100003041,10
2023-01-02 13:00:00,100003042,7
2023-01-02 13:00:00,100004575,0
2023-01-02 13:00:00,100007390,21
2023-01-02 13:00:00,100011747,0
2023-01-02 13:00:00,100011748,7
2023-01-02 13:00:00,100011783,8
2023-01-02 13:00:00,100012217,13
2023-01-02 13:00:00,100012218,8
2023-01-02 13:00:00,100017441,8
2023-01-02 13:00:00,100017523,0
2023-01-02 13:00:00,100025474,31
2023-01-02 13:00:00,100034805,0
2023-01-02 13:00:00,100035408,11
2023-01-02 13:00:00,100035409,2
2023-01-02 13:00:00,100041114,1
2023-01-02 13:00:00,100047030,0
2023-01-02 13:00:00,100052600,18
2023-01-02 13:00:00,100052602,1
2023-01-02 13:00:00,100052603,2
2023-01-02 13:00:00,100052604,0
2023-01-02 13:00:00,100052605,3
2023-01-02 13:00:00,100052606,4
2023-01-02 13:00:00,100053055,0
2023-01-02 13:00:00,100053059,2
2023-01-02 13:00:00,100053209,5
2023-01-02 13:00:00,100053210,7
2023-01-02 13:00:00,100054073,5
2023-01-02 13:00:00,100054241,0
2023-01-02 13:00:00,100054585,5
2023-01-02 13:00:00,100055268,0
2023-01-02 13:00:00,100056188,0
2023-01-02 13:00:00,100057050,0
2023-01-02 13:00:00,100057051,0
2023-01-02 13:00:00,100057052,0
2023-01-02 13:00:00,100057053,0
2023-01-02 13:00:00,300014916,19
2023-01-02 13:00:00,300014985,0
2023-01-02 13:00:00,300014986,16
2023-01-02 13:00:00,300014993,9
2023-01-02 13:00:00,300014994,5
2023-01-02 13:00:00,300014995,18
2023-01-02 13:00:00,300014996,18
2023-01-02 13:00:00,300020478,15
2023-01-02 13:00:00,300020679,36
2023-01-02 13:00:00,300020816,8
2023-01-02 13:00:00,300020817,3
2023-01-02 13:00:00,300021685,0
2023-01-02 13:00:00,300022314,4
2023-01-02 13:00:00,300028650,10
2023-01-02 13:00:00,300032161,0
2023-01-02 14:00:00,100001753,7
2023-01-02 14:00:00,100002880,23
2023-01-02 14:00:00,100003032,26
2023-01-02 14:00:00,100003034,45
2023-01-02 14:00:00,100003039,21
2023-01-02 14:00:00,100003040,5
2023-01-02 14:00:00,100003041,68
2023-01-02 14:00:00,100003042,8
2023-01-02 14:00:00,100004575,0
2023-01-02 14:00:00,100007390,24
2023-01-02 14:00:00,100011747,0
2023-01-02 14:00:00,100011748,2
2023-01-02 14:00:00,100011783,6
2023-01-02 14:00:00,100012217,25
2023-01-02 14:00:00,100012218,8
2023-01-02 14:00:00,100017441,7
2023-01-02 14:00:00,100017523,0
2023-01-02 14:00:00,100025474,56
2023-01-02 14:00:00,100034805,0
2023-01-02 14:00:00,100035408,9
2023-01-02 14:00:00,100035409,6
2023-01-02 14:00:00,100041114,10
2023-01-02 14:00:00,100047030,0
2023-01-02 14:00:00,100052600,31
2023-01-02 14:00:00,100052602,0
2023-01-02 14:00:00,100052603,4
2023-01-02 14:00:00,100052604,1
2023-01-02 14:00:00,100052605,2
2023-01-02 14:00:00,100052606,0
2023-01-02 14:00:00,100053055,1
2023-01-02 14:00:00,100053059,1
2023-01-02 14:00:00,100053209,14
2023-01-02 14:00:00,100053210,3
2023-01-02 14:00:00,100054073,7
2023-01-02 14:00:00,100054241,0
2023-01-02 14:00:00,100054585,10
2023-01-02 14:00:00,100055268,0
2023-01-02 14:00:00,100056188,0
2023-01-02 14:00:00,100057050,0
2023-01-02 14:00:00,100057051,0
2023-01-02 14:00:00,100057052,0
2023-01-02 14:00:00,100057053,0
2023-01-02 14:00:00,300014916,21
2023-01-02 14:00:00,300014985,0
2023-01-02 14:00:00,300014986,20
2023-01-02 14:00:00,300014993,7
2023-01-02 14:00:00,300014994,16
2023-01-02 14:00:00,300014995,18
2023-01-02 14:00:00,300014996,15
2023-01-02 14:00:00,300020478,16
2023-01-02 14:00:00,300020679,36
2023-01-02 14:00:00,300020816,18
2023-01-02 14:00:00,300020817,10
2023-01-02 14:00:00,300021685,1
2023-01-02 14:00:00,300022314,3
2023-01-02 14:00:00,300028650,12
2023-01-02 14:00:00,300032161,0
2023-01-02 15:00:00,100001753,7
2023-01-02 15:00:00,100002880,33
2023-01-02 15:00:00,100003032,27
2023-01-02 15:00:00,100003034,38
2023-01-02 15:00:00,100003039,23
2023-01-02 15:00:00,100003040,1
2023-01-02 15:00:00,100003041,24
2023-01-02 15:00:00,100003042,15
2023-01-02 15:00:00,100004575,0
2023-01-02 15:00:00,100007390,35
2023-01-02 15:00:00,100011747,0
2023-01-02 15:00:00,100011748,14
2023-01-02 15:00:00,100011783,13
2023-01-02 15:00:00,100012217,29
2023-01-02 15:00:00,100012218,17
2023-01-02 15:00:00,100017441,21
2023-01-02 15:00:00,100017523,0
2023-01-02 15:00:00,100025474,52
2023-01-02 15:00:00,100034805,0
2023-01-02 15:00:00,100035408,13
2023-01-02 15:00:00,100035409,8
2023-01-02 15:00:00,100041114,3
2023-01-02 15:00:00,100047030,0
2023-01-02 15:00:00,100052600,21
2023-01-02 15:00:00,100052602,1
2023-01-02 15:00:00,100052603,3
2023-01-02 15:00:00,100052604,1
2023-01-02 15:00:00,100052605,6
2023-01-02 15:00:00,100052606,4
2023-01-02 15:00:00,100053055,0
2023-01-02 15:00:00,100053059,1
2023-01-02 15:00:00,100053209,7
2023-01-02 15:00:00,100053210,6
2023-01-02 15:00:00,100054073,3
2023-01-02 15:00:00,100054241,0
2023-01-02 15:00:00,100054585,7
2023-01-02 15:00:00,100055268,0
2023-01-02 15:00:00,100056188,0
2023-01-02 15:00:00,100057050,0
2023-01-02 15:00:00,100057051,0
2023-01-02 15:00:00,100057052,0
2023-01-02 15:00:00,100057053,0
2023-01-02 15:00:00,300014916,22
2023-01-02 15:00:00,300014985,0
2023-01-02 15:00:00,300014986,25
2023-01-02 15:00:00,300014993,17
2023-01-02 15:00:00,300014994,8
2023-01-02 15:00:00,300014995,24
2023-01-02 15:00:00,300014996,20
2023-01-02 15:00:00,300020478,12
2023-01-02 15:00:00,300020679,37
2023-01-02 15:00:00,300020816,13
2023-01-02 15:00:00,300020817,16
2023-01-02 15:00:00,300021685,0
2023-01-02 15:00:00,300022314,5
2023-01-02 15:00:00,300028650,10
2023-01-02 15:00:00,300032161,0
2023-01-02 16:00:00,100001753,5
2023-01-02 16:00:00,100002880,38
2023-01-02 16:00:00,100003032,26
2023-01-02 16:00:00,100003034,31
2023-01-02 16:00:00,100003039,38
2023-01-02 16:00:00,100003040,4
2023-01-02 16:00:00,100003041,13
2023-01-02 16:00:00,100003042,9
2023-01-02 16:00:00,100004575,0
2023-01-02 16:00:00,100007390,31
2023-01-02 16:00:00,100011747,0
2023-01-02 16:00:00,100011748,6
2023-01-02 16:00:00,100011783,11
2023-01-02 16:00:00,100012217,27
2023-01-02 16:00:00,100012218,13
2023-01-02 16:00:00,100017441,8
2023-01-02 16:00:00,100017523,0
2023-01-02 16:00:00,100025474,59
2023-01-02 16:00:00,100034805,0
2023-01-02 16:00:00,100035408,15
2023-01-02 16:00:00,100035409,7
2023-01-02 16:00:00,100041114,2
2023-01-02 16:00:00,100047030,0
2023-01-02 16:00:00,100052600,17
2023-01-02 16:00:00,100052602,0
2023-01-02 16:00:00,100052603,3
2023-01-02 16:00:00,100052604,2
2023-01-02 16:00:00,100052605,4
2023-01-02 16:00:00,100052606,1
2023-01-02 16:00:00,100053055,2
2023-01-02 16:00:00,100053059,3
2023-01-02 16:00:00,100053209,8
2023-01-02 16:00:00,100053210,6
2023-01-02 16:00:00,100054073,7
2023-01-02 16:00:00,100054241,0
2023-01-02 16:00:00,100054585,9
2023-01-02 16:00:00,100055268,0
2023-01-02 16:00:00,100056188,0
2023-01-02 16:00:00,100057050,1
2023-01-02 16:00:00,100057051,0
2023-01-02 16:00:00,100057052,0
2023-01-02 16:00:00,100057053,0
2023-01-02 16:00:00,300014916,6
2023-01-02 16:00:00,300014985,0
2023-01-02 16:00:00,300014986,21
2023-01-02 16:00:00,300014993,15
2023-01-02 16:00:00,300014994,10
2023-01-02 16:00:00,300014995,13
2023-01-02 16:00:00,300014996,17
2023-01-02 16:00:00,300020478,18
2023-01-02 16:00:00,300020679,34
2023-01-02 16:00:00,300020816,11
2023-01-02 16:00:00,300020817,10
2023-01-02 16:00:00,300021685,0
2023-01-02 16:00:00,300022314,4
2023-01-02 16:00:00,300028650,15
2023-01-02 16:00:00,300032161,0
2023-01-02 17:00:00,100001753,7
2023-01-02 17:00:00,100002880,20
2023-01-02 17:00:00,100003032,18
2023-01-02 17:00:00,100003034,26
2023-01-02 17:00:00,100003039,25
2023-01-02 17:00:00,100003040,1
2023-01-02 17:00:00,100003041,4
2023-01-02 17:00:00,100003042,10
2023-01-02 17:00:00,100004575,0
2023-01-02 17:00:00,100007390,24
2023-01-02 17:00:00,100011747,0
2023-01-02 17:00:00,100011748,2
2023-01-02 17:00:00,100011783,13
2023-01-02 17:00:00,100012217,15
2023-01-02 17:00:00,100012218,10
2023-01-02 17:00:00,100017441,11
2023-01-02 17:00:00,100017523,0
2023-01-02 17:00:00,100025474,43
2023-01-02 17:00:00,100034805,0
2023-01-02 17:00:00,100035408,3
2023-01-02 17:00:00,100035409,2
2023-01-02 17:00:00,100041114,0
2023-01-02 17:00:00,100047030,2
2023-01-02 17:00:00,100052600,10
2023-01-02 17:00:00,100052602,2
2023-01-02 17:00:00,100052603,1
2023-01-02 17:00:00,100052604,0
2023-01-02 17:00:00,100052605,2
2023-01-02 17:00:00,100052606,0
2023-01-02 17:00:00,100053055,0
2023-01-02 17:00:00,100053059,2
2023-01-02 17:00:00,100053209,2
2023-01-02 17:00:00,100053210,1
2023-01-02 17:00:00,100054073,1
2023-01-02 17:00:00,100054241,0
2023-01-02 17:00:00,100054585,1
2023-01-02 17:00:00,100055268,0
2023-01-02 17:00:00,100056188,0
2023-01-02 17:00:00,100057050,0
2023-01-02 17:00:00,100057051,0
2023-01-02 17:00:00,100057052,0
2023-01-02 17:00:00,100057053,0
2023-01-02 17:00:00,300014916,15
2023-01-02 17:00:00,300014985,0
2023-01-02 17:00:00,300014986,20
2023-01-02 17:00:00,300014993,6
2023-01-02 17:00:00,300014994,6
2023-01-02 17:00:00,300014995,16
2023-01-02 17:00:00,300014996,15
2023-01-02 17:00:00,300020478,14
2023-01-02 17:00:00,300020679,36
2023-01-02 17:00:00,300020816,19
2023-01-02 17:00:00,300020817,8
2023-01-02 17:00:00,300021685,0
2023-01-02 17:00:00,300022314,7
2023-01-02 17:00:00,300028650,6
2023-01-02 17:00:00,300032161,0
2023-01-02 18:00:00,100001753,2
2023-01-02 18:00:00,100002880,13
2023-01-02 18:00:00,100003032,12
2023-01-02 18:00:00,100003034,21
2023-01-02 18:00:00,100003039,28
2023-01-02 18:00:00,100003040,2
2023-01-02 18:00:00,100003041,22
2023-01-02 18:00:00,100003042,12
2023-01-02 18:00:00,100004575,0
2023-01-02 18:00:00,100007390,15
2023-01-02 18:00:00,100011747,0
2023-01-02 18:00:00,100011748,5
2023-01-02 18:00:00,100011783,6
2023-01-02 18:00:00,100012217,12
2023-01-02 18:00:00,100012218,6
2023-01-02 18:00:00,100017441,12
2023-01-02 18:00:00,100017523,0
2023-01-02 18:00:00,100025474,36
2023-01-02 18:00:00,100034805,0
2023-01-02 18:00:00,100035408,7
2023-01-02 18:00:00,100035409,0
2023-01-02 18:00:00,100041114,1
2023-01-02 18:00:00,100047030,1
2023-01-02 18:00:00,100052600,10
2023-01-02 18:00:00,100052602,2
2023-01-02 18:00:00,100052603,3
2023-01-02 18:00:00,100052604,0
2023-01-02 18:00:00,100052605,0
2023-01-02 18:00:00,100052606,2
2023-01-02 18:00:00,100053055,2
2023-01-02 18:00:00,100053059,2
2023-01-02 18:00:00,100053209,4
2023-01-02 18:00:00,100053210,0
2023-01-02 18:00:00,100054073,3
2023-01-02 18:00:00,100054241,0
2023-01-02 18:00:00,100054585,2
2023-01-02 18:00:00,100055268,0
2023-01-02 18:00:00,100056188,0
2023-01-02 18:00:00,100057050,0
2023-01-02 18:00:00,100057051,0
2023-01-02 18:00:00,100057052,0
2023-01-02 18:00:00,100057053,0
2023-01-02 18:00:00,300014916,9
2023-01-02 18:00:00,300014985,0
2023-01-02 18:00:00,300014986,13
2023-01-02 18:00:00,300014993,4
2023-01-02 18:00:00,300014994,0
2023-01-02 18:00:00,300014995,15
2023-01-02 18:00:00,300014996,10
2023-01-02 18:00:00,300020478,15
2023-01-02 18:00:00,300020679,26
2023-01-02 18:00:00,300020816,9
2023-01-02 18:00:00,300020817,4
2023-01-02 18:00:00,300021685,0
2023-01-02 18:00:00,300022314,5
2023-01-02 18:00:00,300028650,3
2023-01-02 18:00:00,300032161,0
2023-01-02 19:00:00,100001753,2
2023-01-02 19:00:00,100002880,7
2023-01-02 19:00:00,100003032,14
2023-01-02 19:00:00,100003034,11
2023-01-02 19:00:00,100003039,21
2023-01-02 19:00:00,100003040,1
2023-01-02 19:00:00,100003041,15
2023-01-02 19:00:00,100003042,6
2023-01-02 19:00:00,100004575,0
2023-01-02 19:00:00,100007390,14
2023-01-02 19:00:00,100011747,0
2023-01-02 19:00:00,100011748,4
2023-01-02 19:00:00,100011783,5
2023-01-02 19:00:00,100012217,9
2023-01-02 19:00:00,100012218,5
2023-01-02 19:00:00,100017441,4
2023-01-02 19:00:00,100017523,0
2023-01-02 19:00:00,100025474,17
2023-01-02 19:00:00,100034805,0
2023-01-02 19:00:00,100035408,4
2023-01-02 19:00:00,100035409,1
2023-01-02 19:00:00,100041114,0
2023-01-02 19:00:00,100047030,0
2023-01-02 19:00:00,100052600,5
2023-01-02 19:00:00,100052602,0
2023-01-02 19:00:00,100052603,1
2023-01-02 19:00:00,100052604,0
2023-01-02 19:00:00,100052605,1
2023-01-02 19:00:00,100052606,0
2023-01-02 19:00:00,100053055,1
2023-01-02 19:00:00,100053059,2
2023-01-02 19:00:00,100053209,1
2023-01-02 19:00:00,100053210,0
2023-01-02 19:00:00,100054073,4
2023-01-02 19:00:00,100054241,0
2023-01-02 19:00:00,100054585,0
2023-01-02 19:00:00,100055268,0
2023-01-02 19:00:00,100056188,0
2023-01-02 19:00:00,100057050,0
2023-01-02 19:00:00,100057051,0
2023-01-02 19:00:00,100057052,0
2023-01-02 19:00:00,100057053,0
2023-01-02 19:00:00,300014916,5
2023-01-02 19:00:00,300014985,0
2023-01-02 19:00:00,300014986,12
2023-01-02 19:00:00,300014993,2
2023-01-02 19:00:00,300014994,4
2023-01-02 19:00:00,300014995,6
2023-01-02 19:00:00,300014996,7
2023-01-02 19:00:00,300020478,4
2023-01-02 19:00:00,300020679,17
2023-01-02 19:00:00,300020816,5
2023-01-02 19:00:00,300020817,9
2023-01-02 19:00:00,300021685,0
2023-01-02 19:00:00,300022314,6
2023-01-02 19:00:00,300028650,4
2023-01-02 19:00:00,300032161,0
2023-01-02 20:00:00,100001753,1
2023-01-02 20:00:00,100002880,4
2023-01-02 20:00:00,100003032,8
2023-01-02 20:00:00,100003034,6
2023-01-02 20:00:00,100003039,9
2023-01-02 20:00:00,100003040,1
2023-01-02 20:00:00,100003041,0
2023-01-02 20:00:00,100003042,3
2023-01-02 20:00:00,100004575,1
2023-01-02 20:00:00,100007390,2
2023-01-02 20:00:00,100011747,0
2023-01-02 20:00:00,100011748,1
2023-01-02 20:00:00,100011783,6
2023-01-02 20:00:00,100012217,7
2023-01-02 20:00:00,100012218,3
2023-01-02 20:00:00,100017441,3
2023-01-02 20:00:00,100017523,0
2023-01-02 20:00:00,100025474,8
2023-01-02 20:00:00,100034805,0
2023-01-02 20:00:00,100035408,4
2023-01-02 20:00:00,100035409,0
2023-01-02 20:00:00,100041114,0
2023-01-02 20:00:00,100047030,0
2023-01-02 20:00:00,100052600,3
2023-01-02 20:00:00,100052602,0
2023-01-02 20:00:00,100052603,0
2023-01-02 20:00:00,100052604,0
2023-01-02 20:00:00,100052605,0
2023-01-02 20:00:00,100052606,1
2023-01-02 20:00:00,100053055,1
2023-01-02 20:00:00,100053059,1
2023-01-02 20:00:00,100053209,0
2023-01-02 20:00:00,100053210,2
2023-01-02 20:00:00,100054073,2
2023-01-02 20:00:00,100054241,0
2023-01-02 20:00:00,100054585,0
2023-01-02 20:00:00,100055268,0
2023-01-02 20:00:00,100056188,0
2023-01-02 20:00:00,100057050,0
2023-01-02 20:00:00,100057051,0
2023-01-02 20:00:00,100057052,0
2023-01-02 20:00:00,100057053,6
2023-01-02 20:00:00,300014916,4
2023-01-02 20:00:00,300014985,0
2023-01-02 20:00:00,300014986,6
2023-01-02 20:00:00,300014993,3
2023-01-02 20:00:00,300014994,0
2023-01-02 20:00:00,300014995,9
2023-01-02 20:00:00,300014996,4
2023-01-02 20:00:00,300020478,4
2023-01-02 20:00:00,300020679,9
2023-01-02 20:00:00,300020816,3
2023-01-02 20:00:00,300020817,4
2023-01-02 20:00:00,300021685,0
2023-01-02 20:00:00,300022314,3
2023-01-02 20:00:00,300028650,4
2023-01-02 20:00:00,300032161,0
2023-01-02 21:00:00,100001753,1
2023-01-02 21:00:00,100002880,9
2023-01-02 21:00:00,100003032,3
2023-01-02 21:00:00,100003034,5
2023-01-02 21:00:00,100003039,11
2023-01-02 21:00:00,100003040,0
2023-01-02 21:00:00,100003041,4
2023-01-02 21:00:00,100003042,1
2023-01-02 21:00:00,100004575,0
2023-01-02 21:00:00,100007390,8
2023-01-02 21:00:00,100011747,0
2023-01-02 21:00:00,100011748,3
2023-01-02 21:00:00,100011783,1
2023-01-02 21:00:00,100012217,4
2023-01-02 21:00:00,100012218,4
2023-01-02 21:00:00,100017441,5
2023-01-02 21:00:00,100017523,0
2023-01-02 21:00:00,100025474,7
2023-01-02 21:00:00,100034805,0
2023-01-02 21:00:00,100035408,0
2023-01-02 21:00:00,100035409,2
2023-01-02 21:00:00,100041114,1
2023-01-02 21:00:00,100047030,0
2023-01-02 21:00:00,100052600,7
2023-01-02 21:00:00,100052602,0
2023-01-02 21:00:00,100052603,0
2023-01-02 21:00:00,100052604,0
2023-01-02 21:00:00,100052605,0
2023-01-02 21:00:00,100052606,1
2023-01-02 21:00:00,100053055,0
2023-01-02 21:00:00,100053059,2
2023-01-02 21:00:00,100053209,1
2023-01-02 21:00:00,100053210,0
2023-01-02 21:00:00,100054073,0
2023-01-02 21:00:00,100054241,0
2023-01-02 21:00:00,100054585,1
2023-01-02 21:00:00,100055268,0
2023-01-02 21:00:00,100056188,0
2023-01-02 21:00:00,100057050,0
2023-01-02 21:00:00,100057051,0
2023-01-02 21:00:00,100057052,0
2023-01-02 21:00:00,100057053,8
2023-01-02 21:00:00,300014916,5
2023-01-02 21:00:00,300014985,0
2023-01-02 21:00:00,300014986,10
2023-01-02 21:00:00,300014993,2
2023-01-02 21:00:00,300014994,2
2023-01-02 21:00:00,300014995,4
2023-01-02 21:00:00,300014996,0
2023-01-02 21:00:00,300020478,5
2023-01-02 21:00:00,300020679,8
2023-01-02 21:00:00,300020816,5
2023-01-02 21:00:00,300020817,4
2023-01-02 21:00:00,300021685,0
2023-01-02 21:00:00,300022314,0
2023-01-02 21:00:00,300028650,2
2023-01-02 21:00:00,300032161,0
2023-01-02 22:00:00,100001753,2
2023-01-02 22:00:00,100002880,9
2023-01-02 22:00:00,100003032,5
2023-01-02 22:00:00,100003034,8
2023-01-02 22:00:00,100003039,6
2023-01-02 22:00:00,100003040,0
2023-01-02 22:00:00,100003041,4
2023-01-02 22:00:00,100003042,1
2023-01-02 22:00:00,100004575,0
2023-01-02 22:00:00,100007390,10
2023-01-02 22:00:00,100011747,0
2023-01-02 22:00:00,100011748,3
2023-01-02 22:00:00,100011783,1
2023-01-02 22:00:00,100012217,3
2023-01-02 22:00:00,100012218,1
2023-01-02 22:00:00,100017441,2
2023-01-02 22:00:00,100017523,0
2023-01-02 22:00:00,100025474,9
2023-01-02 22:00:00,100034805,0
2023-01-02 22:00:00,100035408,0
2023-01-02 22:00:00,100035409,0
2023-01-02 22:00:00,100041114,0
2023-01-02 22:00:00,100047030,0
2023-01-02 22:00:00,100052600,2
2023-01-02 22:00:00,100052602,0
2023-01-02 22:00:00,100052603,0
2023-01-02 22:00:00,100052604,0
2023-01-02 22:00:00,100052605,0
2023-01-02 22:00:00,100052606,1
2023-01-02 22:00:00,100053055,0
2023-01-02 22:00:00,100053059,0
2023-01-02 22:00:00,100053209,1
2023-01-02 22:00:00,100053210,1
2023-01-02 22:00:00,100054073,0
2023-01-02 22:00:00,100054241,0
2023-01-02 22:00:00,100054585,1
2023-01-02 22:00:00,100055268,0
2023-01-02 22:00:00,100056188,0
2023-01-02 22:00:00,100057050,0
2023-01-02 22:00:00,100057051,0
2023-01-02 22:00:00,100057052,0
2023-01-02 22:00:00,100057053,1
2023-01-02 22:00:00,300014916,3
2023-01-02 22:00:00,300014985,0
2023-01-02 22:00:00,300014986,9
2023-01-02 22:00:00,300014993,1
2023-01-02 22:00:00,300014994,0
2023-01-02 22:00:00,300014995,5
2023-01-02 22:00:00,300014996,2
2023-01-02 22:00:00,300020478,3
2023-01-02 22:00:00,300020679,14
2023-01-02 22:00:00,300020816,0
2023-01-02 22:00:00,300020817,5
2023-01-02 22:00:00,300021685,0
2023-01-02 22:00:00,300022314,2
2023-01-02 22:00:00,300028650,3
2023-01-02 22:00:00,300032161,0
2023-01-02 23:00:00,100001753,1
2023-01-02 23:00:00,100002880,0
2023-01-02 23:00:00,100003032,6
2023-01-02 23:00:00,100003034,7
2023-01-02 23:00:00,100003039,3
2023-01-02 23:00:00,100003040,0
2023-01-02 23:00:00,100003041,4
2023-01-02 23:00:00,100003042,2
2023-01-02 23:00:00,100004575,0
2023-01-02 23:00:00,100007390,3
2023-01-02 23:00:00,100011747,0
2023-01-02 23:00:00,100011748,1
2023-01-02 23:00:00,100011783,1
2023-01-02 23:00:00,100012217,6
2023-01-02 23:00:00,100012218,3
2023-01-02 23:00:00,100017441,0
2023-01-02 23:00:00,100017523,0
2023-01-02 23:00:00,100025474,12
2023-01-02 23:00:00,100034805,0
2023-01-02 23:00:00,100035408,3
2023-01-02 23:00:00,100035409,0
2023-01-02 23:00:00,100041114,0
2023-01-02 23:00:00,100047030,0
2023-01-02 23:00:00,100052600,3
2023-01-02 23:00:00,100052602,0
2023-01-02 23:00:00,100052603,1
2023-01-02 23:00:00,100052604,0
2023-01-02 23:00:00,100052605,0
2023-01-02 23:00:00,100052606,0
2023-01-02 23:00:00,100053055,0
2023-01-02 23:00:00,100053059,2
2023-01-02 23:00:00,100053209,1
2023-01-02 23:00:00,100053210,0
2023-01-02 23:00:00,100054073,0
2023-01-02 23:00:00,100054241,0
2023-01-02 23:00:00,100054585,0
2023-01-02 23:00:00,100055268,0
2023-01-02 23:00:00,100056188,0
2023-01-02 23:00:00,100057050,0
2023-01-02 23:00:00,100057051,0
2023-01-02 23:00:00,100057052,0
2023-01-02 23:00:00,100057053,0
2023-01-02 23:00:00,300014916,6
2023-01-02 23:00:00,300014985,0
2023-01-02 23:00:00,300014986,3
2023-01-02 23:00:00,300014993,0
2023-01-02 23:00:00,300014994,1
2023-01-02 23:00:00,300014995,5
2023-01-02 23:00:00,300014996,3
2023-01-02 23:00:00,300020478,0
2023-01-02 23:00:00,300020679,5
2023-01-02 23:00:00,300020816,2
2023-01-02 23:00:00,300020817,3
2023-01-02 23:00:00,300021685,0
2023-01-02 23:00:00,300022314,0
2023-01-02 23:00:00,300028650,2
2023-01-02 23:00:00,300032161,0
2023-01-03 00:00:00,100001753,1
2023-01-03 00:00:00,100002880,3
2023-01-03 00:00:00,100003032,3
2023-01-03 00:00:00,100003034,4
2023-01-03 00:00:00,100003039,6
2023-01-03 00:00:00,100003040,1
2023-01-03 00:00:00,100003041,0
2023-01-03 00:00:00,100003042,4
2023-01-03 00:00:00,100004575,0
2023-01-03 00:00:00,100007390,1
2023-01-03 00:00:00,100011747,0
2023-01-03 00:00:00,100011748,2
2023-01-03 00:00:00,100011783,2
2023-01-03 00:00:00,100012217,3
2023-01-03 00:00:00,100012218,1
2023-01-03 00:00:00,100017441,0
2023-01-03 00:00:00,100017523,0
2023-01-03 00:00:00,100025474,5
2023-01-03 00:00:00,100034805,0
2023-01-03 00:00:00,100035408,0
2023-01-03 00:00:00,100035409,0
2023-01-03 00:00:00,100041114,0
2023-01-03 00:00:00,100047030,0
2023-01-03 00:00:00,100052600,3
2023-01-03 00:00:00,100052602,0
2023-01-03 00:00:00,100052603,0
2023-01-03 00:00:00,100052604,0
2023-01-03 00:00:00,100052605,0
2023-01-03 00:00:00,100052606,0
2023-01-03 00:00:00,100053055,0
2023-01-03 00:00:00,100053059,0
2023-01-03 00:00:00,100053209,0
2023-01-03 00:00:00,100053210,1
2023-01-03 00:00:00,100054073,0
2023-01-03 00:00:00,100054241,0
2023-01-03 00:00:00,100054585,0
2023-01-03 00:00:00,100055268,0
2023-01-03 00:00:00,100056188,0
2023-01-03 00:00:00,100057050,0
2023-01-03 00:00:00,100057051,0
2023-01-03 00:00:00,100057052,0
2023-01-03 00:00:00,100057053,2
2023-01-03 00:00:00,300014916,2
2023-01-03 00:00:00,300014985,0
2023-01-03 00:00:00,300014986,3
2023-01-03 00:00:00,300014993,1
2023-01-03 00:00:00,300014994,1
2023-01-03 00:00:00,300014995,5
2023-01-03 00:00:00,300014996,2
2023-01-03 00:00:00,300020478,0
2023-01-03 00:00:00,300020679,3
2023-01-03 00:00:00,300020816,1
2023-01-03 00:00:00,300020817,2
2023-01-03 00:00:00,300021685,0
2023-01-03 00:00:00,300022314,1
2023-01-03 00:00:00,300028650,1
2023-01-03 00:00:00,300032161,0
2023-01-03 01:00:00,100001753,1
2023-01-03 01:00:00,100002880,1
2023-01-03 01:00:00,100003032,1
2023-01-03 01:00:00,100003034,3
2023-01-03 01:00:00,100003039,0
2023-01-03 01:00:00,100003040,0
2023-01-03 01:00:00,100003041,0
2023-01-03 01:00:00,100003042,1
2023-01-03 01:00:00,100004575,0
2023-01-03 01:00:00,100007390,1
2023-01-03 01:00:00,100011747,0
2023-01-03 01:00:00,100011748,1
2023-01-03 01:00:00,100011783,0
2023-01-03 01:00:00,100012217,2
2023-01-03 01:00:00,100012218,0
2023-01-03 01:00:00,100017441,0
2023-01-03 01:00:00,100017523,0
2023-01-03 01:00:00,100025474,2
2023-01-03 01:00:00,100034805,0
2023-01-03 01:00:00,100035408,0
2023-01-03 01:00:00,100035409,0
2023-01-03 01:00:00,100041114,0
2023-01-03 01:00:00,100047030,0
2023-01-03 01:00:00,100052600,4
2023-01-03 01:00:00,100052602,0
2023-01-03 01:00:00,100052603,0
2023-01-03 01:00:00,100052604,0
2023-01-03 01:00:00,100052605,0
2023-01-03 01:00:00,100052606,1
2023-01-03 01:00:00,100053055,0
2023-01-03 01:00:00,100053059,1
2023-01-03 01:00:00,100053209,0
2023-01-03 01:00:00,100053210,1
2023-01-03 01:00:00,100054073,0
2023-01-03 01:00:00,100054241,0
2023-01-03 01:00:00,100054585,0
2023-01-03 01:00:00,100055268,0
2023-01-03 01:00:00,100056188,0
2023-01-03 01:00:00,100057050,0
2023-01-03 01:00:00,100057051,0
2023-01-03 01:00:00,100057052,0
2023-01-03 01:00:00,100057053,3
2023-01-03 01:00:00,300014916,1
2023-01-03 01:00:00,300014985,0
2023-01-03 01:00:00,300014986,5
2023-01-03 01:00:00,300014993,0
2023-01-03 01:00:00,300014994,1
2023-01-03 01:00:00,300014995,2
2023-01-03 01:00:00,300014996,0
2023-01-03 01:00:00,300020478,5
2023-01-03 01:00:00,300020679,3
2023-01-03 01:00:00,300020816,0
2023-01-03 01:00:00,300020817,2
2023-01-03 01:00:00,300021685,0
2023-01-03 01:00:00,300022314,1
2023-01-03 01:00:00,300028650,0
2023-01-03 01:00:00,300032161,0
2023-01-03 02:00:00,100001753,0
2023-01-03 02:00:00,100002880,0
2023-01-03 02:00:00,100003032,0
2023-01-03 02:00:00,100003034,2
2023-01-03 02:00:00,100003039,0
2023-01-03 02:00:00,100003040,0
2023-01-03 02:00:00,100003041,0
2023-01-03 02:00:00,100003042,0
2023-01-03 02:00:00,100004575,0
2023-01-03 02:00:00,100007390,1
2023-01-03 02:00:00,100011747,0
2023-01-03 02:00:00,100011748,0
2023-01-03 02:00:00,100011783,1
2023-01-03 02:00:00,100012217,2
2023-01-03 02:00:00,100012218,2
2023-01-03 02:00:00,100017441,0
2023-01-03 02:00:00,100017523,0
2023-01-03 02:00:00,100025474,0
2023-01-03 02:00:00,100034805,0
2023-01-03 02:00:00,100035408,0
2023-01-03 02:00:00,100035409,0
2023-01-03 02:00:00,100041114,0
2023-01-03 02:00:00,100047030,0
2023-01-03 02:00:00,100052600,0
2023-01-03 02:00:00,100052602,0
2023-01-03 02:00:00,100052603,0
2023-01-03 02:00:00,100052604,0
2023-01-03 02:00:00,100052605,0
2023-01-03 02:00:00,100052606,0
2023-01-03 02:00:00,100053055,1
2023-01-03 02:00:00,100053059,1
2023-01-03 02:00:00,100053209,0
2023-01-03 02:00:00,100053210,0
2023-01-03 02:00:00,100054073,0
2023-01-03 02:00:00,100054241,0
2023-01-03 02:00:00,100054585,0
2023-01-03 02:00:00,100055268,0
2023-01-03 02:00:00,100056188,0
2023-01-03 02:00:00,100057050,0
2023-01-03 02:00:00,100057051,0
2023-01-03 02:00:00,100057052,0
2023-01-03 02:00:00,100057053,0
2023-01-03 02:00:00,300014916,0
2023-01-03 02:00:00,300014985,0
2023-01-03 02:00:00,300014986,0
2023-01-03 02:00:00,300014993,0
2023-01-03 02:00:00,300014994,1
2023-01-03 02:00:00,300014995,0
2023-01-03 02:00:00,300014996,1
2023-01-03 02:00:00,300020478,0
2023-01-03 02:00:00,300020679,0
2023-01-03 02:00:00,300020816,0
2023-01-03 02:00:00,300020817,1
2023-01-03 02:00:00,300021685,0
2023-01-03 02:00:00,300022314,0
2023-01-03 02:00:00,300028650,0
2023-01-03 02:00:00,300032161,0
2023-01-03 03:00:00,100001753,0
2023-01-03 03:00:00,100002880,0
2023-01-03 03:00:00,100003032,1
2023-01-03 03:00:00,100003034,1
2023-01-03 03:00:00,100003039,1
2023-01-03 03:00:00,100003040,0
2023-01-03 03:00:00,100003041,0
2023-01-03 03:00:00,100003042,0
2023-01-03 03:00:00,100004575,0
2023-01-03 03:00:00,100007390,1
2023-01-03 03:00:00,100011747,0
2023-01-03 03:00:00,100011748,0
2023-01-03 03:00:00,100011783,0
2023-01-03 03:00:00,100012217,0
2023-01-03 03:00:00,100012218,0
2023-01-03 03:00:00,100017441,0
2023-01-03 03:00:00,100017523,0
2023-01-03 03:00:00,100025474,3
2023-01-03 03:00:00,100034805,0
2023-01-03 03:00:00,100035408,1
2023-01-03 03:00:00,100035409,0
2023-01-03 03:00:00,100041114,0
2023-01-03 03:00:00,100047030,0
2023-01-03 03:00:00,100052600,0
2023-01-03 03:00:00,100052602,0
2023-01-03 03:00:00,100052603,0
2023-01-03 03:00:00,100052604,0
2023-01-03 03:00:00,100052605,0
2023-01-03 03:00:00,100052606,1
2023-01-03 03:00:00,100053055,0
2023-01-03 03:00:00,100053059,0
2023-01-03 03:00:00,100053209,0
2023-01-03 03:00:00,100053210,0
2023-01-03 03:00:00,100054073,0
2023-01-03 03:00:00,100054241,0
2023-01-03 03:00:00,100054585,0
2023-01-03 03:00:00,100055268,0
2023-01-03 03:00:00,100056188,0
2023-01-03 03:00:00,100057050,0
2023-01-03 03:00:00,100057051,0
2023-01-03 03:00:00,100057052,0
2023-01-03 03:00:00,100057053,0
2023-01-03 03:00:00,300014916,0
2023-01-03 03:00:00,300014985,0
2023-01-03 03:00:00,300014986,0
2023-01-03 03:00:00,300014993,0
2023-01-03 03:00:00,300014994,0
2023-01-03 03:00:00,300014995,0
2023-01-03 03:00:00,300014996,0
2023-01-03 03:00:00,300020478,0
2023-01-03 03:00:00,300020679,0
2023-01-03 03:00:00,300020816,0
2023-01-03 03:00:00,300020817,0
2023-01-03 03:00:00,300021685,0
2023-01-03 03:00:00,300022314,0
2023-01-03 03:00:00,300028650,1
2023-01-03 03:00:00,300032161,0
2023-01-03 04:00:00,100001753,0
2023-01-03 04:00:00,100002880,1
2023-01-03 04:00:00,100003032,1
2023-01-03 04:00:00,100003034,0
2023-01-03 04:00:00,100003039,1
2023-01-03 04:00:00,100003040,0
2023-01-03 04:00:00,100003041,0
2023-01-03 04:00:00,100003042,1
2023-01-03 04:00:00,100004575,0
2023-01-03 04:00:00,100007390,0
2023-01-03 04:00:00,100011747,0
2023-01-03 04:00:00,100011748,1
2023-01-03 04:00:00,100011783,8
2023-01-03 04:00:00,100012217,0
2023-01-03 04:00:00,100012218,0
2023-01-03 04:00:00,100017441,0
2023-01-03 04:00:00,100017523,0
2023-01-03 04:00:00,100025474,0
2023-01-03 04:00:00,100034805,0
2023-01-03 04:00:00,100035408,0
2023-01-03 04:00:00,100035409,0
2023-01-03 04:00:00,100041114,0
2023-01-03 04:00:00,100047030,0
2023-01-03 04:00:00,100052600,0
2023-01-03 04:00:00,100052602,0
2023-01-03 04:00:00,100052603,0
2023-01-03 04:00:00,100052604,0
2023-01-03 04:00:00,100052605,0
2023-01-03 04:00:00,100052606,0
2023-01-03 04:00:00,100053055,0
2023-01-03 04:00:00,100053059,1
2023-01-03 04:00:00,100053209,0
2023-01-03 04:00:00,100053210,0
2023-01-03 04:00:00,100054073,0
2023-01-03 04:00:00,100054241,0
2023-01-03 04:00:00,100054585,0
2023-01-03 04:00:00,100055268,0
2023-01-03 04:00:00,100056188,0
2023-01-03 04:00:00,100057050,1
2023-01-03 04:00:00,100057051,0
2023-01-03 04:00:00,100057052,0
2023-01-03 04:00:00,100057053,1
2023-01-03 04:00:00,300014916,0
2023-01-03 04:00:00,300014985,0
2023-01-03 04:00:00,300014986,0
2023-01-03 04:00:00,300014993,0
2023-01-03 04:00:00,300014994,0
2023-01-03 04:00:00,300014995,1
2023-01-03 04:00:00,300014996,2
2023-01-03 04:00:00,300020478,0
2023-01-03 04:00:00,300020679,0
2023-01-03 04:00:00,300020816,0
2023-01-03 04:00:00,300020817,0
2023-01-03 04:00:00,300021685,0
2023-01-03 04:00:00,300022314,1
2023-01-03 04:00:00,300028650,0
2023-01-03 04:00:00,300032161,0
2023-01-03 05:00:00,100001753,5
2023-01-03 05:00:00,100002880,1
2023-01-03 05:00:00,100003032,2
2023-01-03 05:00:00,100003034,2
2023-01-03 05:00:00,100003039,1
2023-01-03 05:00:00,100003040,0
2023-01-03 05:00:00,100003041,4
2023-01-03 05:00:00,100003042,1
2023-01-03 05:00:00,100004575,0
2023-01-03 05:00:00,100007390,0
2023-01-03 05:00:00,100011747,0
2023-01-03 05:00:00,100011748,3
2023-01-03 05:00:00,100011783,1
2023-01-03 05:00:00,100012217,2
2023-01-03 05:00:00,100012218,0
2023-01-03 05:00:00,100017441,2
2023-01-03 05:00:00,100017523,0
2023-01-03 05:00:00,100025474,1
2023-01-03 05:00:00,100034805,0
2023-01-03 05:00:00,100035408,1
2023-01-03 05:00:00,100035409,1
2023-01-03 05:00:00,100041114,0
2023-01-03 05:00:00,100047030,0
2023-01-03 05:00:00,100052600,1
2023-01-03 05:00:00,100052602,0
2023-01-03 05:00:00,100052603,0
2023-01-03 05:00:00,100052604,0
2023-01-03 05:00:00,100052605,1
2023-01-03 05:00:00,100052606,0
2023-01-03 05:00:00,100053055,0
2023-01-03 05:00:00,100053059,0
2023-01-03 05:00:00,100053209,0
2023-01-03 05:00:00,100053210,0
2023-01-03 05:00:00,100054073,0
2023-01-03 05:00:00,100054241,0
2023-01-03 05:00:00,100054585,0
2023-01-03 05:00:00,100055268,0
2023-01-03 05:00:00,100056188,0
2023-01-03 05:00:00,100057050,0
2023-01-03 05:00:00,100057051,0
2023-01-03 05:00:00,100057052,0
2023-01-03 05:00:00,100057053,254
2023-01-03 05:00:00,300014916,1
2023-01-03 05:00:00,300014985,0
2023-01-03 05:00:00,300014986,1
2023-01-03 05:00:00,300014993,1
2023-01-03 05:00:00,300014994,1
2023-01-03 05:00:00,300014995,0
2023-01-03 05:00:00,300014996,2
2023-01-03 05:00:00,300020478,1
2023-01-03 05:00:00,300020679,1
2023-01-03 05:00:00,300020816,2
2023-01-03 05:00:00,300020817,0
2023-01-03 05:00:00,300021685,0
2023-01-03 05:00:00,300022314,0
2023-01-03 05:00:00,300028650,0
2023-01-03 05:00:00,300032161,0
2023-01-03 06:00:00,100001753,2
2023-01-03 06:00:00,100002880,11
2023-01-03 06:00:00,100003032,7
2023-01-03 06:00:00,100003034,9
2023-01-03 06:00:00,100003039,8
2023-01-03 06:00:00,100003040,1
2023-01-03 06:00:00,100003041,0
2023-01-03 06:00:00,100003042,2
2023-01-03 06:00:00,100004575,0
2023-01-03 06:00:00,100007390,8
2023-01-03 06:00:00,100011747,0
2023-01-03 06:00:00,100011748,0
2023-01-03 06:00:00,100011783,4
2023-01-03 06:00:00,100012217,2
2023-01-03 06:00:00,100012218,3
2023-01-03 06:00:00,100017441,2
2023-01-03 06:00:00,100017523,0
2023-01-03 06:00:00,100025474,8
2023-01-03 06:00:00,100034805,0
2023-01-03 06:00:00,100035408,1
2023-01-03 06:00:00,100035409,0
2023-01-03 06:00:00,100041114,0
2023-01-03 06:00:00,100047030,0
2023-01-03 06:00:00,100052600,8
2023-01-03 06:00:00,100052602,1
2023-01-03 06:00:00,100052603,1
2023-01-03 06:00:00,100052604,0
2023-01-03 06:00:00,100052605,1
2023-01-03 06:00:00,100052606,1
2023-01-03 06:00:00,100053055,1
2023-01-03 06:00:00,100053059,0
2023-01-03 06:00:00,100053209,0
2023-01-03 06:00:00,100053210,1
2023-01-03 06:00:00,100054073,1
2023-01-03 06:00:00,100054241,0
2023-01-03 06:00:00,100054585,0
2023-01-03 06:00:00,100055268,0
2023-01-03 06:00:00,100056188,0
2023-01-03 06:00:00,100057050,0
2023-01-03 06:00:00,100057051,0
2023-01-03 06:00:00,100057052,0
2023-01-03 06:00:00,100057053,5
2023-01-03 06:00:00,300014916,5
2023-01-03 06:00:00,300014985,0
2023-01-03 06:00:00,300014986,4
2023-01-03 06:00:00,300014993,2
2023-01-03 06:00:00,300014994,3
2023-01-03 06:00:00,300014995,0
2023-01-03 06:00:00,300014996,5
2023-01-03 06:00:00,300020478,6
2023-01-03 06:00:00,300020679,13
2023-01-03 06:00:00,300020816,6
2023-01-03 06:00:00,300020817,3
2023-01-03 06:00:00,300021685,0
2023-01-03 06:00:00,300022314,2
2023-01-03 06:00:00,300028650,3
2023-01-03 06:00:00,300032161,0
2023-01-03 07:00:00,100001753,2
2023-01-03 07:00:00,100002880,5
2023-01-03 07:00:00,100003032,13
2023-01-03 07:00:00,100003034,13
2023-01-03 07:00:00,100003039,12
2023-01-03 07:00:00,100003040,0
2023-01-03 07:00:00,100003041,13
2023-01-03 07:00:00,100003042,7
2023-01-03 07:00:00,100004575,0
2023-01-03 07:00:00,100007390,8
2023-01-03 07:00:00,100011747,0
2023-01-03 07:00:00,100011748,2
2023-01-03 07:00:00,100011783,6
2023-01-03 07:00:00,100012217,3
2023-01-03 07:00:00,100012218,3
2023-01-03 07:00:00,100017441,11
2023-01-03 07:00:00,100017523,0
2023-01-03 07:00:00,100025474,16
2023-01-03 07:00:00,100034805,0
2023-01-03 07:00:00,100035408,3
2023-01-03 07:00:00,100035409,1
2023-01-03 07:00:00,100041114,2
2023-01-03 07:00:00,100047030,2
2023-01-03 07:00:00,100052600,11
2023-01-03 07:00:00,100052602,0
2023-01-03 07:00:00,100052603,3
2023-01-03 07:00:00,100052604,0
2023-01-03 07:00:00,100052605,0
2023-01-03 07:00:00,100052606,1
2023-01-03 07:00:00,100053055,3
2023-01-03 07:00:00,100053059,0
2023-01-03 07:00:00,100053209,1
2023-01-03 07:00:00,100053210,2
2023-01-03 07:00:00,100054073,1
2023-01-03 07:00:00,100054241,0
2023-01-03 07:00:00,100054585,0
2023-01-03 07:00:00,100055268,0
2023-01-03 07:00:00,100056188,0
2023-01-03 07:00:00,100057050,1
2023-01-03 07:00:00,100057051,0
2023-01-03 07:00:00,100057052,0
2023-01-03 07:00:00,100057053,0
2023-01-03 07:00:00,300014916,12
2023-01-03 07:00:00,300014985,0
2023-01-03 07:00:00,300014986,3
2023-01-03 07:00:00,300014993,5
2023-01-03 07:00:00,300014994,6
2023-01-03 07:00:00,300014995,3
2023-01-03 07:00:00,300014996,11
2023-01-03 07:00:00,300020478,9
2023-01-03 07:00:00,300020679,15
2023-01-03 07:00:00,300020816,13
2023-01-03 07:00:00,300020817,2
2023-01-03 07:00:00,300021685,0
2023-01-03 07:00:00,300022314,1
2023-01-03 07:00:00,300028650,8
2023-01-03 07:00:00,300032161,0
2023-01-03 08:00:00,100001753,5
2023-01-03 08:00:00,100002880,19
2023-01-03 08:00:00,100003032,27
2023-01-03 08:00:00,100003034,36
2023-01-03 08:00:00,100003039,31
2023-01-03 08:00:00,100003040,0
2023-01-03 08:00:00,100003041,7
2023-01-03 08:00:00,100003042,22
2023-01-03 08:00:00,100004575,0
2023-01-03 08:00:00,100007390,15
2023-01-03 08:00:00,100011747,0
2023-01-03 08:00:00,100011748,4
2023-01-03 08:00:00,100011783,9
2023-01-03 08:00:00,100012217,15
2023-01-03 08:00:00,100012218,7
2023-01-03 08:00:00,100017441,23
2023-01-03 08:00:00,100017523,0
2023-01-03 08:00:00,100025474,57
2023-01-03 08:00:00,100034805,0
2023-01-03 08:00:00,100035408,9
2023-01-03 08:00:00,100035409,3
2023-01-03 08:00:00,100041114,0
2023-01-03 08:00:00,100047030,1
2023-01-03 08:00:00,100052600,19
2023-01-03 08:00:00,100052602,0
2023-01-03 08:00:00,100052603,5
2023-01-03 08:00:00,100052604,0
2023-01-03 08:00:00,100052605,3
2023-01-03 08:00:00,100052606,5
2023-01-03 08:00:00,100053055,1
2023-01-03 08:00:00,100053059,1
2023-01-03 08:00:00,100053209,0
2023-01-03 08:00:00,100053210,1
2023-01-03 08:00:00,100054073,1
2023-01-03 08:00:00,100054241,2
2023-01-03 08:00:00,100054585,1
2023-01-03 08:00:00,100055268,0
2023-01-03 08:00:00,100056188,0
2023-01-03 08:00:00,100057050,1
2023-01-03 08:00:00,100057051,0
2023-01-03 08:00:00,100057052,0
2023-01-03 08:00:00,100057053,0
2023-01-03 08:00:00,300014916,20
2023-01-03 08:00:00,300014985,0
2023-01-03 08:00:00,300014986,8
2023-01-03 08:00:00,300014993,6
2023-01-03 08:00:00,300014994,12
2023-01-03 08:00:00,300014995,6
2023-01-03 08:00:00,300014996,30
2023-01-03 08:00:00,300020478,12
2023-01-03 08:00:00,300020679,34
2023-01-03 08:00:00,300020816,21
2023-01-03 08:00:00,300020817,5
2023-01-03 08:00:00,300021685,0
2023-01-03 08:00:00,300022314,5
2023-01-03 08:00:00,300028650,9
2023-01-03 08:00:00,300032161,0
2023-01-03 09:00:00,100001753,8
2023-01-03 09:00:00,100002880,17
2023-01-03 09:00:00,100003032,24
2023-01-03 09:00:00,100003034,29
2023-01-03 09:00:00,100003039,15
2023-01-03 09:00:00,100003040,0
2023-01-03 09:00:00,100003041,13
2023-01-03 09:00:00,100003042,16
2023-01-03 09:00:00,100004575,0
2023-01-03 09:00:00,100007390,17
2023-01-03 09:00:00,100011747,0
2023-01-03 09:00:00,100011748,8
2023-01-03 09:00:00,100011783,9
2023-01-03 09:00:00,100012217,11
2023-01-03 09:00:00,100012218,12
2023-01-03 09:00:00,100017441,12
2023-01-03 09:00:00,100017523,0
2023-01-03 09:00:00,100025474,54
2023-01-03 09:00:00,100034805,0
2023-01-03 09:00:00,100035408,11
2023-01-03 09:00:00,100035409,2
2023-01-03 09:00:00,100041114,2
2023-01-03 09:00:00,100047030,1
2023-01-03 09:00:00,100052600,12
2023-01-03 09:00:00,100052602,0
2023-01-03 09:00:00,100052603,2
2023-01-03 09:00:00,100052604,0
2023-01-03 09:00:00,100052605,1
2023-01-03 09:00:00,100052606,0
2023-01-03 09:00:00,100053055,1
2023-01-03 09:00:00,100053059,2
2023-01-03 09:00:00,100053209,5
2023-01-03 09:00:00,100053210,1
2023-01-03 09:00:00,100054073,0
2023-01-03 09:00:00,100054241,1
2023-01-03 09:00:00,100054585,3
2023-01-03 09:00:00,100055268,0
2023-01-03 09:00:00,100056188,0
2023-01-03 09:00:00,100057050,3
2023-01-03 09:00:00,100057051,0
2023-01-03 09:00:00,100057052,0
2023-01-03 09:00:00,100057053,0
2023-01-03 09:00:00,300014916,15
2023-01-03 09:00:00,300014985,0
2023-01-03 09:00:00,300014986,15
2023-01-03 09:00:00,300014993,6
2023-01-03 09:00:00,300014994,9
2023-01-03 09:00:00,300014995,8
2023-01-03 09:00:00,300014996,30
2023-01-03 09:00:00,300020478,9
2023-01-03 09:00:00,300020679,34
2023-01-03 09:00:00,300020816,15
2023-01-03 09:00:00,300020817,11
2023-01-03 09:00:00,300021685,0
2023-01-03 09:00:00,300022314,2
2023-01-03 09:00:00,300028650,11
2023-01-03 09:00:00,300032161,0
2023-01-03 10:00:00,100001753,2
2023-01-03 10:00:00,100002880,16
2023-01-03 10:00:00,100003032,37
2023-01-03 10:00:00,100003034,29
2023-01-03 10:00:00,100003039,9
2023-01-03 10:00:00,100003040,0
2023-01-03 10:00:00,100003041,32
2023-01-03 10:00:00,100003042,7
2023-01-03 10:00:00,100004575,0
2023-01-03 10:00:00,100007390,22
2023-01-03 10:00:00,100011747,0
2023-01-03 10:00:00,100011748,10
2023-01-03 10:00:00,100011783,10
2023-01-03 10:00:00,100012217,14
2023-01-03 10:00:00,100012218,12
2023-01-03 10:00:00,100017441,5
2023-01-03 10:00:00,100017523,0
2023-01-03 10:00:00,100025474,31
2023-01-03 10:00:00,100034805,0
2023-01-03 10:00:00,100035408,9
2023-01-03 10:00:00,100035409,3
2023-01-03 10:00:00,100041114,1
2023-01-03 10:00:00,100047030,1
2023-01-03 10:00:00,100052600,21
2023-01-03 10:00:00,100052602,0
2023-01-03 10:00:00,100052603,5
2023-01-03 10:00:00,100052604,4
2023-01-03 10:00:00,100052605,3
2023-01-03 10:00:00,100052606,2
2023-01-03 10:00:00,100053055,7
2023-01-03 10:00:00,100053059,5
2023-01-03 10:00:00,100053209,3
2023-01-03 10:00:00,100053210,4
2023-01-03 10:00:00,100054073,3
2023-01-03 10:00:00,100054241,1
2023-01-03 10:00:00,100054585,2
2023-01-03 10:00:00,100055268,0
2023-01-03 10:00:00,100056188,0
2023-01-03 10:00:00,100057050,0
2023-01-03 10:00:00,100057051,0
2023-01-03 10:00:00,100057052,0
2023-01-03 10:00:00,100057053,0
2023-01-03 10:00:00,300014916,11
2023-01-03 10:00:00,300014985,0
2023-01-03 10:00:00,300014986,13
2023-01-03 10:00:00,300014993,4
2023-01-03 10:00:00,300014994,5
2023-01-03 10:00:00,300014995,16
2023-01-03 10:00:00,300014996,13
2023-01-03 10:00:00,300020478,4
2023-01-03 10:00:00,300020679,34
2023-01-03 10:00:00,300020816,17
2023-01-03 10:00:00,300020817,11
2023-01-03 10:00:00,300021685,1
2023-01-03 10:00:00,300022314,3
2023-01-03 10:00:00,300028650,12
2023-01-03 10:00:00,300032161,0
2023-01-03 11:00:00,100001753,3
2023-01-03 11:00:00,100002880,18
2023-01-03 11:00:00,100003032,33
2023-01-03 11:00:00,100003034,36
2023-01-03 11:00:00,100003039,17
2023-01-03 11:00:00,100003040,3
2023-01-03 11:00:00,100003041,8
2023-01-03 11:00:00,100003042,18
2023-01-03 11:00:00,100004575,1
2023-01-03 11:00:00,100007390,16
2023-01-03 11:00:00,100011747,0
2023-01-03 11:00:00,100011748,9
2023-01-03 11:00:00,100011783,16
2023-01-03 11:00:00,100012217,22
2023-01-03 11:00:00,100012218,11
2023-01-03 11:00:00,100017441,9
2023-01-03 11:00:00,100017523,0
2023-01-03 11:00:00,100025474,37
2023-01-03 11:00:00,100034805,0
2023-01-03 11:00:00,100035408,10
2023-01-03 11:00:00,100035409,5
2023-01-03 11:00:00,100041114,1
2023-01-03 11:00:00,100047030,0
2023-01-03 11:00:00,100052600,10
2023-01-03 11:00:00,100052602,0
2023-01-03 11:00:00,100052603,4
2023-01-03 11:00:00,100052604,0
2023-01-03 11:00:00,100052605,3
2023-01-03 11:00:00,100052606,0
2023-01-03 11:00:00,100053055,3
2023-01-03 11:00:00,100053059,1
2023-01-03 11:00:00,100053209,7
2023-01-03 11:00:00,100053210,5
2023-01-03 11:00:00,100054073,3
2023-01-03 11:00:00,100054241,2
2023-01-03 11:00:00,100054585,3
2023-01-03 11:00:00,100055268,0
2023-01-03 11:00:00,100056188,0
2023-01-03 11:00:00,100057050,0
2023-01-03 11:00:00,100057051,0
2023-01-03 11:00:00,100057052,0
2023-01-03 11:00:00,100057053,0
2023-01-03 11:00:00,300014916,13
2023-01-03 11:00:00,300014985,0
2023-01-03 11:00:00,300014986,14
2023-01-03 11:00:00,300014993,9
2023-01-03 11:00:00,300014994,13
2023-01-03 11:00:00,300014995,15
2023-01-03 11:00:00,300014996,25
2023-01-03 11:00:00,300020478,11
2023-01-03 11:00:00,300020679,34
2023-01-03 11:00:00,300020816,20
2023-01-03 11:00:00,300020817,17
2023-01-03 11:00:00,300021685,2
2023-01-03 11:00:00,300022314,2
2023-01-03 11:00:00,300028650,14
2023-01-03 11:00:00,300032161,0
2023-01-03 12:00:00,100001753,5
2023-01-03 12:00:00,100002880,17
2023-01-03 12:00:00,100003032,23
2023-01-03 12:00:00,100003034,35
2023-01-03 12:00:00,100003039,20
2023-01-03 12:00:00,100003040,2
2023-01-03 12:00:00,100003041,19
2023-01-03 12:00:00,100003042,12
2023-01-03 12:00:00,100004575,2
2023-01-03 12:00:00,100007390,24
2023-01-03 12:00:00,100011747,0
2023-01-03 12:00:00,100011748,7
2023-01-03 12:00:00,100011783,16
2023-01-03 12:00:00,100012217,22
2023-01-03 12:00:00,100012218,12
2023-01-03 12:00:00,100017441,11
2023-01-03 12:00:00,100017523,0
2023-01-03 12:00:00,100025474,64
2023-01-03 12:00:00,100034805,0
2023-01-03 12:00:00,100035408,3
2023-01-03 12:00:00,100035409,4
2023-01-03 12:00:00,100041114,1
2023-01-03 12:00:00,100047030,1
2023-01-03 12:00:00,100052600,18
2023-01-03 12:00:00,100052602,1
2023-01-03 12:00:00,100052603,3
2023-01-03 12:00:00,100052604,0
2023-01-03 12:00:00,100052605,2
2023-01-03 12:00:00,100052606,4
2023-01-03 12:00:00,100053055,2
2023-01-03 12:00:00,100053059,1
2023-01-03 12:00:00,100053209,10
2023-01-03 12:00:00,100053210,5
2023-01-03 12:00:00,100054073,2
2023-01-03 12:00:00,100054241,2
2023-01-03 12:00:00,100054585,4
2023-01-03 12:00:00,100055268,0
2023-01-03 12:00:00,100056188,0
2023-01-03 12:00:00,100057050,0
2023-01-03 12:00:00,100057051,0
2023-01-03 12:00:00,100057052,0
2023-01-03 12:00:00,100057053,0
2023-01-03 12:00:00,300014916,16
2023-01-03 12:00:00,300014985,0
2023-01-03 12:00:00,300014986,21
2023-01-03 12:00:00,300014993,13
2023-01-03 12:00:00,300014994,10
2023-01-03 12:00:00,300014995,19
2023-01-03 12:00:00,300014996,16
2023-01-03 12:00:00,300020478,19
2023-01-03 12:00:00,300020679,35
2023-01-03 12:00:00,300020816,23
2023-01-03 12:00:00,300020817,12
2023-01-03 12:00:00,300021685,0
2023-01-03 12:00:00,300022314,3
2023-01-03 12:00:00,300028650,3
2023-01-03 12:00:00,300032161,0
2023-01-03 13:00:00,100001753,11
2023-01-03 13:00:00,100002880,32
2023-01-03 13:00:00,100003032,34
2023-01-03 13:00:00,100003034,33
2023-01-03 13:00:00,100003039,24
2023-01-03 13:00:00,100003040,3
2023-01-03 13:00:00,100003041,8
2023-01-03 13:00:00,100003042,16
2023-01-03 13:00:00,100004575,0
2023-01-03 13:00:00,100007390,29
2023-01-03 13:00:00,100011747,0
2023-01-03 13:00:00,100011748,13
2023-01-03 13:00:00,100011783,11
2023-01-03 13:00:00,100012217,27
2023-01-03 13:00:00,100012218,15
2023-01-03 13:00:00,100017441,12
2023-01-03 13:00:00,100017523,0
2023-01-03 13:00:00,100025474,64
2023-01-03 13:00:00,100034805,0
2023-01-03 13:00:00,100035408,12
2023-01-03 13:00:00,100035409,3
2023-01-03 13:00:00,100041114,7
2023-01-03 13:00:00,100047030,1
2023-01-03 13:00:00,100052600,24
2023-01-03 13:00:00,100052602,4
2023-01-03 13:00:00,100052603,1
2023-01-03 13:00:00,100052604,0
2023-01-03 13:00:00,100052605,4
2023-01-03 13:00:00,100052606,2
2023-01-03 13:00:00,100053055,2
2023-01-03 13:00:00,100053059,2
2023-01-03 13:00:00,100053209,9
2023-01-03 13:00:00,100053210,4
2023-01-03 13:00:00,100054073,3
2023-01-03 13:00:00,100054241,1
2023-01-03 13:00:00,100054585,5
2023-01-03 13:00:00,100055268,0
2023-01-03 13:00:00,100056188,0
2023-01-03 13:00:00,100057050,0
2023-01-03 13:00:00,100057051,0
2023-01-03 13:00:00,100057052,0
2023-01-03 13:00:00,100057053,0
2023-01-03 13:00:00,300014916,21
2023-01-03 13:00:00,300014985,0
2023-01-03 13:00:00,300014986,27
2023-01-03 13:00:00,300014993,14
2023-01-03 13:00:00,300014994,13
2023-01-03 13:00:00,300014995,20
2023-01-03 13:00:00,300014996,31
2023-01-03 13:00:00,300020478,13
2023-01-03 13:00:00,300020679,49
2023-01-03 13:00:00,300020816,21
2023-01-03 13:00:00,300020817,17
2023-01-03 13:00:00,300021685,2
2023-01-03 13:00:00,300022314,2
2023-01-03 13:00:00,300028650,6
2023-01-03 13:00:00,300032161,0
2023-01-03 14:00:00,100001753,9
2023-01-03 14:00:00,100002880,28
2023-01-03 14:00:00,100003032,37
2023-01-03 14:00:00,100003034,45
2023-01-03 14:00:00,100003039,29
2023-01-03 14:00:00,100003040,5
2023-01-03 14:00:00,100003041,19
2023-01-03 14:00:00,100003042,15
2023-01-03 14:00:00,100004575,0
2023-01-03 14:00:00,100007390,29
2023-01-03 14:00:00,100011747,0
2023-01-03 14:00:00,100011748,10
2023-01-03 14:00:00,100011783,15
2023-01-03 14:00:00,100012217,33
2023-01-03 14:00:00,100012218,18
2023-01-03 14:00:00,100017441,18
2023-01-03 14:00:00,100017523,0
2023-01-03 14:00:00,100025474,48
2023-01-03 14:00:00,100034805,0
2023-01-03 14:00:00,100035408,14
2023-01-03 14:00:00,100035409,11
2023-01-03 14:00:00,100041114,6
2023-01-03 14:00:00,100047030,1
2023-01-03 14:00:00,100052600,27
2023-01-03 14:00:00,100052602,1
2023-01-03 14:00:00,100052603,6
2023-01-03 14:00:00,100052604,7
2023-01-03 14:00:00,100052605,8
2023-01-03 14:00:00,100052606,3
2023-01-03 14:00:00,100053055,1
2023-01-03 14:00:00,100053059,6
2023-01-03 14:00:00,100053209,8
2023-01-03 14:00:00,100053210,5
2023-01-03 14:00:00,100054073,1
2023-01-03 14:00:00,100054241,0
2023-01-03 14:00:00,100054585,5
2023-01-03 14:00:00,100055268,0
2023-01-03 14:00:00,100056188,0
2023-01-03 14:00:00,100057050,2
2023-01-03 14:00:00,100057051,0
2023-01-03 14:00:00,100057052,0
2023-01-03 14:00:00,100057053,0
2023-01-03 14:00:00,300014916,21
2023-01-03 14:00:00,300014985,0
2023-01-03 14:00:00,300014986,28
2023-01-03 14:00:00,300014993,11
2023-01-03 14:00:00,300014994,14
2023-01-03 14:00:00,300014995,24
2023-01-03 14:00:00,300014996,33
2023-01-03 14:00:00,300020478,22
2023-01-03 14:00:00,300020679,43
2023-01-03 14:00:00,300020816,17
2023-01-03 14:00:00,300020817,17
2023-01-03 14:00:00,300021685,1
2023-01-03 14:00:00,300022314,4
2023-01-03 14:00:00,300028650,13
2023-01-03 14:00:00,300032161,0
2023-01-03 15:00:00,100001753,14
2023-01-03 15:00:00,100002880,27
2023-01-03 15:00:00,100003032,53
2023-01-03 15:00:00,100003034,49
2023-01-03 15:00:00,100003039,37
2023-01-03 15:00:00,100003040,9
2023-01-03 15:00:00,100003041,37
2023-01-03 15:00:00,100003042,9
2023-01-03 15:00:00,100004575,2
2023-01-03 15:00:00,100007390,49
2023-01-03 15:00:00,100011747,0
2023-01-03 15:00:00,100011748,16
2023-01-03 15:00:00,100011783,11
2023-01-03 15:00:00,100012217,44
2023-01-03 15:00:00,100012218,16
2023-01-03 15:00:00,100017441,18
2023-01-03 15:00:00,100017523,0
2023-01-03 15:00:00,100025474,63
2023-01-03 15:00:00,100034805,0
2023-01-03 15:00:00,100035408,16
2023-01-03 15:00:00,100035409,6
2023-01-03 15:00:00,100041114,10
2023-01-03 15:00:00,100047030,1
2023-01-03 15:00:00,100052600,28
2023-01-03 15:00:00,100052602,1
2023-01-03 15:00:00,100052603,7
2023-01-03 15:00:00,100052604,2
2023-01-03 15:00:00,100052605,5
2023-01-03 15:00:00,100052606,5
2023-01-03 15:00:00,100053055,2
2023-01-03 15:00:00,100053059,5
2023-01-03 15:00:00,100053209,13
2023-01-03 15:00:00,100053210,6
2023-01-03 15:00:00,100054073,2
2023-01-03 15:00:00,100054241,0
2023-01-03 15:00:00,100054585,7
2023-01-03 15:00:00,100055268,0
2023-01-03 15:00:00,100056188,0
2023-01-03 15:00:00,100057050,1
2023-01-03 15:00:00,100057051,0
2023-01-03 15:00:00,100057052,0
2023-01-03 15:00:00,100057053,0
2023-01-03 15:00:00,300014916,31
2023-01-03 15:00:00,300014985,0
2023-01-03 15:00:00,300014986,29
2023-01-03 15:00:00,300014993,14
2023-01-03 15:00:00,300014994,9
2023-01-03 15:00:00,300014995,45
2023-01-03 15:00:00,300014996,34
2023-01-03 15:00:00,300020478,26
2023-01-03 15:00:00,300020679,60
2023-01-03 15:00:00,300020816,26
2023-01-03 15:00:00,300020817,31
2023-01-03 15:00:00,300021685,0
2023-01-03 15:00:00,300022314,11
2023-01-03 15:00:00,300028650,12
2023-01-03 15:00:00,300032161,0
2023-01-03 16:00:00,100001753,5
2023-01-03 16:00:00,100002880,31
2023-01-03 16:00:00,100003032,44
2023-01-03 16:00:00,100003034,49
2023-01-03 16:00:00,100003039,46
2023-01-03 16:00:00,100003040,4
2023-01-03 16:00:00,100003041,53
2023-01-03 16:00:00,100003042,24
2023-01-03 16:00:00,100004575,1
2023-01-03 16:00:00,100007390,35
2023-01-03 16:00:00,100011747,0
2023-01-03 16:00:00,100011748,4
2023-01-03 16:00:00,100011783,23
2023-01-03 16:00:00,100012217,32
2023-01-03 16:00:00,100012218,15
2023-01-03 16:00:00,100017441,27
2023-01-03 16:00:00,100017523,0
2023-01-03 16:00:00,100025474,62
2023-01-03 16:00:00,100034805,0
2023-01-03 16:00:00,100035408,12
2023-01-03 16:00:00,100035409,7
2023-01-03 16:00:00,100041114,5
2023-01-03 16:00:00,100047030,0
2023-01-03 16:00:00,100052600,32
2023-01-03 16:00:00,100052602,0
2023-01-03 16:00:00,100052603,4
2023-01-03 16:00:00,100052604,1
2023-01-03 16:00:00,100052605,6
2023-01-03 16:00:00,100052606,4
2023-01-03 16:00:00,100053055,1
2023-01-03 16:00:00,100053059,5
2023-01-03 16:00:00,100053209,6
2023-01-03 16:00:00,100053210,4
2023-01-03 16:00:00,100054073,6
2023-01-03 16:00:00,100054241,2
2023-01-03 16:00:00,100054585,4
2023-01-03 16:00:00,100055268,0
2023-01-03 16:00:00,100056188,0
2023-01-03 16:00:00,100057050,1
2023-01-03 16:00:00,100057051,0
2023-01-03 16:00:00,100057052,0
2023-01-03 16:00:00,100057053,0
2023-01-03 16:00:00,300014916,34
2023-01-03 16:00:00,300014985,0
2023-01-03 16:00:00,300014986,50
2023-01-03 16:00:00,300014993,17
2023-01-03 16:00:00,300014994,13
2023-01-03 16:00:00,300014995,49
2023-01-03 16:00:00,300014996,34
2023-01-03 16:00:00,300020478,14
2023-01-03 16:00:00,300020679,72
2023-01-03 16:00:00,300020816,23
2023-01-03 16:00:00,300020817,30
2023-01-03 16:00:00,300021685,0
2023-01-03 16:00:00,300022314,8
2023-01-03 16:00:00,300028650,12
2023-01-03 16:00:00,300032161,0
2023-01-03 17:00:00,100001753,7
2023-01-03 17:00:00,100002880,28
2023-01-03 17:00:00,100003032,55
2023-01-03 17:00:00,100003034,67
2023-01-03 17:00:00,100003039,53
2023-01-03 17:00:00,100003040,1
2023-01-03 17:00:00,100003041,31
2023-01-03 17:00:00,100003042,22
2023-01-03 17:00:00,100004575,2
2023-01-03 17:00:00,100007390,58
2023-01-03 17:00:00,100011747,0
2023-01-03 17:00:00,100011748,16
2023-01-03 17:00:00,100011783,11
2023-01-03 17:00:00,100012217,30
2023-01-03 17:00:00,100012218,21
2023-01-03 17:00:00,100017441,33
2023-01-03 17:00:00,100017523,0
2023-01-03 17:00:00,100025474,121
2023-01-03 17:00:00,100034805,0
2023-01-03 17:00:00,100035408,14
2023-01-03 17:00:00,100035409,5
2023-01-03 17:00:00,100041114,3
2023-01-03 17:00:00,100047030,0
2023-01-03 17:00:00,100052600,31
2023-01-03 17:00:00,100052602,1
2023-01-03 17:00:00,100052603,4
2023-01-03 17:00:00,100052604,0
2023-01-03 17:00:00,100052605,1
2023-01-03 17:00:00,100052606,3
2023-01-03 17:00:00,100053055,3
2023-01-03 17:00:00,100053059,3
2023-01-03 17:00:00,100053209,5
2023-01-03 17:00:00,100053210,2
2023-01-03 17:00:00,100054073,3
2023-01-03 17:00:00,100054241,1
2023-01-03 17:00:00,100054585,2
2023-01-03 17:00:00,100055268,0
2023-01-03 17:00:00,100056188,0
2023-01-03 17:00:00,100057050,1
2023-01-03 17:00:00,100057051,0
2023-01-03 17:00:00,100057052,0
2023-01-03 17:00:00,100057053,0
2023-01-03 17:00:00,300014916,29
2023-01-03 17:00:00,300014985,0
2023-01-03 17:00:00,300014986,49
2023-01-03 17:00:00,300014993,19
2023-01-03 17:00:00,300014994,9
2023-01-03 17:00:00,300014995,36
2023-01-03 17:00:00,300014996,32
2023-01-03 17:00:00,300020478,20
2023-01-03 17:00:00,300020679,58
2023-01-03 17:00:00,300020816,29
2023-01-03 17:00:00,300020817,30
2023-01-03 17:00:00,300021685,0
2023-01-03 17:00:00,300022314,6
2023-01-03 17:00:00,300028650,20
2023-01-03 17:00:00,300032161,0
2023-01-03 18:00:00,100001753,2
2023-01-03 18:00:00,100002880,29
2023-01-03 18:00:00,100003032,28
2023-01-03 18:00:00,100003034,48
2023-01-03 18:00:00,100003039,50
2023-01-03 18:00:00,100003040,3
2023-01-03 18:00:00,100003041,29
2023-01-03 18:00:00,100003042,27
2023-01-03 18:00:00,100004575,0
2023-01-03 18:00:00,100007390,35
2023-01-03 18:00:00,100011747,0
2023-01-03 18:00:00,100011748,3
2023-01-03 18:00:00,100011783,13
2023-01-03 18:00:00,100012217,21
2023-01-03 18:00:00,100012218,10
2023-01-03 18:00:00,100017441,21
2023-01-03 18:00:00,100017523,0
2023-01-03 18:00:00,100025474,52
2023-01-03 18:00:00,100034805,0
2023-01-03 18:00:00,100035408,10
2023-01-03 18:00:00,100035409,5
2023-01-03 18:00:00,100041114,4
2023-01-03 18:00:00,100047030,0
2023-01-03 18:00:00,100052600,13
2023-01-03 18:00:00,100052602,1
2023-01-03 18:00:00,100052603,7
2023-01-03 18:00:00,100052604,0
2023-01-03 18:00:00,100052605,0
2023-01-03 18:00:00,100052606,2
2023-01-03 18:00:00,100053055,1
2023-01-03 18:00:00,100053059,1
2023-01-03 18:00:00,100053209,0
2023-01-03 18:00:00,100053210,0
2023-01-03 18:00:00,100054073,1
2023-01-03 18:00:00,100054241,0
2023-01-03 18:00:00,100054585,1
2023-01-03 18:00:00,100055268,0
2023-01-03 18:00:00,100056188,0
2023-01-03 18:00:00,100057050,1
2023-01-03 18:00:00,100057051,0
2023-01-03 18:00:00,100057052,0
2023-01-03 18:00:00,100057053,0
2023-01-03 18:00:00,300014916,10
2023-01-03 18:00:00,300014985,0
2023-01-03 18:00:00,300014986,46
2023-01-03 18:00:00,300014993,12
2023-01-03 18:00:00,300014994,3
2023-01-03 18:00:00,300014995,26
2023-01-03 18:00:00,300014996,23
2023-01-03 18:00:00,300020478,21
2023-01-03 18:00:00,300020679,42
2023-01-03 18:00:00,300020816,20
2023-01-03 18:00:00,300020817,16
2023-01-03 18:00:00,300021685,0
2023-01-03 18:00:00,300022314,13
2023-01-03 18:00:00,300028650,7
2023-01-03 18:00:00,300032161,0
2023-01-03 19:00:00,100001753,0
2023-01-03 19:00:00,100002880,9
2023-01-03 19:00:00,100003032,18
2023-01-03 19:00:00,100003034,32
2023-01-03 19:00:00,100003039,18
2023-01-03 19:00:00,100003040,1
2023-01-03 19:00:00,100003041,7
2023-01-03 19:00:00,100003042,10
2023-01-03 19:00:00,100004575,0
2023-01-03 19:00:00,100007390,22
2023-01-03 19:00:00,100011747,0
2023-01-03 19:00:00,100011748,5
2023-01-03 19:00:00,100011783,3
2023-01-03 19:00:00,100012217,21
2023-01-03 19:00:00,100012218,14
2023-01-03 19:00:00,100017441,11
2023-01-03 19:00:00,100017523,0
2023-01-03 19:00:00,100025474,36
2023-01-03 19:00:00,100034805,0
2023-01-03 19:00:00,100035408,7
2023-01-03 19:00:00,100035409,2
2023-01-03 19:00:00,100041114,2
2023-01-03 19:00:00,100047030,0
2023-01-03 19:00:00,100052600,19
2023-01-03 19:00:00,100052602,0
2023-01-03 19:00:00,100052603,4
2023-01-03 19:00:00,100052604,0
2023-01-03 19:00:00,100052605,0
2023-01-03 19:00:00,100052606,1
2023-01-03 19:00:00,100053055,0
2023-01-03 19:00:00,100053059,3
2023-01-03 19:00:00,100053209,1
2023-01-03 19:00:00,100053210,0
2023-01-03 19:00:00,100054073,2
2023-01-03 19:00:00,100054241,0
2023-01-03 19:00:00,100054585,0
2023-01-03 19:00:00,100055268,0
2023-01-03 19:00:00,100056188,0
2023-01-03 19:00:00,100057050,1
2023-01-03 19:00:00,100057051,0
2023-01-03 19:00:00,100057052,0
2023-01-03 19:00:00,100057053,0
2023-01-03 19:00:00,300014916,7
2023-01-03 19:00:00,300014985,0
2023-01-03 19:00:00,300014986,16
2023-01-03 19:00:00,300014993,1
2023-01-03 19:00:00,300014994,3
2023-01-03 19:00:00,300014995,23
2023-01-03 19:00:00,300014996,15
2023-01-03 19:00:00,300020478,9
2023-01-03 19:00:00,300020679,26
2023-01-03 19:00:00,300020816,7
2023-01-03 19:00:00,300020817,11
2023-01-03 19:00:00,300021685,0
2023-01-03 19:00:00,300022314,4
2023-01-03 19:00:00,300028650,4
2023-01-03 19:00:00,300032161,0
2023-01-03 20:00:00,100001753,2
2023-01-03 20:00:00,100002880,8
2023-01-03 20:00:00,100003032,22
2023-01-03 20:00:00,100003034,17
2023-01-03 20:00:00,100003039,15
2023-01-03 20:00:00,100003040,0
2023-01-03 20:00:00,100003041,8
2023-01-03 20:00:00,100003042,7
2023-01-03 20:00:00,100004575,1
2023-01-03 20:00:00,100007390,16
2023-01-03 20:00:00,100011747,0
2023-01-03 20:00:00,100011748,2
2023-01-03 20:00:00,100011783,3
2023-01-03 20:00:00,100012217,7
2023-01-03 20:00:00,100012218,8
2023-01-03 20:00:00,100017441,4
2023-01-03 20:00:00,100017523,0
2023-01-03 20:00:00,100025474,15
2023-01-03 20:00:00,100034805,0
2023-01-03 20:00:00,100035408,7
2023-01-03 20:00:00,100035409,2
2023-01-03 20:00:00,100041114,0
2023-01-03 20:00:00,100047030,1
2023-01-03 20:00:00,100052600,11
2023-01-03 20:00:00,100052602,0
2023-01-03 20:00:00,100052603,2
2023-01-03 20:00:00,100052604,0
2023-01-03 20:00:00,100052605,1
2023-01-03 20:00:00,100052606,1
2023-01-03 20:00:00,100053055,0
2023-01-03 20:00:00,100053059,2
2023-01-03 20:00:00,100053209,1
2023-01-03 20:00:00,100053210,1
2023-01-03 20:00:00,100054073,6
2023-01-03 20:00:00,100054241,0
2023-01-03 20:00:00,100054585,1
2023-01-03 20:00:00,100055268,10
2023-01-03 20:00:00,100056188,0
2023-01-03 20:00:00,100057050,0
2023-01-03 20:00:00,100057051,0
2023-01-03 20:00:00,100057052,0
2023-01-03 20:00:00,100057053,4
2023-01-03 20:00:00,300014916,8
2023-01-03 20:00:00,300014985,0
2023-01-03 20:00:00,300014986,16
2023-01-03 20:00:00,300014993,8
2023-01-03 20:00:00,300014994,3
2023-01-03 20:00:00,300014995,20
2023-01-03 20:00:00,300014996,9
2023-01-03 20:00:00,300020478,3
2023-01-03 20:00:00,300020679,16
2023-01-03 20:00:00,300020816,9
2023-01-03 20:00:00,300020817,7
2023-01-03 20:00:00,300021685,0
2023-01-03 20:00:00,300022314,9
2023-01-03 20:00:00,300028650,4
2023-01-03 20:00:00,300032161,0
2023-01-03 21:00:00,100001753,0
2023-01-03 21:00:00,100002880,5
2023-01-03 21:00:00,100003032,6
2023-01-03 21:00:00,100003034,19
2023-01-03 21:00:00,100003039,16
2023-01-03 21:00:00,100003040,1
2023-01-03 21:00:00,100003041,15
2023-01-03 21:00:00,100003042,7
2023-01-03 21:00:00,100004575,0
2023-01-03 21:00:00,100007390,12
2023-01-03 21:00:00,100011747,0
2023-01-03 21:00:00,100011748,5
2023-01-03 21:00:00,100011783,3
2023-01-03 21:00:00,100012217,11
2023-01-03 21:00:00,100012218,8
2023-01-03 21:00:00,100017441,7
2023-01-03 21:00:00,100017523,0
2023-01-03 21:00:00,100025474,17
2023-01-03 21:00:00,100034805,0
2023-01-03 21:00:00,100035408,8
2023-01-03 21:00:00,100035409,0
2023-01-03 21:00:00,100041114,4
2023-01-03 21:00:00,100047030,2
2023-01-03 21:00:00,100052600,8
2023-01-03 21:00:00,100052602,0
2023-01-03 21:00:00,100052603,1
2023-01-03 21:00:00,100052604,0
2023-01-03 21:00:00,100052605,0
2023-01-03 21:00:00,100052606,1
2023-01-03 21:00:00,100053055,0
2023-01-03 21:00:00,100053059,1
2023-01-03 21:00:00,100053209,1
2023-01-03 21:00:00,100053210,0
2023-01-03 21:00:00,100054073,0
2023-01-03 21:00:00,100054241,2
2023-01-03 21:00:00,100054585,2
2023-01-03 21:00:00,100055268,9
2023-01-03 21:00:00,100056188,0
2023-01-03 21:00:00,100057050,0
2023-01-03 21:00:00,100057051,0
2023-01-03 21:00:00,100057052,0
2023-01-03 21:00:00,100057053,4
2023-01-03 21:00:00,300014916,11
2023-01-03 21:00:00,300014985,0
2023-01-03 21:00:00,300014986,12
2023-01-03 21:00:00,300014993,3
2023-01-03 21:00:00,300014994,3
2023-01-03 21:00:00,300014995,8
2023-01-03 21:00:00,300014996,2
2023-01-03 21:00:00,300020478,9
2023-01-03 21:00:00,300020679,24
2023-01-03 21:00:00,300020816,7
2023-01-03 21:00:00,300020817,6
2023-01-03 21:00:00,300021685,0
2023-01-03 21:00:00,300022314,2
2023-01-03 21:00:00,300028650,7
2023-01-03 21:00:00,300032161,0
2023-01-03 22:00:00,100001753,2
2023-01-03 22:00:00,100002880,2
2023-01-03 22:00:00,100003032,12
2023-01-03 22:00:00,100003034,13
2023-01-03 22:00:00,100003039,8
2023-01-03 22:00:00,100003040,3
2023-01-03 22:00:00,100003041,4
2023-01-03 22:00:00,100003042,8
2023-01-03 22:00:00,100004575,0
2023-01-03 22:00:00,100007390,12
2023-01-03 22:00:00,100011747,0
2023-01-03 22:00:00,100011748,2
2023-01-03 22:00:00,100011783,4
2023-01-03 22:00:00,100012217,8
2023-01-03 22:00:00,100012218,1
2023-01-03 22:00:00,100017441,7
2023-01-03 22:00:00,100017523,0
2023-01-03 22:00:00,100025474,11
2023-01-03 22:00:00,100034805,0
2023-01-03 22:00:00,100035408,3
2023-01-03 22:00:00,100035409,0
2023-01-03 22:00:00,100041114,0
2023-01-03 22:00:00,100047030,0
2023-01-03 22:00:00,100052600,3
2023-01-03 22:00:00,100052602,0
2023-01-03 22:00:00,100052603,0
2023-01-03 22:00:00,100052604,0
2023-01-03 22:00:00,100052605,1
2023-01-03 22:00:00,100052606,1
2023-01-03 22:00:00,100053055,0
2023-01-03 22:00:00,100053059,1
2023-01-03 22:00:00,100053209,1
2023-01-03 22:00:00,100053210,0
2023-01-03 22:00:00,100054073,1
2023-01-03 22:00:00,100054241,0
2023-01-03 22:00:00,100054585,0
2023-01-03 22:00:00,100055268,1
2023-01-03 22:00:00,100056188,0
2023-01-03 22:00:00,100057050,0
2023-01-03 22:00:00,100057051,0
2023-01-03 22:00:00,100057052,0
2023-01-03 22:00:00,100057053,5
2023-01-03 22:00:00,300014916,6
2023-01-03 22:00:00,300014985,0
2023-01-03 22:00:00,300014986,16
2023-01-03 22:00:00,300014993,2
2023-01-03 22:00:00,300014994,2
2023-01-03 22:00:00,300014995,11
2023-01-03 22:00:00,300014996,4
2023-01-03 22:00:00,300020478,6
2023-01-03 22:00:00,300020679,17
2023-01-03 22:00:00,300020816,5
2023-01-03 22:00:00,300020817,3
2023-01-03 22:00:00,300021685,0
2023-01-03 22:00:00,300022314,2
2023-01-03 22:00:00,300028650,3
2023-01-03 22:00:00,300032161,0
2023-01-03 23:00:00,100001753,0
2023-01-03 23:00:00,100002880,6
2023-01-03 23:00:00,100003032,5
2023-01-03 23:00:00,100003034,12
2023-01-03 23:00:00,100003039,6
2023-01-03 23:00:00,100003040,1
2023-01-03 23:00:00,100003041,0
2023-01-03 23:00:00,100003042,4
2023-01-03 23:00:00,100004575,0
2023-01-03 23:00:00,100007390,11
2023-01-03 23:00:00,100011747,0
2023-01-03 23:00:00,100011748,1
2023-01-03 23:00:00,100011783,5
2023-01-03 23:00:00,100012217,1
2023-01-03 23:00:00,100012218,3
2023-01-03 23:00:00,100017441,3
2023-01-03 23:00:00,100017523,0
2023-01-03 23:00:00,100025474,8
2023-01-03 23:00:00,100034805,0
2023-01-03 23:00:00,100035408,2
2023-01-03 23:00:00,100035409,0
2023-01-03 23:00:00,100041114,0
2023-01-03 23:00:00,100047030,0
2023-01-03 23:00:00,100052600,12
2023-01-03 23:00:00,100052602,0
2023-01-03 23:00:00,100052603,3
2023-01-03 23:00:00,100052604,0
2023-01-03 23:00:00,100052605,0
2023-01-03 23:00:00,100052606,2
2023-01-03 23:00:00,100053055,0
2023-01-03 23:00:00,100053059,1
2023-01-03 23:00:00,100053209,1
2023-01-03 23:00:00,100053210,1
2023-01-03 23:00:00,100054073,2
2023-01-03 23:00:00,100054241,0
2023-01-03 23:00:00,100054585,0
2023-01-03 23:00:00,100055268,10
2023-01-03 23:00:00,100056188,0
2023-01-03 23:00:00,100057050,0
2023-01-03 23:00:00,100057051,0
2023-01-03 23:00:00,100057052,0
2023-01-03 23:00:00,100057053,3
2023-01-03 23:00:00,300014916,3
2023-01-03 23:00:00,300014985,0
2023-01-03 23:00:00,300014986,4
2023-01-03 23:00:00,300014993,1
2023-01-03 23:00:00,300014994,4
2023-01-03 23:00:00,300014995,3
2023-01-03 23:00:00,300014996,4
2023-01-03 23:00:00,300020478,4
2023-01-03 23:00:00,300020679,6
2023-01-03 23:00:00,300020816,5
2023-01-03 23:00:00,300020817,2
2023-01-03 23:00:00,300021685,0
2023-01-03 23:00:00,300022314,3
2023-01-03 23:00:00,300028650,3
2023-01-03 23:00:00,300032161,0
2023-01-04 00:00:00,100001753,2
2023-01-04 00:00:00,100002880,1
2023-01-04 00:00:00,100003032,0
2023-01-04 00:00:00,100003034,7
2023-01-04 00:00:00,100003039,7
2023-01-04 00:00:00,100003040,0
2023-01-04 00:00:00,100003041,4
2023-01-04 00:00:00,100003042,0
2023-01-04 00:00:00,100004575,0
2023-01-04 00:00:00,100007390,5
2023-01-04 00:00:00,100011747,0
2023-01-04 00:00:00,100011748,2
2023-01-04 00:00:00,100011783,2
2023-01-04 00:00:00,100012217,4
2023-01-04 00:00:00,100012218,2
2023-01-04 00:00:00,100017441,1
2023-01-04 00:00:00,100017523,0
2023-01-04 00:00:00,100025474,5
2023-01-04 00:00:00,100034805,0
2023-01-04 00:00:00,100035408,0
2023-01-04 00:00:00,100035409,0
2023-01-04 00:00:00,100041114,0
2023-01-04 00:00:00,100047030,0
2023-01-04 00:00:00,100052600,2
2023-01-04 00:00:00,100052602,0
2023-01-04 00:00:00,100052603,1
2023-01-04 00:00:00,100052604,0
2023-01-04 00:00:00,100052605,1
2023-01-04 00:00:00,100052606,1
2023-01-04 00:00:00,100053055,0
2023-01-04 00:00:00,100053059,0
2023-01-04 00:00:00,100053209,0
2023-01-04 00:00:00,100053210,0
2023-01-04 00:00:00,100054073,0
2023-01-04 00:00:00,100054241,0
2023-01-04 00:00:00,100054585,0
2023-01-04 00:00:00,100055268,1
2023-01-04 00:00:00,100056188,0
2023-01-04 00:00:00,100057050,0
2023-01-04 00:00:00,100057051,0
2023-01-04 00:00:00,100057052,0
2023-01-04 00:00:00,100057053,0
2023-01-04 00:00:00,300014916,3
2023-01-04 00:00:00,300014985,0
2023-01-04 00:00:00,300014986,7
2023-01-04 00:00:00,300014993,2
2023-01-04 00:00:00,300014994,4
2023-01-04 00:00:00,300014995,5
2023-01-04 00:00:00,300014996,1
2023-01-04 00:00:00,300020478,3
2023-01-04 00:00:00,300020679,4
2023-01-04 00:00:00,300020816,1
2023-01-04 00:00:00,300020817,7
2023-01-04 00:00:00,300021685,0
2023-01-04 00:00:00,300022314,3
2023-01-04 00:00:00,300028650,0
2023-01-04 00:00:00,300032161,0
2023-01-04 01:00:00,100001753,0
2023-01-04 01:00:00,100002880,0
2023-01-04 01:00:00,100003032,0
2023-01-04 01:00:00,100003034,3
2023-01-04 01:00:00,100003039,1
2023-01-04 01:00:00,100003040,0
2023-01-04 01:00:00,100003041,0
2023-01-04 01:00:00,100003042,0
2023-01-04 01:00:00,100004575,0
2023-01-04 01:00:00,100007390,4
2023-01-04 01:00:00,100011747,0
2023-01-04 01:00:00,100011748,0
2023-01-04 01:00:00,100011783,1
2023-01-04 01:00:00,100012217,3
2023-01-04 01:00:00,100012218,2
2023-01-04 01:00:00,100017441,0
2023-01-04 01:00:00,100017523,0
2023-01-04 01:00:00,100025474,4
2023-01-04 01:00:00,100034805,0
2023-01-04 01:00:00,100035408,1
2023-01-04 01:00:00,100035409,0
2023-01-04 01:00:00,100041114,0
2023-01-04 01:00:00,100047030,0
2023-01-04 01:00:00,100052600,8
2023-01-04 01:00:00,100052602,0
2023-01-04 01:00:00,100052603,1
2023-01-04 01:00:00,100052604,0
2023-01-04 01:00:00,100052605,0
2023-01-04 01:00:00,100052606,0
2023-01-04 01:00:00,100053055,0
2023-01-04 01:00:00,100053059,1
2023-01-04 01:00:00,100053209,0
2023-01-04 01:00:00,100053210,0
2023-01-04 01:00:00,100054073,0
2023-01-04 01:00:00,100054241,0
2023-01-04 01:00:00,100054585,0
2023-01-04 01:00:00,100055268,3
2023-01-04 01:00:00,100056188,0
2023-01-04 01:00:00,100057050,0
2023-01-04 01:00:00,100057051,0
2023-01-04 01:00:00,100057052,0
2023-01-04 01:00:00,100057053,5
2023-01-04 01:00:00,300014916,2
2023-01-04 01:00:00,300014985,0
2023-01-04 01:00:00,300014986,2
2023-01-04 01:00:00,300014993,1
2023-01-04 01:00:00,300014994,1
2023-01-04 01:00:00,300014995,1
2023-01-04 01:00:00,300014996,0
2023-01-04 01:00:00,300020478,2
2023-01-04 01:00:00,300020679,3
2023-01-04 01:00:00,300020816,1
2023-01-04 01:00:00,300020817,1
2023-01-04 01:00:00,300021685,0
2023-01-04 01:00:00,300022314,1
2023-01-04 01:00:00,300028650,1
2023-01-04 01:00:00,300032161,0
2023-01-04 02:00:00,100001753,1
2023-01-04 02:00:00,100002880,0
2023-01-04 02:00:00,100003032,0
2023-01-04 02:00:00,100003034,1
2023-01-04 02:00:00,100003039,0
2023-01-04 02:00:00,100003040,0
2023-01-04 02:00:00,100003041,4
2023-01-04 02:00:00,100003042,4
2023-01-04 02:00:00,100004575,0
2023-01-04 02:00:00,100007390,3
2023-01-04 02:00:00,100011747,0
2023-01-04 02:00:00,100011748,0
2023-01-04 02:00:00,100011783,0
2023-01-04 02:00:00,100012217,1
2023-01-04 02:00:00,100012218,0
2023-01-04 02:00:00,100017441,1
2023-01-04 02:00:00,100017523,0
2023-01-04 02:00:00,100025474,1
2023-01-04 02:00:00,100034805,0
2023-01-04 02:00:00,100035408,2
2023-01-04 02:00:00,100035409,0
2023-01-04 02:00:00,100041114,0
2023-01-04 02:00:00,100047030,0
2023-01-04 02:00:00,100052600,0
2023-01-04 02:00:00,100052602,0
2023-01-04 02:00:00,100052603,1
2023-01-04 02:00:00,100052604,0
2023-01-04 02:00:00,100052605,0
2023-01-04 02:00:00,100052606,0
2023-01-04 02:00:00,100053055,0
2023-01-04 02:00:00,100053059,0
2023-01-04 02:00:00,100053209,0
2023-01-04 02:00:00,100053210,0
2023-01-04 02:00:00,100054073,0
2023-01-04 02:00:00,100054241,0
2023-01-04 02:00:00,100054585,0
2023-01-04 02:00:00,100055268,0
2023-01-04 02:00:00,100056188,0
2023-01-04 02:00:00,100057050,0
2023-01-04 02:00:00,100057051,0
2023-01-04 02:00:00,100057052,0
2023-01-04 02:00:00,100057053,0
2023-01-04 02:00:00,300014916,0
2023-01-04 02:00:00,300014985,0
2023-01-04 02:00:00,300014986,0
2023-01-04 02:00:00,300014993,0
2023-01-04 02:00:00,300014994,0
2023-01-04 02:00:00,300014995,0
2023-01-04 02:00:00,300014996,1
2023-01-04 02:00:00,300020478,1
2023-01-04 02:00:00,300020679,0
2023-01-04 02:00:00,300020816,0
2023-01-04 02:00:00,300020817,2
2023-01-04 02:00:00,300021685,0
2023-01-04 02:00:00,300022314,3
2023-01-04 02:00:00,300028650,1
2023-01-04 02:00:00,300032161,0
2023-01-04 03:00:00,100001753,0
2023-01-04 03:00:00,100002880,10
2023-01-04 03:00:00,100003032,1
2023-01-04 03:00:00,100003034,3
2023-01-04 03:00:00,100003039,2
2023-01-04 03:00:00,100003040,0
2023-01-04 03:00:00,100003041,0
2023-01-04 03:00:00,100003042,0
2023-01-04 03:00:00,100004575,0
2023-01-04 03:00:00,100007390,1
2023-01-04 03:00:00,100011747,0
2023-01-04 03:00:00,100011748,0
2023-01-04 03:00:00,100011783,1
2023-01-04 03:00:00,100012217,0
2023-01-04 03:00:00,100012218,0
2023-01-04 03:00:00,100017441,0
2023-01-04 03:00:00,100017523,0
2023-01-04 03:00:00,100025474,0
2023-01-04 03:00:00,100034805,0
2023-01-04 03:00:00,100035408,0
2023-01-04 03:00:00,100035409,0
2023-01-04 03:00:00,100041114,0
2023-01-04 03:00:00,100047030,0
2023-01-04 03:00:00,100052600,1
2023-01-04 03:00:00,100052602,0
2023-01-04 03:00:00,100052603,0
2023-01-04 03:00:00,100052604,0
2023-01-04 03:00:00,100052605,0
2023-01-04 03:00:00,100052606,0
2023-01-04 03:00:00,100053055,0
2023-01-04 03:00:00,100053059,0
2023-01-04 03:00:00,100053209,0
2023-01-04 03:00:00,100053210,0
2023-01-04 03:00:00,100054073,0
2023-01-04 03:00:00,100054241,0
2023-01-04 03:00:00,100054585,0
2023-01-04 03:00:00,100055268,0
2023-01-04 03:00:00,100056188,0
2023-01-04 03:00:00,100057050,0
2023-01-04 03:00:00,100057051,0
2023-01-04 03:00:00,100057052,0
2023-01-04 03:00:00,100057053,110
2023-01-04 03:00:00,300014916,0
2023-01-04 03:00:00,300014985,0
2023-01-04 03:00:00,300014986,0
2023-01-04 03:00:00,300014993,1
2023-01-04 03:00:00,300014994,1
2023-01-04 03:00:00,300014995,5
2023-01-04 03:00:00,300014996,0
2023-01-04 03:00:00,300020478,2
2023-01-04 03:00:00,300020679,0
2023-01-04 03:00:00,300020816,0
2023-01-04 03:00:00,300020817,0
2023-01-04 03:00:00,300021685,0
2023-01-04 03:00:00,300022314,1
2023-01-04 03:00:00,300028650,1
2023-01-04 03:00:00,300032161,0
2023-01-04 04:00:00,100001753,0
2023-01-04 04:00:00,100002880,0
2023-01-04 04:00:00,100003032,1
2023-01-04 04:00:00,100003034,0
2023-01-04 04:00:00,100003039,2
2023-01-04 04:00:00,100003040,0
2023-01-04 04:00:00,100003041,6
2023-01-04 04:00:00,100003042,0
2023-01-04 04:00:00,100004575,0
2023-01-04 04:00:00,100007390,0
2023-01-04 04:00:00,100011747,0
2023-01-04 04:00:00,100011748,1
2023-01-04 04:00:00,100011783,0
2023-01-04 04:00:00,100012217,0
2023-01-04 04:00:00,100012218,0
2023-01-04 04:00:00,100017441,2
2023-01-04 04:00:00,100017523,0
2023-01-04 04:00:00,100025474,0
2023-01-04 04:00:00,100034805,0
2023-01-04 04:00:00,100035408,1
2023-01-04 04:00:00,100035409,0
2023-01-04 04:00:00,100041114,0
2023-01-04 04:00:00,100047030,0
2023-01-04 04:00:00,100052600,2
2023-01-04 04:00:00,100052602,0
2023-01-04 04:00:00,100052603,0
2023-01-04 04:00:00,100052604,0
2023-01-04 04:00:00,100052605,0
2023-01-04 04:00:00,100052606,0
2023-01-04 04:00:00,100053055,0
2023-01-04 04:00:00,100053059,0
2023-01-04 04:00:00,100053209,0
2023-01-04 04:00:00,100053210,0
2023-01-04 04:00:00,100054073,0
2023-01-04 04:00:00,100054241,0
2023-01-04 04:00:00,100054585,0
2023-01-04 04:00:00,100055268,0
2023-01-04 04:00:00,100056188,0
2023-01-04 04:00:00,100057050,1
2023-01-04 04:00:00,100057051,0
2023-01-04 04:00:00,100057052,0
2023-01-04 04:00:00,100057053,2
2023-01-04 04:00:00,300014916,0
2023-01-04 04:00:00,300014985,0
2023-01-04 04:00:00,300014986,0
2023-01-04 04:00:00,300014993,0
2023-01-04 04:00:00,300014994,0
2023-01-04 04:00:00,300014995,0
2023-01-04 04:00:00,300014996,2
2023-01-04 04:00:00,300020478,0
2023-01-04 04:00:00,300020679,0
2023-01-04 04:00:00,300020816,0
2023-01-04 04:00:00,300020817,0
2023-01-04 04:00:00,300021685,0
2023-01-04 04:00:00,300022314,0
2023-01-04 04:00:00,300028650,0
2023-01-04 04:00:00,300032161,0
2023-01-04 05:00:00,100001753,3
2023-01-04 05:00:00,100002880,2
2023-01-04 05:00:00,100003032,4
2023-01-04 05:00:00,100003034,1
2023-01-04 05:00:00,100003039,3
2023-01-04 05:00:00,100003040,0
2023-01-04 05:00:00,100003041,0
2023-01-04 05:00:00,100003042,2
2023-01-04 05:00:00,100004575,0
2023-01-04 05:00:00,100007390,1
2023-01-04 05:00:00,100011747,0
2023-01-04 05:00:00,100011748,3
2023-01-04 05:00:00,100011783,2
2023-01-04 05:00:00,100012217,0
2023-01-04 05:00:00,100012218,0
2023-01-04 05:00:00,100017441,4
2023-01-04 05:00:00,100017523,0
2023-01-04 05:00:00,100025474,1
2023-01-04 05:00:00,100034805,0
2023-01-04 05:00:00,100035408,0
2023-01-04 05:00:00,100035409,0
2023-01-04 05:00:00,100041114,0
2023-01-04 05:00:00,100047030,0
2023-01-04 05:00:00,100052600,1
2023-01-04 05:00:00,100052602,0
2023-01-04 05:00:00,100052603,1
2023-01-04 05:00:00,100052604,0
2023-01-04 05:00:00,100052605,3
2023-01-04 05:00:00,100052606,0
2023-01-04 05:00:00,100053055,0
2023-01-04 05:00:00,100053059,0
2023-01-04 05:00:00,100053209,0
2023-01-04 05:00:00,100053210,1
2023-01-04 05:00:00,100054073,1
2023-01-04 05:00:00,100054241,0
2023-01-04 05:00:00,100054585,0
2023-01-04 05:00:00,100055268,0
2023-01-04 05:00:00,100056188,0
2023-01-04 05:00:00,100057050,0
2023-01-04 05:00:00,100057051,0
2023-01-04 05:00:00,100057052,0
2023-01-04 05:00:00,100057053,1
2023-01-04 05:00:00,300014916,4
2023-01-04 05:00:00,300014985,0
2023-01-04 05:00:00,300014986,0
2023-01-04 05:00:00,300014993,2
2023-01-04 05:00:00,300014994,0
2023-01-04 05:00:00,300014995,0
2023-01-04 05:00:00,300014996,3
2023-01-04 05:00:00,300020478,1
2023-01-04 05:00:00,300020679,4
2023-01-04 05:00:00,300020816,1
2023-01-04 05:00:00,300020817,0
2023-01-04 05:00:00,300021685,1
2023-01-04 05:00:00,300022314,3
2023-01-04 05:00:00,300028650,2
2023-01-04 05:00:00,300032161,0
2023-01-04 06:00:00,100001753,1
2023-01-04 06:00:00,100002880,4
2023-01-04 06:00:00,100003032,9
2023-01-04 06:00:00,100003034,7
2023-01-04 06:00:00,100003039,9
2023-01-04 06:00:00,100003040,1
2023-01-04 06:00:00,100003041,4
2023-01-04 06:00:00,100003042,4
2023-01-04 06:00:00,100004575,0
2023-01-04 06:00:00,100007390,6
2023-01-04 06:00:00,100011747,0
2023-01-04 06:00:00,100011748,2
2023-01-04 06:00:00,100011783,7
2023-01-04 06:00:00,100012217,1
2023-01-04 06:00:00,100012218,2
2023-01-04 06:00:00,100017441,5
2023-01-04 06:00:00,100017523,0
2023-01-04 06:00:00,100025474,11
2023-01-04 06:00:00,100034805,0
2023-01-04 06:00:00,100035408,1
2023-01-04 06:00:00,100035409,1
2023-01-04 06:00:00,100041114,0
2023-01-04 06:00:00,100047030,0
2023-01-04 06:00:00,100052600,3
2023-01-04 06:00:00,100052602,2
2023-01-04 06:00:00,100052603,1
2023-01-04 06:00:00,100052604,0
2023-01-04 06:00:00,100052605,1
2023-01-04 06:00:00,100052606,3
2023-01-04 06:00:00,100053055,0
2023-01-04 06:00:00,100053059,3
2023-01-04 06:00:00,100053209,0
2023-01-04 06:00:00,100053210,2
2023-01-04 06:00:00,100054073,2
2023-01-04 06:00:00,100054241,0
2023-01-04 06:00:00,100054585,0
2023-01-04 06:00:00,100055268,0
2023-01-04 06:00:00,100056188,0
2023-01-04 06:00:00,100057050,0
2023-01-04 06:00:00,100057051,0
2023-01-04 06:00:00,100057052,0
2023-01-04 06:00:00,100057053,2
2023-01-04 06:00:00,300014916,11
2023-01-04 06:00:00,300014985,0
2023-01-04 06:00:00,300014986,3
2023-01-04 06:00:00,300014993,2
2023-01-04 06:00:00,300014994,1
2023-01-04 06:00:00,300014995,3
2023-01-04 06:00:00,300014996,8
2023-01-04 06:00:00,300020478,3
2023-01-04 06:00:00,300020679,9
2023-01-04 06:00:00,300020816,4
2023-01-04 06:00:00,300020817,2
2023-01-04 06:00:00,300021685,0
2023-01-04 06:00:00,300022314,3
2023-01-04 06:00:00,300028650,5
2023-01-04 06:00:00,300032161,0
2023-01-04 07:00:00,100001753,9
2023-01-04 07:00:00,100002880,21
2023-01-04 07:00:00,100003032,23
2023-01-04 07:00:00,100003034,32
2023-01-04 07:00:00,100003039,19
2023-01-04 07:00:00,100003040,1
2023-01-04 07:00:00,100003041,21
2023-01-04 07:00:00,100003042,15
2023-01-04 07:00:00,100004575,0
2023-01-04 07:00:00,100007390,16
2023-01-04 07:00:00,100011747,0
2023-01-04 07:00:00,100011748,10
2023-01-04 07:00:00,100011783,9
2023-01-04 07:00:00,100012217,11
2023-01-04 07:00:00,100012218,9
2023-01-04 07:00:00,100017441,12
2023-01-04 07:00:00,100017523,0
2023-01-04 07:00:00,100025474,32
2023-01-04 07:00:00,100034805,0
2023-01-04 07:00:00,100035408,9
2023-01-04 07:00:00,100035409,5
2023-01-04 07:00:00,100041114,0
2023-01-04 07:00:00,100047030,0
2023-01-04 07:00:00,100052600,17
2023-01-04 07:00:00,100052602,0
2023-01-04 07:00:00,100052603,2
2023-01-04 07:00:00,100052604,0
2023-01-04 07:00:00,100052605,1
2023-01-04 07:00:00,100052606,1
2023-01-04 07:00:00,100053055,1
2023-01-04 07:00:00,100053059,0
2023-01-04 07:00:00,100053209,1
2023-01-04 07:00:00,100053210,6
2023-01-04 07:00:00,100054073,1
2023-01-04 07:00:00,100054241,0
2023-01-04 07:00:00,100054585,0
2023-01-04 07:00:00,100055268,0
2023-01-04 07:00:00,100056188,0
2023-01-04 07:00:00,100057050,0
2023-01-04 07:00:00,100057051,0
2023-01-04 07:00:00,100057052,0
2023-01-04 07:00:00,100057053,0
2023-01-04 07:00:00,300014916,20
2023-01-04 07:00:00,300014985,0
2023-01-04 07:00:00,300014986,6
2023-01-04 07:00:00,300014993,5
2023-01-04 07:00:00,300014994,12
2023-01-04 07:00:00,300014995,4
2023-01-04 07:00:00,300014996,22
2023-01-04 07:00:00,300020478,10
2023-01-04 07:00:00,300020679,30
2023-01-04 07:00:00,300020816,16
2023-01-04 07:00:00,300020817,4
2023-01-04 07:00:00,300021685,0
2023-01-04 07:00:00,300022314,3
2023-01-04 07:00:00,300028650,7
2023-01-04 07:00:00,300032161,0
2023-01-04 08:00:00,100001753,14
2023-01-04 08:00:00,100002880,21
2023-01-04 08:00:00,100003032,46
2023-01-04 08:00:00,100003034,57
2023-01-04 08:00:00,100003039,35
2023-01-04 08:00:00,100003040,0
2023-01-04 08:00:00,100003041,17
2023-01-04 08:00:00,100003042,25
2023-01-04 08:00:00,100004575,2
2023-01-04 08:00:00,100007390,32
2023-01-04 08:00:00,100011747,0
2023-01-04 08:00:00,100011748,9
2023-01-04 08:00:00,100011783,14
2023-01-04 08:00:00,100012217,40
2023-01-04 08:00:00,100012218,12
2023-01-04 08:00:00,100017441,31
2023-01-04 08:00:00,100017523,0
2023-01-04 08:00:00,100025474,63
2023-01-04 08:00:00,100034805,0
2023-01-04 08:00:00,100035408,17
2023-01-04 08:00:00,100035409,4
2023-01-04 08:00:00,100041114,1
2023-01-04 08:00:00,100047030,1
2023-01-04 08:00:00,100052600,28
2023-01-04 08:00:00,100052602,1
2023-01-04 08:00:00,100052603,8
2023-01-04 08:00:00,100052604,0
2023-01-04 08:00:00,100052605,4
2023-01-04 08:00:00,100052606,3
2023-01-04 08:00:00,100053055,2
2023-01-04 08:00:00,100053059,3
2023-01-04 08:00:00,100053209,0
2023-01-04 08:00:00,100053210,3
2023-01-04 08:00:00,100054073,3
2023-01-04 08:00:00,100054241,2
2023-01-04 08:00:00,100054585,0
2023-01-04 08:00:00,100055268,0
2023-01-04 08:00:00,100056188,0
2023-01-04 08:00:00,100057050,0
2023-01-04 08:00:00,100057051,0
2023-01-04 08:00:00,100057052,0
2023-01-04 08:00:00,100057053,0
2023-01-04 08:00:00,300014916,26
2023-01-04 08:00:00,300014985,0
2023-01-04 08:00:00,300014986,26
2023-01-04 08:00:00,300014993,7
2023-01-04 08:00:00,300014994,6
2023-01-04 08:00:00,300014995,15
2023-01-04 08:00:00,300014996,53
2023-01-04 08:00:00,300020478,20
2023-01-04 08:00:00,300020679,63
2023-01-04 08:00:00,300020816,31
2023-01-04 08:00:00,300020817,10
2023-01-04 08:00:00,300021685,1
2023-01-04 08:00:00,300022314,10
2023-01-04 08:00:00,300028650,8
2023-01-04 08:00:00,300032161,0
2023-01-04 09:00:00,100001753,6
2023-01-04 09:00:00,100002880,19
2023-01-04 09:00:00,100003032,35
2023-01-04 09:00:00,100003034,33
2023-01-04 09:00:00,100003039,28
2023-01-04 09:00:00,100003040,1
2023-01-04 09:00:00,100003041,14
2023-01-04 09:00:00,100003042,16
2023-01-04 09:00:00,100004575,1
2023-01-04 09:00:00,100007390,27
2023-01-04 09:00:00,100011747,0
2023-01-04 09:00:00,100011748,11
2023-01-04 09:00:00,100011783,11
2023-01-04 09:00:00,100012217,13
2023-01-04 09:00:00,100012218,20
2023-01-04 09:00:00,100017441,20
2023-01-04 09:00:00,100017523,0
2023-01-04 09:00:00,100025474,76
2023-01-04 09:00:00,100034805,0
2023-01-04 09:00:00,100035408,12
2023-01-04 09:00:00,100035409,5
2023-01-04 09:00:00,100041114,0
2023-01-04 09:00:00,100047030,1
2023-01-04 09:00:00,100052600,20
2023-01-04 09:00:00,100052602,0
2023-01-04 09:00:00,100052603,5
2023-01-04 09:00:00,100052604,0
2023-01-04 09:00:00,100052605,2
2023-01-04 09:00:00,100052606,4
2023-01-04 09:00:00,100053055,1
2023-01-04 09:00:00,100053059,4
2023-01-04 09:00:00,100053209,0
2023-01-04 09:00:00,100053210,5
2023-01-04 09:00:00,100054073,2
2023-01-04 09:00:00,100054241,0
2023-01-04 09:00:00,100054585,1
2023-01-04 09:00:00,100055268,0
2023-01-04 09:00:00,100056188,0
2023-01-04 09:00:00,100057050,0
2023-01-04 09:00:00,100057051,0
2023-01-04 09:00:00,100057052,0
2023-01-04 09:00:00,100057053,0
2023-01-04 09:00:00,300014916,26
2023-01-04 09:00:00,300014985,0
2023-01-04 09:00:00,300014986,14
2023-01-04 09:00:00,300014993,5
2023-01-04 09:00:00,300014994,7
2023-01-04 09:00:00,300014995,10
2023-01-04 09:00:00,300014996,50
2023-01-04 09:00:00,300020478,13
2023-01-04 09:00:00,300020679,41
2023-01-04 09:00:00,300020816,20
2023-01-04 09:00:00,300020817,9
2023-01-04 09:00:00,300021685,1
2023-01-04 09:00:00,300022314,8
2023-01-04 09:00:00,300028650,12
2023-01-04 09:00:00,300032161,0
2023-01-04 10:00:00,100001753,4
2023-01-04 10:00:00,100002880,10
2023-01-04 10:00:00,100003032,26
2023-01-04 10:00:00,100003034,23
2023-01-04 10:00:00,100003039,19
2023-01-04 10:00:00,100003040,0
2023-01-04 10:00:00,100003041,4
2023-01-04 10:00:00,100003042,16
2023-01-04 10:00:00,100004575,0
2023-01-04 10:00:00,100007390,22
2023-01-04 10:00:00,100011747,0
2023-01-04 10:00:00,100011748,5
2023-01-04 10:00:00,100011783,12
2023-01-04 10:00:00,100012217,26
2023-01-04 10:00:00,100012218,7
2023-01-04 10:00:00,100017441,20
2023-01-04 10:00:00,100017523,0
2023-01-04 10:00:00,100025474,42
2023-01-04 10:00:00,100034805,0
2023-01-04 10:00:00,100035408,6
2023-01-04 10:00:00,100035409,6
2023-01-04 10:00:00,100041114,1
2023-01-04 10:00:00,100047030,1
2023-01-04 10:00:00,100052600,13
2023-01-04 10:00:00,100052602,0
2023-01-04 10:00:00,100052603,2
2023-01-04 10:00:00,100052604,0
2023-01-04 10:00:00,100052605,2
2023-01-04 10:00:00,100052606,2
2023-01-04 10:00:00,100053055,1
2023-01-04 10:00:00,100053059,2
2023-01-04 10:00:00,100053209,2
2023-01-04 10:00:00,100053210,1
2023-01-04 10:00:00,100054073,7
2023-01-04 10:00:00,100054241,1
2023-01-04 10:00:00,100054585,2
2023-01-04 10:00:00,100055268,0
2023-01-04 10:00:00,100056188,0
2023-01-04 10:00:00,100057050,0
2023-01-04 10:00:00,100057051,0
2023-01-04 10:00:00,100057052,0
2023-01-04 10:00:00,100057053,0
2023-01-04 10:00:00,300014916,11
2023-01-04 10:00:00,300014985,0
2023-01-04 10:00:00,300014986,10
2023-01-04 10:00:00,300014993,3
2023-01-04 10:00:00,300014994,3
2023-01-04 10:00:00,300014995,7
2023-01-04 10:00:00,300014996,20
2023-01-04 10:00:00,300020478,7
2023-01-04 10:00:00,300020679,31
2023-01-04 10:00:00,300020816,13
2023-01-04 10:00:00,300020817,8
2023-01-04 10:00:00,300021685,0
2023-01-04 10:00:00,300022314,6
2023-01-04 10:00:00,300028650,9
2023-01-04 10:00:00,300032161,0
2023-01-04 11:00:00,100001753,6
2023-01-04 11:00:00,100002880,13
2023-01-04 11:00:00,100003032,25
2023-01-04 11:00:00,100003034,22
2023-01-04 11:00:00,100003039,20
2023-01-04 11:00:00,100003040,1
2023-01-04 11:00:00,100003041,21
2023-01-04 11:00:00,100003042,17
2023-01-04 11:00:00,100004575,0
2023-01-04 11:00:00,100007390,28
2023-01-04 11:00:00,100011747,0
2023-01-04 11:00:00,100011748,5
2023-01-04 11:00:00,100011783,4
2023-01-04 11:00:00,100012217,22
2023-01-04 11:00:00,100012218,9
2023-01-04 11:00:00,100017441,14
2023-01-04 11:00:00,100017523,0
2023-01-04 11:00:00,100025474,52
2023-01-04 11:00:00,100034805,0
2023-01-04 11:00:00,100035408,3
2023-01-04 11:00:00,100035409,7
2023-01-04 11:00:00,100041114,2
2023-01-04 11:00:00,100047030,1
2023-01-04 11:00:00,100052600,10
2023-01-04 11:00:00,100052602,0
2023-01-04 11:00:00,100052603,3
2023-01-04 11:00:00,100052604,0
2023-01-04 11:00:00,100052605,2
2023-01-04 11:00:00,100052606,2
2023-01-04 11:00:00,100053055,0
2023-01-04 11:00:00,100053059,7
2023-01-04 11:00:00,100053209,5
2023-01-04 11:00:00,100053210,5
2023-01-04 11:00:00,100054073,3
2023-01-04 11:00:00,100054241,0
2023-01-04 11:00:00,100054585,2
2023-01-04 11:00:00,100055268,0
2023-01-04 11:00:00,100056188,0
2023-01-04 11:00:00,100057050,2
2023-01-04 11:00:00,100057051,0
2023-01-04 11:00:00,100057052,0
2023-01-04 11:00:00,100057053,0
2023-01-04 11:00:00,300014916,17
2023-01-04 11:00:00,300014985,0
2023-01-04 11:00:00,300014986,13
2023-01-04 11:00:00,300014993,9
2023-01-04 11:00:00,300014994,5
2023-01-04 11:00:00,300014995,8
2023-01-04 11:00:00,300014996,21
2023-01-04 11:00:00,300020478,9
2023-01-04 11:00:00,300020679,33
2023-01-04 11:00:00,300020816,10
2023-01-04 11:00:00,300020817,6
2023-01-04 11:00:00,300021685,0
2023-01-04 11:00:00,300022314,3
2023-01-04 11:00:00,300028650,8
2023-01-04 11:00:00,300032161,0
2023-01-04 12:00:00,100001753,2
2023-01-04 12:00:00,100002880,8
2023-01-04 12:00:00,100003032,38
2023-01-04 12:00:00,100003034,33
2023-01-04 12:00:00,100003039,27
2023-01-04 12:00:00,100003040,3
2023-01-04 12:00:00,100003041,15
2023-01-04 12:00:00,100003042,18
2023-01-04 12:00:00,100004575,2
2023-01-04 12:00:00,100007390,38
2023-01-04 12:00:00,100011747,0
2023-01-04 12:00:00,100011748,13
2023-01-04 12:00:00,100011783,9
2023-01-04 12:00:00,100012217,28
2023-01-04 12:00:00,100012218,11
2023-01-04 12:00:00,100017441,14
2023-01-04 12:00:00,100017523,0
2023-01-04 12:00:00,100025474,58
2023-01-04 12:00:00,100034805,0
2023-01-04 12:00:00,100035408,10
2023-01-04 12:00:00,100035409,4
2023-01-04 12:00:00,100041114,4
2023-01-04 12:00:00,100047030,0
2023-01-04 12:00:00,100052600,12
2023-01-04 12:00:00,100052602,2
2023-01-04 12:00:00,100052603,1
2023-01-04 12:00:00,100052604,0
2023-01-04 12:00:00,100052605,2
2023-01-04 12:00:00,100052606,1
2023-01-04 12:00:00,100053055,1
2023-01-04 12:00:00,100053059,3
2023-01-04 12:00:00,100053209,2
2023-01-04 12:00:00,100053210,5
2023-01-04 12:00:00,100054073,1
2023-01-04 12:00:00,100054241,1
2023-01-04 12:00:00,100054585,1
2023-01-04 12:00:00,100055268,0
2023-01-04 12:00:00,100056188,0
2023-01-04 12:00:00,100057050,1
2023-01-04 12:00:00,100057051,0
2023-01-04 12:00:00,100057052,0
2023-01-04 12:00:00,100057053,0
2023-01-04 12:00:00,300014916,11
2023-01-04 12:00:00,300014985,0
2023-01-04 12:00:00,300014986,21
2023-01-04 12:00:00,300014993,3
2023-01-04 12:00:00,300014994,5
2023-01-04 12:00:00,300014995,20
2023-01-04 12:00:00,300014996,11
2023-01-04 12:00:00,300020478,14
2023-01-04 12:00:00,300020679,28
2023-01-04 12:00:00,300020816,16
2023-01-04 12:00:00,300020817,14
2023-01-04 12:00:00,300021685,0
2023-01-04 12:00:00,300022314,6
2023-01-04 12:00:00,300028650,11
2023-01-04 12:00:00,300032161,0
2023-01-04 13:00:00,100001753,5
2023-01-04 13:00:00,100002880,11
2023-01-04 13:00:00,100003032,37
2023-01-04 13:00:00,100003034,28
2023-01-04 13:00:00,100003039,43
2023-01-04 13:00:00,100003040,3
2023-01-04 13:00:00,100003041,22
2023-01-04 13:00:00,100003042,27
2023-01-04 13:00:00,100004575,0
2023-01-04 13:00:00,100007390,31
2023-01-04 13:00:00,100011747,0
2023-01-04 13:00:00,100011748,5
2023-01-04 13:00:00,100011783,16
2023-01-04 13:00:00,100012217,23
2023-01-04 13:00:00,100012218,12
2023-01-04 13:00:00,100017441,17
2023-01-04 13:00:00,100017523,0
2023-01-04 13:00:00,100025474,61
2023-01-04 13:00:00,100034805,0
2023-01-04 13:00:00,100035408,5
2023-01-04 13:00:00,100035409,5
2023-01-04 13:00:00,100041114,2
2023-01-04 13:00:00,100047030,0
2023-01-04 13:00:00,100052600,16
2023-01-04 13:00:00,100052602,2
2023-01-04 13:00:00,100052603,2
2023-01-04 13:00:00,100052604,0
2023-01-04 13:00:00,100052605,1
2023-01-04 13:00:00,100052606,2
2023-01-04 13:00:00,100053055,1
2023-01-04 13:00:00,100053059,1
2023-01-04 13:00:00,100053209,1
2023-01-04 13:00:00,100053210,4
2023-01-04 13:00:00,100054073,4
2023-01-04 13:00:00,100054241,3
2023-01-04 13:00:00,100054585,1
2023-01-04 13:00:00,100055268,0
2023-01-04 13:00:00,100056188,0
2023-01-04 13:00:00,100057050,2
2023-01-04 13:00:00,100057051,0
2023-01-04 13:00:00,100057052,0
2023-01-04 13:00:00,100057053,0
2023-01-04 13:00:00,300014916,18
2023-01-04 13:00:00,300014985,0
2023-01-04 13:00:00,300014986,22
2023-01-04 13:00:00,300014993,11
2023-01-04 13:00:00,300014994,9
2023-01-04 13:00:00,300014995,25
2023-01-04 13:00:00,300014996,20
2023-01-04 13:00:00,300020478,22
2023-01-04 13:00:00,300020679,33
2023-01-04 13:00:00,300020816,15
2023-01-04 13:00:00,300020817,14
2023-01-04 13:00:00,300021685,1
2023-01-04 13:00:00,300022314,10
2023-01-04 13:00:00,300028650,11
2023-01-04 13:00:00,300032161,0
2023-01-04 14:00:00,100001753,4
2023-01-04 14:00:00,100002880,15
2023-01-04 14:00:00,100003032,35
2023-01-04 14:00:00,100003034,41
2023-01-04 14:00:00,100003039,41
2023-01-04 14:00:00,100003040,1
2023-01-04 14:00:00,100003041,22
2023-01-04 14:00:00,100003042,13
2023-01-04 14:00:00,100004575,0
2023-01-04 14:00:00,100007390,29
2023-01-04 14:00:00,100011747,0
2023-01-04 14:00:00,100011748,14
2023-01-04 14:00:00,100011783,8
2023-01-04 14:00:00,100012217,37
2023-01-04 14:00:00,100012218,13
2023-01-04 14:00:00,100017441,14
2023-01-04 14:00:00,100017523,0
2023-01-04 14:00:00,100025474,41
2023-01-04 14:00:00,100034805,0
2023-01-04 14:00:00,100035408,12
2023-01-04 14:00:00,100035409,9
2023-01-04 14:00:00,100041114,1
2023-01-04 14:00:00,100047030,1
2023-01-04 14:00:00,100052600,25
2023-01-04 14:00:00,100052602,1
2023-01-04 14:00:00,100052603,3
2023-01-04 14:00:00,100052604,0
2023-01-04 14:00:00,100052605,4
2023-01-04 14:00:00,100052606,0
2023-01-04 14:00:00,100053055,1
2023-01-04 14:00:00,100053059,4
2023-01-04 14:00:00,100053209,5
2023-01-04 14:00:00,100053210,8
2023-01-04 14:00:00,100054073,1
2023-01-04 14:00:00,100054241,1
2023-01-04 14:00:00,100054585,2
2023-01-04 14:00:00,100055268,0
2023-01-04 14:00:00,100056188,0
2023-01-04 14:00:00,100057050,0
2023-01-04 14:00:00,100057051,0
2023-01-04 14:00:00,100057052,0
2023-01-04 14:00:00,100057053,0
2023-01-04 14:00:00,300014916,27
2023-01-04 14:00:00,300014985,0
2023-01-04 14:00:00,300014986,25
2023-01-04 14:00:00,300014993,9
2023-01-04 14:00:00,300014994,11
2023-01-04 14:00:00,300014995,35
2023-01-04 14:00:00,300014996,24
2023-01-04 14:00:00,300020478,21
2023-01-04 14:00:00,300020679,38
2023-01-04 14:00:00,300020816,16
2023-01-04 14:00:00,300020817,13
2023-01-04 14:00:00,300021685,0
2023-01-04 14:00:00,300022314,9
2023-01-04 14:00:00,300028650,7
2023-01-04 14:00:00,300032161,0
2023-01-04 15:00:00,100001753,13
2023-01-04 15:00:00,100002880,37
2023-01-04 15:00:00,100003032,39
2023-01-04 15:00:00,100003034,42
2023-01-04 15:00:00,100003039,37
2023-01-04 15:00:00,100003040,2
2023-01-04 15:00:00,100003041,26
2023-01-04 15:00:00,100003042,18
2023-01-04 15:00:00,100004575,0
2023-01-04 15:00:00,100007390,39
2023-01-04 15:00:00,100011747,0
2023-01-04 15:00:00,100011748,11
2023-01-04 15:00:00,100011783,13
2023-01-04 15:00:00,100012217,40
2023-01-04 15:00:00,100012218,18
2023-01-04 15:00:00,100017441,23
2023-01-04 15:00:00,100017523,0
2023-01-04 15:00:00,100025474,69
2023-01-04 15:00:00,100034805,0
2023-01-04 15:00:00,100035408,12
2023-01-04 15:00:00,100035409,5
2023-01-04 15:00:00,100041114,4
2023-01-04 15:00:00,100047030,2
2023-01-04 15:00:00,100052600,21
2023-01-04 15:00:00,100052602,1
2023-01-04 15:00:00,100052603,8
2023-01-04 15:00:00,100052604,0
2023-01-04 15:00:00,100052605,11
2023-01-04 15:00:00,100052606,5
2023-01-04 15:00:00,100053055,2
2023-01-04 15:00:00,100053059,4
2023-01-04 15:00:00,100053209,7
2023-01-04 15:00:00,100053210,9
2023-01-04 15:00:00,100054073,4
2023-01-04 15:00:00,100054241,4
2023-01-04 15:00:00,100054585,5
2023-01-04 15:00:00,100055268,0
2023-01-04 15:00:00,100056188,0
2023-01-04 15:00:00,100057050,1
2023-01-04 15:00:00,100057051,0
2023-01-04 15:00:00,100057052,0
2023-01-04 15:00:00,100057053,0
2023-01-04 15:00:00,300014916,32
2023-01-04 15:00:00,300014985,0
2023-01-04 15:00:00,300014986,24
2023-01-04 15:00:00,300014993,12
2023-01-04 15:00:00,300014994,9
2023-01-04 15:00:00,300014995,24
2023-01-04 15:00:00,300014996,24
2023-01-04 15:00:00,300020478,15
2023-01-04 15:00:00,300020679,39
2023-01-04 15:00:00,300020816,17
2023-01-04 15:00:00,300020817,14
2023-01-04 15:00:00,300021685,0
2023-01-04 15:00:00,300022314,3
2023-01-04 15:00:00,300028650,11
2023-01-04 15:00:00,300032161,0
2023-01-04 16:00:00,100001753,12
2023-01-04 16:00:00,100002880,32
2023-01-04 16:00:00,100003032,50
2023-01-04 16:00:00,100003034,64
2023-01-04 16:00:00,100003039,45
2023-01-04 16:00:00,100003040,0
2023-01-04 16:00:00,100003041,37
2023-01-04 16:00:00,100003042,39
2023-01-04 16:00:00,100004575,0
2023-01-04 16:00:00,100007390,45
2023-01-04 16:00:00,100011747,0
2023-01-04 16:00:00,100011748,14
2023-01-04 16:00:00,100011783,21
2023-01-04 16:00:00,100012217,41
2023-01-04 16:00:00,100012218,15
2023-01-04 16:00:00,100017441,30
2023-01-04 16:00:00,100017523,0
2023-01-04 16:00:00,100025474,80
2023-01-04 16:00:00,100034805,0
2023-01-04 16:00:00,100035408,19
2023-01-04 16:00:00,100035409,9
2023-01-04 16:00:00,100041114,9
2023-01-04 16:00:00,100047030,0
2023-01-04 16:00:00,100052600,18
2023-01-04 16:00:00,100052602,3
2023-01-04 16:00:00,100052603,10
2023-01-04 16:00:00,100052604,0
2023-01-04 16:00:00,100052605,5
2023-01-04 16:00:00,100052606,1
2023-01-04 16:00:00,100053055,2
2023-01-04 16:00:00,100053059,3
2023-01-04 16:00:00,100053209,5
2023-01-04 16:00:00,100053210,6
2023-01-04 16:00:00,100054073,3
2023-01-04 16:00:00,100054241,2
2023-01-04 16:00:00,100054585,1
2023-01-04 16:00:00,100055268,0
2023-01-04 16:00:00,100056188,0
2023-01-04 16:00:00,100057050,1
2023-01-04 16:00:00,100057051,0
2023-01-04 16:00:00,100057052,0
2023-01-04 16:00:00,100057053,0
2023-01-04 16:00:00,300014916,29
2023-01-04 16:00:00,300014985,0
2023-01-04 16:00:00,300014986,46
2023-01-04 16:00:00,300014993,10
2023-01-04 16:00:00,300014994,10
2023-01-04 16:00:00,300014995,48
2023-01-04 16:00:00,300014996,21
2023-01-04 16:00:00,300020478,22
2023-01-04 16:00:00,300020679,61
2023-01-04 16:00:00,300020816,28
2023-01-04 16:00:00,300020817,21
2023-01-04 16:00:00,300021685,1
2023-01-04 16:00:00,300022314,6
2023-01-04 16:00:00,300028650,13
2023-01-04 16:00:00,300032161,0
2023-01-04 17:00:00,100001753,10
2023-01-04 17:00:00,100002880,34
2023-01-04 17:00:00,100003032,58
2023-01-04 17:00:00,100003034,63
2023-01-04 17:00:00,100003039,62
2023-01-04 17:00:00,100003040,0
2023-01-04 17:00:00,100003041,22
2023-01-04 17:00:00,100003042,43
2023-01-04 17:00:00,100004575,0
2023-01-04 17:00:00,100007390,45
2023-01-04 17:00:00,100011747,0
2023-01-04 17:00:00,100011748,13
2023-01-04 17:00:00,100011783,18
2023-01-04 17:00:00,100012217,29
2023-01-04 17:00:00,100012218,17
2023-01-04 17:00:00,100017441,49
2023-01-04 17:00:00,100017523,0
2023-01-04 17:00:00,100025474,88
2023-01-04 17:00:00,100034805,0
2023-01-04 17:00:00,100035408,17
2023-01-04 17:00:00,100035409,4
2023-01-04 17:00:00,100041114,1
2023-01-04 17:00:00,100047030,1
2023-01-04 17:00:00,100052600,30
2023-01-04 17:00:00,100052602,0
2023-01-04 17:00:00,100052603,7
2023-01-04 17:00:00,100052604,0
2023-01-04 17:00:00,100052605,0
2023-01-04 17:00:00,100052606,3
2023-01-04 17:00:00,100053055,0
2023-01-04 17:00:00,100053059,0
2023-01-04 17:00:00,100053209,2
2023-01-04 17:00:00,100053210,6
2023-01-04 17:00:00,100054073,4
2023-01-04 17:00:00,100054241,2
2023-01-04 17:00:00,100054585,2
2023-01-04 17:00:00,100055268,0
2023-01-04 17:00:00,100056188,0
2023-01-04 17:00:00,100057050,0
2023-01-04 17:00:00,100057051,0
2023-01-04 17:00:00,100057052,0
2023-01-04 17:00:00,100057053,0
2023-01-04 17:00:00,300014916,21
2023-01-04 17:00:00,300014985,0
2023-01-04 17:00:00,300014986,59
2023-01-04 17:00:00,300014993,11
2023-01-04 17:00:00,300014994,8
2023-01-04 17:00:00,300014995,55
2023-01-04 17:00:00,300014996,35
2023-01-04 17:00:00,300020478,26
2023-01-04 17:00:00,300020679,58
2023-01-04 17:00:00,300020816,19
2023-01-04 17:00:00,300020817,31
2023-01-04 17:00:00,300021685,1
2023-01-04 17:00:00,300022314,13
2023-01-04 17:00:00,300028650,15
2023-01-04 17:00:00,300032161,0
2023-01-04 18:00:00,100001753,6
2023-01-04 18:00:00,100002880,19
2023-01-04 18:00:00,100003032,45
2023-01-04 18:00:00,100003034,35
2023-01-04 18:00:00,100003039,32
2023-01-04 18:00:00,100003040,1
2023-01-04 18:00:00,100003041,22
2023-01-04 18:00:00,100003042,36
2023-01-04 18:00:00,100004575,0
2023-01-04 18:00:00,100007390,49
2023-01-04 18:00:00,100011747,0
2023-01-04 18:00:00,100011748,8
2023-01-04 18:00:00,100011783,15
2023-01-04 18:00:00,100012217,32
2023-01-04 18:00:00,100012218,11
2023-01-04 18:00:00,100017441,19
2023-01-04 18:00:00,100017523,0
2023-01-04 18:00:00,100025474,58
2023-01-04 18:00:00,100034805,0
2023-01-04 18:00:00,100035408,16
2023-01-04 18:00:00,100035409,3
2023-01-04 18:00:00,100041114,3
2023-01-04 18:00:00,100047030,4
2023-01-04 18:00:00,100052600,17
2023-01-04 18:00:00,100052602,0
2023-01-04 18:00:00,100052603,6
2023-01-04 18:00:00,100052604,0
2023-01-04 18:00:00,100052605,1
2023-01-04 18:00:00,100052606,3
2023-01-04 18:00:00,100053055,2
2023-01-04 18:00:00,100053059,2
2023-01-04 18:00:00,100053209,2
2023-01-04 18:00:00,100053210,0
2023-01-04 18:00:00,100054073,1
2023-01-04 18:00:00,100054241,4
2023-01-04 18:00:00,100054585,0
2023-01-04 18:00:00,100055268,0
2023-01-04 18:00:00,100056188,0
2023-01-04 18:00:00,100057050,1
2023-01-04 18:00:00,100057051,0
2023-01-04 18:00:00,100057052,0
2023-01-04 18:00:00,100057053,0
2023-01-04 18:00:00,300014916,9
2023-01-04 18:00:00,300014985,0
2023-01-04 18:00:00,300014986,40
2023-01-04 18:00:00,300014993,10
2023-01-04 18:00:00,300014994,7
2023-01-04 18:00:00,300014995,39
2023-01-04 18:00:00,300014996,19
2023-01-04 18:00:00,300020478,20
2023-01-04 18:00:00,300020679,33
2023-01-04 18:00:00,300020816,15
2023-01-04 18:00:00,300020817,28
2023-01-04 18:00:00,300021685,0
2023-01-04 18:00:00,300022314,11
2023-01-04 18:00:00,300028650,12
2023-01-04 18:00:00,300032161,0
2023-01-04 19:00:00,100001753,0
2023-01-04 19:00:00,100002880,6
2023-01-04 19:00:00,100003032,28
2023-01-04 19:00:00,100003034,30
2023-01-04 19:00:00,100003039,26
2023-01-04 19:00:00,100003040,0
2023-01-04 19:00:00,100003041,19
2023-01-04 19:00:00,100003042,13
2023-01-04 19:00:00,100004575,0
2023-01-04 19:00:00,100007390,24
2023-01-04 19:00:00,100011747,0
2023-01-04 19:00:00,100011748,2
2023-01-04 19:00:00,100011783,8
2023-01-04 19:00:00,100012217,20
2023-01-04 19:00:00,100012218,8
2023-01-04 19:00:00,100017441,5
2023-01-04 19:00:00,100017523,0
2023-01-04 19:00:00,100025474,39
2023-01-04 19:00:00,100034805,0
2023-01-04 19:00:00,100035408,3
2023-01-04 19:00:00,100035409,2
2023-01-04 19:00:00,100041114,0
2023-01-04 19:00:00,100047030,1
2023-01-04 19:00:00,100052600,13
2023-01-04 19:00:00,100052602,0
2023-01-04 19:00:00,100052603,3
2023-01-04 19:00:00,100052604,0
2023-01-04 19:00:00,100052605,1
2023-01-04 19:00:00,100052606,0
2023-01-04 19:00:00,100053055,0
2023-01-04 19:00:00,100053059,0
2023-01-04 19:00:00,100053209,0
2023-01-04 19:00:00,100053210,2
2023-01-04 19:00:00,100054073,6
2023-01-04 19:00:00,100054241,1
2023-01-04 19:00:00,100054585,2
2023-01-04 19:00:00,100055268,0
2023-01-04 19:00:00,100056188,0
2023-01-04 19:00:00,100057050,0
2023-01-04 19:00:00,100057051,0
2023-01-04 19:00:00,100057052,0
2023-01-04 19:00:00,100057053,0
2023-01-04 19:00:00,300014916,6
2023-01-04 19:00:00,300014985,0
2023-01-04 19:00:00,300014986,18
2023-01-04 19:00:00,300014993,2
2023-01-04 19:00:00,300014994,3
2023-01-04 19:00:00,300014995,18
2023-01-04 19:00:00,300014996,18
2023-01-04 19:00:00,300020478,12
2023-01-04 19:00:00,300020679,30
2023-01-04 19:00:00,300020816,17
2023-01-04 19:00:00,300020817,14
2023-01-04 19:00:00,300021685,0
2023-01-04 19:00:00,300022314,10
2023-01-04 19:00:00,300028650,6
2023-01-04 19:00:00,300032161,0
2023-01-04 20:00:00,100001753,2
2023-01-04 20:00:00,100002880,3
2023-01-04 20:00:00,100003032,17
2023-01-04 20:00:00,100003034,12
2023-01-04 20:00:00,100003039,19
2023-01-04 20:00:00,100003040,3
2023-01-04 20:00:00,100003041,12
2023-01-04 20:00:00,100003042,7
2023-01-04 20:00:00,100004575,0
2023-01-04 20:00:00,100007390,8
2023-01-04 20:00:00,100011747,0
2023-01-04 20:00:00,100011748,0
2023-01-04 20:00:00,100011783,4
2023-01-04 20:00:00,100012217,8
2023-01-04 20:00:00,100012218,14
2023-01-04 20:00:00,100017441,6
2023-01-04 20:00:00,100017523,0
2023-01-04 20:00:00,100025474,23
2023-01-04 20:00:00,100034805,0
2023-01-04 20:00:00,100035408,2
2023-01-04 20:00:00,100035409,0
2023-01-04 20:00:00,100041114,0
2023-01-04 20:00:00,100047030,0
2023-01-04 20:00:00,100052600,6
2023-01-04 20:00:00,100052602,0
2023-01-04 20:00:00,100052603,2
2023-01-04 20:00:00,100052604,0
2023-01-04 20:00:00,100052605,1
2023-01-04 20:00:00,100052606,0
2023-01-04 20:00:00,100053055,0
2023-01-04 20:00:00,100053059,0
2023-01-04 20:00:00,100053209,0
2023-01-04 20:00:00,100053210,1
2023-01-04 20:00:00,100054073,1
2023-01-04 20:00:00,100054241,0
2023-01-04 20:00:00,100054585,0
2023-01-04 20:00:00,100055268,0
2023-01-04 20:00:00,100056188,0
2023-01-04 20:00:00,100057050,0
2023-01-04 20:00:00,100057051,0
2023-01-04 20:00:00,100057052,0
2023-01-04 20:00:00,100057053,10
2023-01-04 20:00:00,300014916,3
2023-01-04 20:00:00,300014985,0
2023-01-04 20:00:00,300014986,12
2023-01-04 20:00:00,300014993,4
2023-01-04 20:00:00,300014994,2
2023-01-04 20:00:00,300014995,16
2023-01-04 20:00:00,300014996,4
2023-01-04 20:00:00,300020478,6
2023-01-04 20:00:00,300020679,15
2023-01-04 20:00:00,300020816,6
2023-01-04 20:00:00,300020817,6
2023-01-04 20:00:00,300021685,0
2023-01-04 20:00:00,300022314,6
2023-01-04 20:00:00,300028650,3
2023-01-04 20:00:00,300032161,0
2023-01-04 21:00:00,100001753,0
2023-01-04 21:00:00,100002880,2
2023-01-04 21:00:00,100003032,9
2023-01-04 21:00:00,100003034,13
2023-01-04 21:00:00,100003039,6
2023-01-04 21:00:00,100003040,1
2023-01-04 21:00:00,100003041,7
2023-01-04 21:00:00,100003042,2
2023-01-04 21:00:00,100004575,0
2023-01-04 21:00:00,100007390,21
2023-01-04 21:00:00,100011747,0
2023-01-04 21:00:00,100011748,0
2023-01-04 21:00:00,100011783,6
2023-01-04 21:00:00,100012217,7
2023-01-04 21:00:00,100012218,7
2023-01-04 21:00:00,100017441,5
2023-01-04 21:00:00,100017523,0
2023-01-04 21:00:00,100025474,18
2023-01-04 21:00:00,100034805,0
2023-01-04 21:00:00,100035408,3
2023-01-04 21:00:00,100035409,0
2023-01-04 21:00:00,100041114,0
2023-01-04 21:00:00,100047030,0
2023-01-04 21:00:00,100052600,3
2023-01-04 21:00:00,100052602,0
2023-01-04 21:00:00,100052603,0
2023-01-04 21:00:00,100052604,0
2023-01-04 21:00:00,100052605,0
2023-01-04 21:00:00,100052606,2
2023-01-04 21:00:00,100053055,0
2023-01-04 21:00:00,100053059,0
2023-01-04 21:00:00,100053209,0
2023-01-04 21:00:00,100053210,0
2023-01-04 21:00:00,100054073,0
2023-01-04 21:00:00,100054241,0
2023-01-04 21:00:00,100054585,0
2023-01-04 21:00:00,100055268,0
2023-01-04 21:00:00,100056188,0
2023-01-04 21:00:00,100057050,0
2023-01-04 21:00:00,100057051,0
2023-01-04 21:00:00,100057052,0
2023-01-04 21:00:00,100057053,6
2023-01-04 21:00:00,300014916,2
2023-01-04 21:00:00,300014985,0
2023-01-04 21:00:00,300014986,11
2023-01-04 21:00:00,300014993,0
2023-01-04 21:00:00,300014994,0
2023-01-04 21:00:00,300014995,10
2023-01-04 21:00:00,300014996,4
2023-01-04 21:00:00,300020478,5
2023-01-04 21:00:00,300020679,15
2023-01-04 21:00:00,300020816,3
2023-01-04 21:00:00,300020817,9
2023-01-04 21:00:00,300021685,0
2023-01-04 21:00:00,300022314,3
2023-01-04 21:00:00,300028650,4
2023-01-04 21:00:00,300032161,0
2023-01-04 22:00:00,100001753,1
2023-01-04 22:00:00,100002880,5
2023-01-04 22:00:00,100003032,7
2023-01-04 22:00:00,100003034,6
2023-01-04 22:00:00,100003039,5
2023-01-04 22:00:00,100003040,3
2023-01-04 22:00:00,100003041,7
2023-01-04 22:00:00,100003042,4
2023-01-04 22:00:00,100004575,0
2023-01-04 22:00:00,100007390,10
2023-01-04 22:00:00,100011747,0
2023-01-04 22:00:00,100011748,1
2023-01-04 22:00:00,100011783,1
2023-01-04 22:00:00,100012217,2
2023-01-04 22:00:00,100012218,7
2023-01-04 22:00:00,100017441,1
2023-01-04 22:00:00,100017523,0
2023-01-04 22:00:00,100025474,2
2023-01-04 22:00:00,100034805,0
2023-01-04 22:00:00,100035408,1
2023-01-04 22:00:00,100035409,0
2023-01-04 22:00:00,100041114,0
2023-01-04 22:00:00,100047030,1
2023-01-04 22:00:00,100052600,5
2023-01-04 22:00:00,100052602,0
2023-01-04 22:00:00,100052603,2
2023-01-04 22:00:00,100052604,0
2023-01-04 22:00:00,100052605,1
2023-01-04 22:00:00,100052606,2
2023-01-04 22:00:00,100053055,0
2023-01-04 22:00:00,100053059,0
2023-01-04 22:00:00,100053209,0
2023-01-04 22:00:00,100053210,0
2023-01-04 22:00:00,100054073,0
2023-01-04 22:00:00,100054241,0
2023-01-04 22:00:00,100054585,0
2023-01-04 22:00:00,100055268,0
2023-01-04 22:00:00,100056188,0
2023-01-04 22:00:00,100057050,0
2023-01-04 22:00:00,100057051,0
2023-01-04 22:00:00,100057052,0
2023-01-04 22:00:00,100057053,0
2023-01-04 22:00:00,300014916,6
2023-01-04 22:00:00,300014985,0
2023-01-04 22:00:00,300014986,10
2023-01-04 22:00:00,300014993,4
2023-01-04 22:00:00,300014994,3
2023-01-04 22:00:00,300014995,4
2023-01-04 22:00:00,300014996,1
2023-01-04 22:00:00,300020478,4
2023-01-04 22:00:00,300020679,9
2023-01-04 22:00:00,300020816,2
2023-01-04 22:00:00,300020817,4
2023-01-04 22:00:00,300021685,0
2023-01-04 22:00:00,300022314,1
2023-01-04 22:00:00,300028650,3
2023-01-04 22:00:00,300032161,0
2023-01-04 23:00:00,100001753,0
2023-01-04 23:00:00,100002880,5
2023-01-04 23:00:00,100003032,6
2023-01-04 23:00:00,100003034,9
2023-01-04 23:00:00,100003039,3
2023-01-04 23:00:00,100003040,0
2023-01-04 23:00:00,100003041,0
2023-01-04 23:00:00,100003042,1
2023-01-04 23:00:00,100004575,0
2023-01-04 23:00:00,100007390,11
2023-01-04 23:00:00,100011747,0
2023-01-04 23:00:00,100011748,0
2023-01-04 23:00:00,100011783,3
2023-01-04 23:00:00,100012217,2
2023-01-04 23:00:00,100012218,0
2023-01-04 23:00:00,100017441,4
2023-01-04 23:00:00,100017523,0
2023-01-04 23:00:00,100025474,10
2023-01-04 23:00:00,100034805,0
2023-01-04 23:00:00,100035408,0
2023-01-04 23:00:00,100035409,0
2023-01-04 23:00:00,100041114,0
2023-01-04 23:00:00,100047030,0
2023-01-04 23:00:00,100052600,3
2023-01-04 23:00:00,100052602,1
2023-01-04 23:00:00,100052603,0
2023-01-04 23:00:00,100052604,0
2023-01-04 23:00:00,100052605,1
2023-01-04 23:00:00,100052606,0
2023-01-04 23:00:00,100053055,1
2023-01-04 23:00:00,100053059,0
2023-01-04 23:00:00,100053209,0
2023-01-04 23:00:00,100053210,1
2023-01-04 23:00:00,100054073,0
2023-01-04 23:00:00,100054241,0
2023-01-04 23:00:00,100054585,0
2023-01-04 23:00:00,100055268,0
2023-01-04 23:00:00,100056188,0
2023-01-04 23:00:00,100057050,0
2023-01-04 23:00:00,100057051,0
2023-01-04 23:00:00,100057052,0
2023-01-04 23:00:00,100057053,1
2023-01-04 23:00:00,300014916,2
2023-01-04 23:00:00,300014985,0
2023-01-04 23:00:00,300014986,9
2023-01-04 23:00:00,300014993,0
2023-01-04 23:00:00,300014994,0
2023-01-04 23:00:00,300014995,5
2023-01-04 23:00:00,300014996,2
2023-01-04 23:00:00,300020478,1
2023-01-04 23:00:00,300020679,3
2023-01-04 23:00:00,300020816,2
2023-01-04 23:00:00,300020817,1
2023-01-04 23:00:00,300021685,0
2023-01-04 23:00:00,300022314,2
2023-01-04 23:00:00,300028650,0
2023-01-04 23:00:00,300032161,0
2023-01-05 00:00:00,100001753,0
2023-01-05 00:00:00,100002880,0
2023-01-05 00:00:00,100003032,1
2023-01-05 00:00:00,100003034,1
2023-01-05 00:00:00,100003039,1
2023-01-05 00:00:00,100003040,0
2023-01-05 00:00:00,100003041,0
2023-01-05 00:00:00,100003042,0
2023-01-05 00:00:00,100004575,0
2023-01-05 00:00:00,100007390,3
2023-01-05 00:00:00,100011747,0
2023-01-05 00:00:00,100011748,0
2023-01-05 00:00:00,100011783,0
2023-01-05 00:00:00,100012217,2
2023-01-05 00:00:00,100012218,2
2023-01-05 00:00:00,100017441,0
2023-01-05 00:00:00,100017523,0
2023-01-05 00:00:00,100025474,5
2023-01-05 00:00:00,100034805,0
2023-01-05 00:00:00,100035408,2
2023-01-05 00:00:00,100035409,0
2023-01-05 00:00:00,100041114,0
2023-01-05 00:00:00,100047030,0
2023-01-05 00:00:00,100052600,1
2023-01-05 00:00:00,100052602,0
2023-01-05 00:00:00,100052603,0
2023-01-05 00:00:00,100052604,0
2023-01-05 00:00:00,100052605,1
2023-01-05 00:00:00,100052606,0
2023-01-05 00:00:00,100053055,0
2023-01-05 00:00:00,100053059,0
2023-01-05 00:00:00,100053209,0
2023-01-05 00:00:00,100053210,1
2023-01-05 00:00:00,100054073,0
2023-01-05 00:00:00,100054241,0
2023-01-05 00:00:00,100054585,0
2023-01-05 00:00:00,100055268,0
2023-01-05 00:00:00,100056188,0
2023-01-05 00:00:00,100057050,0
2023-01-05 00:00:00,100057051,0
2023-01-05 00:00:00,100057052,0
2023-01-05 00:00:00,100057053,0
2023-01-05 00:00:00,300014916,0
2023-01-05 00:00:00,300014985,0
2023-01-05 00:00:00,300014986,3
2023-01-05 00:00:00,300014993,0
2023-01-05 00:00:00,300014994,1
2023-01-05 00:00:00,300014995,7
2023-01-05 00:00:00,300014996,2
2023-01-05 00:00:00,300020478,0
2023-01-05 00:00:00,300020679,3
2023-01-05 00:00:00,300020816,1
2023-01-05 00:00:00,300020817,1
2023-01-05 00:00:00,300021685,0
2023-01-05 00:00:00,300022314,0
2023-01-05 00:00:00,300028650,0
2023-01-05 00:00:00,300032161,0
2023-01-05 01:00:00,100001753,0
2023-01-05 01:00:00,100002880,17
2023-01-05 01:00:00,100003032,0
2023-01-05 01:00:00,100003034,1
2023-01-05 01:00:00,100003039,0
2023-01-05 01:00:00,100003040,0
2023-01-05 01:00:00,100003041,0
2023-01-05 01:00:00,100003042,2
2023-01-05 01:00:00,100004575,0
2023-01-05 01:00:00,100007390,0
2023-01-05 01:00:00,100011747,0
2023-01-05 01:00:00,100011748,0
2023-01-05 01:00:00,100011783,1
2023-01-05 01:00:00,100012217,1
2023-01-05 01:00:00,100012218,0
2023-01-05 01:00:00,100017441,0
2023-01-05 01:00:00,100017523,0
2023-01-05 01:00:00,100025474,3
2023-01-05 01:00:00,100034805,0
2023-01-05 01:00:00,100035408,0
2023-01-05 01:00:00,100035409,0
2023-01-05 01:00:00,100041114,0
2023-01-05 01:00:00,100047030,0
2023-01-05 01:00:00,100052600,3
2023-01-05 01:00:00,100052602,0
2023-01-05 01:00:00,100052603,0
2023-01-05 01:00:00,100052604,0
2023-01-05 01:00:00,100052605,0
2023-01-05 01:00:00,100052606,0
2023-01-05 01:00:00,100053055,0
2023-01-05 01:00:00,100053059,0
2023-01-05 01:00:00,100053209,0
2023-01-05 01:00:00,100053210,0
2023-01-05 01:00:00,100054073,0
2023-01-05 01:00:00,100054241,0
2023-01-05 01:00:00,100054585,0
2023-01-05 01:00:00,100055268,0
2023-01-05 01:00:00,100056188,0
2023-01-05 01:00:00,100057050,1
2023-01-05 01:00:00,100057051,0
2023-01-05 01:00:00,100057052,0
2023-01-05 01:00:00,100057053,0
2023-01-05 01:00:00,300014916,0
2023-01-05 01:00:00,300014985,0
2023-01-05 01:00:00,300014986,3
2023-01-05 01:00:00,300014993,0
2023-01-05 01:00:00,300014994,0
2023-01-05 01:00:00,300014995,0
2023-01-05 01:00:00,300014996,1
2023-01-05 01:00:00,300020478,2
2023-01-05 01:00:00,300020679,4
2023-01-05 01:00:00,300020816,6
2023-01-05 01:00:00,300020817,1
2023-01-05 01:00:00,300021685,0
2023-01-05 01:00:00,300022314,0
2023-01-05 01:00:00,300028650,0
2023-01-05 01:00:00,300032161,0
2023-01-05 02:00:00,100001753,0
2023-01-05 02:00:00,100002880,0
2023-01-05 02:00:00,100003032,0
2023-01-05 02:00:00,100003034,1
2023-01-05 02:00:00,100003039,0
2023-01-05 02:00:00,100003040,0
2023-01-05 02:00:00,100003041,0
2023-01-05 02:00:00,100003042,0
2023-01-05 02:00:00,100004575,0
2023-01-05 02:00:00,100007390,1
2023-01-05 02:00:00,100011747,0
2023-01-05 02:00:00,100011748,0
2023-01-05 02:00:00,100011783,4
2023-01-05 02:00:00,100012217,2
2023-01-05 02:00:00,100012218,0
2023-01-05 02:00:00,100017441,0
2023-01-05 02:00:00,100017523,0
2023-01-05 02:00:00,100025474,3
2023-01-05 02:00:00,100034805,0
2023-01-05 02:00:00,100035408,0
2023-01-05 02:00:00,100035409,0
2023-01-05 02:00:00,100041114,0
2023-01-05 02:00:00,100047030,0
2023-01-05 02:00:00,100052600,1
2023-01-05 02:00:00,100052602,0
2023-01-05 02:00:00,100052603,0
2023-01-05 02:00:00,100052604,0
2023-01-05 02:00:00,100052605,0
2023-01-05 02:00:00,100052606,0
2023-01-05 02:00:00,100053055,1
2023-01-05 02:00:00,100053059,0
2023-01-05 02:00:00,100053209,0
2023-01-05 02:00:00,100053210,0
2023-01-05 02:00:00,100054073,0
2023-01-05 02:00:00,100054241,0
2023-01-05 02:00:00,100054585,0
2023-01-05 02:00:00,100055268,0
2023-01-05 02:00:00,100056188,0
2023-01-05 02:00:00,100057050,0
2023-01-05 02:00:00,100057051,0
2023-01-05 02:00:00,100057052,0
2023-01-05 02:00:00,100057053,0
2023-01-05 02:00:00,300014916,0
2023-01-05 02:00:00,300014985,0
2023-01-05 02:00:00,300014986,1
2023-01-05 02:00:00,300014993,0
2023-01-05 02:00:00,300014994,0
2023-01-05 02:00:00,300014995,2
2023-01-05 02:00:00,300014996,1
2023-01-05 02:00:00,300020478,0
2023-01-05 02:00:00,300020679,1
2023-01-05 02:00:00,300020816,3
2023-01-05 02:00:00,300020817,0
2023-01-05 02:00:00,300021685,0
2023-01-05 02:00:00,300022314,1
2023-01-05 02:00:00,300028650,0
2023-01-05 02:00:00,300032161,0
2023-01-05 03:00:00,100001753,0
2023-01-05 03:00:00,100002880,10
2023-01-05 03:00:00,100003032,0
2023-01-05 03:00:00,100003034,2
2023-01-05 03:00:00,100003039,1
2023-01-05 03:00:00,100003040,0
2023-01-05 03:00:00,100003041,0
2023-01-05 03:00:00,100003042,0
2023-01-05 03:00:00,100004575,0
2023-01-05 03:00:00,100007390,0
2023-01-05 03:00:00,100011747,0
2023-01-05 03:00:00,100011748,0
2023-01-05 03:00:00,100011783,4
2023-01-05 03:00:00,100012217,1
2023-01-05 03:00:00,100012218,0
2023-01-05 03:00:00,100017441,0
2023-01-05 03:00:00,100017523,0
2023-01-05 03:00:00,100025474,0
2023-01-05 03:00:00,100034805,0
2023-01-05 03:00:00,100035408,0
2023-01-05 03:00:00,100035409,0
2023-01-05 03:00:00,100041114,0
2023-01-05 03:00:00,100047030,0
2023-01-05 03:00:00,100052600,2
2023-01-05 03:00:00,100052602,0
2023-01-05 03:00:00,100052603,0
2023-01-05 03:00:00,100052604,0
2023-01-05 03:00:00,100052605,0
2023-01-05 03:00:00,100052606,0
2023-01-05 03:00:00,100053055,1
2023-01-05 03:00:00,100053059,0
2023-01-05 03:00:00,100053209,0
2023-01-05 03:00:00,100053210,0
2023-01-05 03:00:00,100054073,0
2023-01-05 03:00:00,100054241,0
2023-01-05 03:00:00,100054585,0
2023-01-05 03:00:00,100055268,0
2023-01-05 03:00:00,100056188,0
2023-01-05 03:00:00,100057050,0
2023-01-05 03:00:00,100057051,0
2023-01-05 03:00:00,100057052,0
2023-01-05 03:00:00,100057053,0
2023-01-05 03:00:00,300014916,0
2023-01-05 03:00:00,300014985,0
2023-01-05 03:00:00,300014986,0
2023-01-05 03:00:00,300014993,0
2023-01-05 03:00:00,300014994,1
2023-01-05 03:00:00,300014995,1
2023-01-05 03:00:00,300014996,0
2023-01-05 03:00:00,300020478,0
2023-01-05 03:00:00,300020679,0
2023-01-05 03:00:00,300020816,0
2023-01-05 03:00:00,300020817,0
2023-01-05 03:00:00,300021685,0
2023-01-05 03:00:00,300022314,0
2023-01-05 03:00:00,300028650,0
2023-01-05 03:00:00,300032161,0
2023-01-05 04:00:00,100001753,0
2023-01-05 04:00:00,100002880,9
2023-01-05 04:00:00,100003032,1
2023-01-05 04:00:00,100003034,2
2023-01-05 04:00:00,100003039,4
2023-01-05 04:00:00,100003040,0
2023-01-05 04:00:00,100003041,0
2023-01-05 04:00:00,100003042,0
2023-01-05 04:00:00,100004575,0
2023-01-05 04:00:00,100007390,2
2023-01-05 04:00:00,100011747,0
2023-01-05 04:00:00,100011748,2
2023-01-05 04:00:00,100011783,2
2023-01-05 04:00:00,100012217,0
2023-01-05 04:00:00,100012218,0
2023-01-05 04:00:00,100017441,0
2023-01-05 04:00:00,100017523,0
2023-01-05 04:00:00,100025474,1
2023-01-05 04:00:00,100034805,0
2023-01-05 04:00:00,100035408,0
2023-01-05 04:00:00,100035409,0
2023-01-05 04:00:00,100041114,0
2023-01-05 04:00:00,100047030,0
2023-01-05 04:00:00,100052600,1
2023-01-05 04:00:00,100052602,3
2023-01-05 04:00:00,100052603,0
2023-01-05 04:00:00,100052604,0
2023-01-05 04:00:00,100052605,0
2023-01-05 04:00:00,100052606,0
2023-01-05 04:00:00,100053055,1
2023-01-05 04:00:00,100053059,0
2023-01-05 04:00:00,100053209,0
2023-01-05 04:00:00,100053210,0
2023-01-05 04:00:00,100054073,1
2023-01-05 04:00:00,100054241,0
2023-01-05 04:00:00,100054585,0
2023-01-05 04:00:00,100055268,0
2023-01-05 04:00:00,100056188,0
2023-01-05 04:00:00,100057050,0
2023-01-05 04:00:00,100057051,0
2023-01-05 04:00:00,100057052,0
2023-01-05 04:00:00,100057053,0
2023-01-05 04:00:00,300014916,0
2023-01-05 04:00:00,300014985,0
2023-01-05 04:00:00,300014986,1
2023-01-05 04:00:00,300014993,0
2023-01-05 04:00:00,300014994,0
2023-01-05 04:00:00,300014995,0
2023-01-05 04:00:00,300014996,1
2023-01-05 04:00:00,300020478,0
2023-01-05 04:00:00,300020679,1
2023-01-05 04:00:00,300020816,0
2023-01-05 04:00:00,300020817,0
2023-01-05 04:00:00,300021685,0
2023-01-05 04:00:00,300022314,0
2023-01-05 04:00:00,300028650,0
2023-01-05 04:00:00,300032161,0
2023-01-05 05:00:00,100001753,1
2023-01-05 05:00:00,100002880,1
2023-01-05 05:00:00,100003032,4
2023-01-05 05:00:00,100003034,2
2023-01-05 05:00:00,100003039,0
2023-01-05 05:00:00,100003040,0
2023-01-05 05:00:00,100003041,0
2023-01-05 05:00:00,100003042,0
2023-01-05 05:00:00,100004575,0
2023-01-05 05:00:00,100007390,0
2023-01-05 05:00:00,100011747,0
2023-01-05 05:00:00,100011748,1
2023-01-05 05:00:00,100011783,1
2023-01-05 05:00:00,100012217,1
2023-01-05 05:00:00,100012218,0
2023-01-05 05:00:00,100017441,4
2023-01-05 05:00:00,100017523,0
2023-01-05 05:00:00,100025474,0
2023-01-05 05:00:00,100034805,0
2023-01-05 05:00:00,100035408,0
2023-01-05 05:00:00,100035409,0
2023-01-05 05:00:00,100041114,0
2023-01-05 05:00:00,100047030,0
2023-01-05 05:00:00,100052600,0
2023-01-05 05:00:00,100052602,0
2023-01-05 05:00:00,100052603,0
2023-01-05 05:00:00,100052604,0
2023-01-05 05:00:00,100052605,2
2023-01-05 05:00:00,100052606,0
2023-01-05 05:00:00,100053055,0
2023-01-05 05:00:00,100053059,0
2023-01-05 05:00:00,100053209,0
2023-01-05 05:00:00,100053210,0
2023-01-05 05:00:00,100054073,0
2023-01-05 05:00:00,100054241,0
2023-01-05 05:00:00,100054585,0
2023-01-05 05:00:00,100055268,0
2023-01-05 05:00:00,100056188,0
2023-01-05 05:00:00,100057050,0
2023-01-05 05:00:00,100057051,0
2023-01-05 05:00:00,100057052,0
2023-01-05 05:00:00,100057053,0
2023-01-05 05:00:00,300014916,1
2023-01-05 05:00:00,300014985,0
2023-01-05 05:00:00,300014986,1
2023-01-05 05:00:00,300014993,0
2023-01-05 05:00:00,300014994,0
2023-01-05 05:00:00,300014995,1
2023-01-05 05:00:00,300014996,1
2023-01-05 05:00:00,300020478,0
2023-01-05 05:00:00,300020679,2
2023-01-05 05:00:00,300020816,1
2023-01-05 05:00:00,300020817,0
2023-01-05 05:00:00,300021685,0
2023-01-05 05:00:00,300022314,1
2023-01-05 05:00:00,300028650,0
2023-01-05 05:00:00,300032161,0
2023-01-05 06:00:00,100001753,1
2023-01-05 06:00:00,100002880,1
2023-01-05 06:00:00,100003032,1
2023-01-05 06:00:00,100003034,8
2023-01-05 06:00:00,100003039,3
2023-01-05 06:00:00,100003040,0
2023-01-05 06:00:00,100003041,0
2023-01-05 06:00:00,100003042,3
2023-01-05 06:00:00,100004575,0
2023-01-05 06:00:00,100007390,0
2023-01-05 06:00:00,100011747,0
2023-01-05 06:00:00,100011748,3
2023-01-05 06:00:00,100011783,2
2023-01-05 06:00:00,100012217,4
2023-01-05 06:00:00,100012218,3
2023-01-05 06:00:00,100017441,3
2023-01-05 06:00:00,100017523,0
2023-01-05 06:00:00,100025474,10
2023-01-05 06:00:00,100034805,0
2023-01-05 06:00:00,100035408,0
2023-01-05 06:00:00,100035409,0
2023-01-05 06:00:00,100041114,1
2023-01-05 06:00:00,100047030,0
2023-01-05 06:00:00,100052600,7
2023-01-05 06:00:00,100052602,1
2023-01-05 06:00:00,100052603,0
2023-01-05 06:00:00,100052604,0
2023-01-05 06:00:00,100052605,0
2023-01-05 06:00:00,100052606,2
2023-01-05 06:00:00,100053055,0
2023-01-05 06:00:00,100053059,0
2023-01-05 06:00:00,100053209,0
2023-01-05 06:00:00,100053210,0
2023-01-05 06:00:00,100054073,1
2023-01-05 06:00:00,100054241,0
2023-01-05 06:00:00,100054585,1
2023-01-05 06:00:00,100055268,0
2023-01-05 06:00:00,100056188,0
2023-01-05 06:00:00,100057050,3
2023-01-05 06:00:00,100057051,0
2023-01-05 06:00:00,100057052,0
2023-01-05 06:00:00,100057053,3
2023-01-05 06:00:00,300014916,3
2023-01-05 06:00:00,300014985,0
2023-01-05 06:00:00,300014986,1
2023-01-05 06:00:00,300014993,0
2023-01-05 06:00:00,300014994,2
2023-01-05 06:00:00,300014995,0
2023-01-05 06:00:00,300014996,2
2023-01-05 06:00:00,300020478,3
2023-01-05 06:00:00,300020679,7
2023-01-05 06:00:00,300020816,4
2023-01-05 06:00:00,300020817,0
2023-01-05 06:00:00,300021685,1
2023-01-05 06:00:00,300022314,4
2023-01-05 06:00:00,300028650,1
2023-01-05 06:00:00,300032161,0
2023-01-05 07:00:00,100001753,3
2023-01-05 07:00:00,100002880,8
2023-01-05 07:00:00,100003032,9
2023-01-05 07:00:00,100003034,16
2023-01-05 07:00:00,100003039,5
2023-01-05 07:00:00,100003040,0
2023-01-05 07:00:00,100003041,4
2023-01-05 07:00:00,100003042,0
2023-01-05 07:00:00,100004575,0
2023-01-05 07:00:00,100007390,0
2023-01-05 07:00:00,100011747,0
2023-01-05 07:00:00,100011748,4
2023-01-05 07:00:00,100011783,2
2023-01-05 07:00:00,100012217,5
2023-01-05 07:00:00,100012218,2
2023-01-05 07:00:00,100017441,0
2023-01-05 07:00:00,100017523,0
2023-01-05 07:00:00,100025474,14
2023-01-05 07:00:00,100034805,0
2023-01-05 07:00:00,100035408,0
2023-01-05 07:00:00,100035409,1
2023-01-05 07:00:00,100041114,0
2023-01-05 07:00:00,100047030,0
2023-01-05 07:00:00,100052600,3
2023-01-05 07:00:00,100052602,0
2023-01-05 07:00:00,100052603,0
2023-01-05 07:00:00,100052604,0
2023-01-05 07:00:00,100052605,0
2023-01-05 07:00:00,100052606,1
2023-01-05 07:00:00,100053055,0
2023-01-05 07:00:00,100053059,0
2023-01-05 07:00:00,100053209,0
2023-01-05 07:00:00,100053210,0
2023-01-05 07:00:00,100054073,2
2023-01-05 07:00:00,100054241,0
2023-01-05 07:00:00,100054585,1
2023-01-05 07:00:00,100055268,0
2023-01-05 07:00:00,100056188,0
2023-01-05 07:00:00,100057050,0
2023-01-05 07:00:00,100057051,0
2023-01-05 07:00:00,100057052,0
2023-01-05 07:00:00,100057053,0
2023-01-05 07:00:00,300014916,10
2023-01-05 07:00:00,300014985,0
2023-01-05 07:00:00,300014986,5
2023-01-05 07:00:00,300014993,8
2023-01-05 07:00:00,300014994,0
2023-01-05 07:00:00,300014995,4
2023-01-05 07:00:00,300014996,16
2023-01-05 07:00:00,300020478,2
2023-01-05 07:00:00,300020679,9
2023-01-05 07:00:00,300020816,16
2023-01-05 07:00:00,300020817,1
2023-01-05 07:00:00,300021685,0
2023-01-05 07:00:00,300022314,3
2023-01-05 07:00:00,300028650,4
2023-01-05 07:00:00,300032161,0
2023-01-05 08:00:00,100001753,5
2023-01-05 08:00:00,100002880,7
2023-01-05 08:00:00,100003032,8
2023-01-05 08:00:00,100003034,47
2023-01-05 08:00:00,100003039,16
2023-01-05 08:00:00,100003040,0
2023-01-05 08:00:00,100003041,11
2023-01-05 08:00:00,100003042,17
2023-01-05 08:00:00,100004575,0
2023-01-05 08:00:00,100007390,2
2023-01-05 08:00:00,100011747,0
2023-01-05 08:00:00,100011748,3
2023-01-05 08:00:00,100011783,12
2023-01-05 08:00:00,100012217,10
2023-01-05 08:00:00,100012218,2
2023-01-05 08:00:00,100017441,14
2023-01-05 08:00:00,100017523,0
2023-01-05 08:00:00,100025474,44
2023-01-05 08:00:00,100034805,0
2023-01-05 08:00:00,100035408,2
2023-01-05 08:00:00,100035409,3
2023-01-05 08:00:00,100041114,0
2023-01-05 08:00:00,100047030,0
2023-01-05 08:00:00,100052600,16
2023-01-05 08:00:00,100052602,0
2023-01-05 08:00:00,100052603,0
2023-01-05 08:00:00,100052604,0
2023-01-05 08:00:00,100052605,0
2023-01-05 08:00:00,100052606,0
2023-01-05 08:00:00,100053055,0
2023-01-05 08:00:00,100053059,3
2023-01-05 08:00:00,100053209,0
2023-01-05 08:00:00,100053210,2
2023-01-05 08:00:00,100054073,1
2023-01-05 08:00:00,100054241,0
2023-01-05 08:00:00,100054585,0
2023-01-05 08:00:00,100055268,0
2023-01-05 08:00:00,100056188,0
2023-01-05 08:00:00,100057050,0
2023-01-05 08:00:00,100057051,0
2023-01-05 08:00:00,100057052,0
2023-01-05 08:00:00,100057053,0
2023-01-05 08:00:00,300014916,5
2023-01-05 08:00:00,300014985,0
2023-01-05 08:00:00,300014986,15
2023-01-05 08:00:00,300014993,2
2023-01-05 08:00:00,300014994,3
2023-01-05 08:00:00,300014995,9
2023-01-05 08:00:00,300014996,33
2023-01-05 08:00:00,300020478,30
2023-01-05 08:00:00,300020679,38
2023-01-05 08:00:00,300020816,24
2023-01-05 08:00:00,300020817,9
2023-01-05 08:00:00,300021685,0
2023-01-05 08:00:00,300022314,3
2023-01-05 08:00:00,300028650,6
2023-01-05 08:00:00,300032161,0
2023-01-05 09:00:00,100001753,4
2023-01-05 09:00:00,100002880,10
2023-01-05 09:00:00,100003032,4
2023-01-05 09:00:00,100003034,25
2023-01-05 09:00:00,100003039,16
2023-01-05 09:00:00,100003040,0
2023-01-05 09:00:00,100003041,5
2023-01-05 09:00:00,100003042,7
2023-01-05 09:00:00,100004575,0
2023-01-05 09:00:00,100007390,3
2023-01-05 09:00:00,100011747,0
2023-01-05 09:00:00,100011748,7
2023-01-05 09:00:00,100011783,3
2023-01-05 09:00:00,100012217,7
2023-01-05 09:00:00,100012218,6
2023-01-05 09:00:00,100017441,5
2023-01-05 09:00:00,100017523,0
2023-01-05 09:00:00,100025474,32
2023-01-05 09:00:00,100034805,0
2023-01-05 09:00:00,100035408,0
2023-01-05 09:00:00,100035409,0
2023-01-05 09:00:00,100041114,0
2023-01-05 09:00:00,100047030,0
2023-01-05 09:00:00,100052600,9
2023-01-05 09:00:00,100052602,0
2023-01-05 09:00:00,100052603,0
2023-01-05 09:00:00,100052604,0
2023-01-05 09:00:00,100052605,0
2023-01-05 09:00:00,100052606,2
2023-01-05 09:00:00,100053055,0
2023-01-05 09:00:00,100053059,0
2023-01-05 09:00:00,100053209,1
2023-01-05 09:00:00,100053210,2
2023-01-05 09:00:00,100054073,1
2023-01-05 09:00:00,100054241,1
2023-01-05 09:00:00,100054585,0
2023-01-05 09:00:00,100055268,0
2023-01-05 09:00:00,100056188,0
2023-01-05 09:00:00,100057050,0
2023-01-05 09:00:00,100057051,0
2023-01-05 09:00:00,100057052,0
2023-01-05 09:00:00,100057053,0
2023-01-05 09:00:00,300014916,6
2023-01-05 09:00:00,300014985,0
2023-01-05 09:00:00,300014986,9
2023-01-05 09:00:00,300014993,8
2023-01-05 09:00:00,300014994,1
2023-01-05 09:00:00,300014995,6
2023-01-05 09:00:00,300014996,22
2023-01-05 09:00:00,300020478,7
2023-01-05 09:00:00,300020679,26
2023-01-05 09:00:00,300020816,10
2023-01-05 09:00:00,300020817,4
2023-01-05 09:00:00,300021685,0
2023-01-05 09:00:00,300022314,0
2023-01-05 09:00:00,300028650,4
2023-01-05 09:00:00,300032161,0
2023-01-05 10:00:00,100001753,3
2023-01-05 10:00:00,100002880,1
2023-01-05 10:00:00,100003032,3
2023-01-05 10:00:00,100003034,21
2023-01-05 10:00:00,100003039,14
2023-01-05 10:00:00,100003040,0
2023-01-05 10:00:00,100003041,0
2023-01-05 10:00:00,100003042,4
2023-01-05 10:00:00,100004575,0
2023-01-05 10:00:00,100007390,8
2023-01-05 10:00:00,100011747,0
2023-01-05 10:00:00,100011748,1
2023-01-05 10:00:00,100011783,3
2023-01-05 10:00:00,100012217,7
2023-01-05 10:00:00,100012218,6
2023-01-05 10:00:00,100017441,5
2023-01-05 10:00:00,100017523,0
2023-01-05 10:00:00,100025474,17
2023-01-05 10:00:00,100034805,0
2023-01-05 10:00:00,100035408,0
2023-01-05 10:00:00,100035409,1
2023-01-05 10:00:00,100041114,1
2023-01-05 10:00:00,100047030,0
2023-01-05 10:00:00,100052600,6
2023-01-05 10:00:00,100052602,0
2023-01-05 10:00:00,100052603,0
2023-01-05 10:00:00,100052604,0
2023-01-05 10:00:00,100052605,1
2023-01-05 10:00:00,100052606,1
2023-01-05 10:00:00,100053055,0
2023-01-05 10:00:00,100053059,0
2023-01-05 10:00:00,100053209,1
2023-01-05 10:00:00,100053210,3
2023-01-05 10:00:00,100054073,0
2023-01-05 10:00:00,100054241,0
2023-01-05 10:00:00,100054585,0
2023-01-05 10:00:00,100055268,0
2023-01-05 10:00:00,100056188,0
2023-01-05 10:00:00,100057050,0
2023-01-05 10:00:00,100057051,0
2023-01-05 10:00:00,100057052,0
2023-01-05 10:00:00,100057053,0
2023-01-05 10:00:00,300014916,4
2023-01-05 10:00:00,300014985,0
2023-01-05 10:00:00,300014986,5
2023-01-05 10:00:00,300014993,2
2023-01-05 10:00:00,300014994,0
2023-01-05 10:00:00,300014995,11
2023-01-05 10:00:00,300014996,15
2023-01-05 10:00:00,300020478,6
2023-01-05 10:00:00,300020679,21
2023-01-05 10:00:00,300020816,7
2023-01-05 10:00:00,300020817,2
2023-01-05 10:00:00,300021685,0
2023-01-05 10:00:00,300022314,0
2023-01-05 10:00:00,300028650,4
2023-01-05 10:00:00,300032161,0
2023-01-05 11:00:00,100001753,1
2023-01-05 11:00:00,100002880,8
2023-01-05 11:00:00,100003032,13
2023-01-05 11:00:00,100003034,7
2023-01-05 11:00:00,100003039,22
2023-01-05 11:00:00,100003040,0
2023-01-05 11:00:00,100003041,8
2023-01-05 11:00:00,100003042,7
2023-01-05 11:00:00,100004575,0
2023-01-05 11:00:00,100007390,3
2023-01-05 11:00:00,100011747,0
2023-01-05 11:00:00,100011748,1
2023-01-05 11:00:00,100011783,3
2023-01-05 11:00:00,100012217,12
2023-01-05 11:00:00,100012218,4
2023-01-05 11:00:00,100017441,11
2023-01-05 11:00:00,100017523,0
2023-01-05 11:00:00,100025474,13
2023-01-05 11:00:00,100034805,0
2023-01-05 11:00:00,100035408,2
2023-01-05 11:00:00,100035409,0
2023-01-05 11:00:00,100041114,1
2023-01-05 11:00:00,100047030,0
2023-01-05 11:00:00,100052600,1
2023-01-05 11:00:00,100052602,0
2023-01-05 11:00:00,100052603,1
2023-01-05 11:00:00,100052604,0
2023-01-05 11:00:00,100052605,0
2023-01-05 11:00:00,100052606,1
2023-01-05 11:00:00,100053055,1
2023-01-05 11:00:00,100053059,1
2023-01-05 11:00:00,100053209,0
2023-01-05 11:00:00,100053210,2
2023-01-05 11:00:00,100054073,1
2023-01-05 11:00:00,100054241,1
2023-01-05 11:00:00,100054585,1
2023-01-05 11:00:00,100055268,0
2023-01-05 11:00:00,100056188,0
2023-01-05 11:00:00,100057050,0
2023-01-05 11:00:00,100057051,0
2023-01-05 11:00:00,100057052,0
2023-01-05 11:00:00,100057053,0
2023-01-05 11:00:00,300014916,4
2023-01-05 11:00:00,300014985,0
2023-01-05 11:00:00,300014986,4
2023-01-05 11:00:00,300014993,0
2023-01-05 11:00:00,300014994,2
2023-01-05 11:00:00,300014995,5
2023-01-05 11:00:00,300014996,8
2023-01-05 11:00:00,300020478,7
2023-01-05 11:00:00,300020679,13
2023-01-05 11:00:00,300020816,5
2023-01-05 11:00:00,300020817,3
2023-01-05 11:00:00,300021685,0
2023-01-05 11:00:00,300022314,2
2023-01-05 11:00:00,300028650,2
2023-01-05 11:00:00,300032161,0
2023-01-05 12:00:00,100001753,1
2023-01-05 12:00:00,100002880,3
2023-01-05 12:00:00,100003032,14
2023-01-05 12:00:00,100003034,18
2023-01-05 12:00:00,100003039,13
2023-01-05 12:00:00,100003040,0
2023-01-05 12:00:00,100003041,9
2023-01-05 12:00:00,100003042,10
2023-01-05 12:00:00,100004575,0
2023-01-05 12:00:00,100007390,5
2023-01-05 12:00:00,100011747,0
2023-01-05 12:00:00,100011748,4
2023-01-05 12:00:00,100011783,1
2023-01-05 12:00:00,100012217,13
2023-01-05 12:00:00,100012218,8
2023-01-05 12:00:00,100017441,7
2023-01-05 12:00:00,100017523,0
2023-01-05 12:00:00,100025474,39
2023-01-05 12:00:00,100034805,0
2023-01-05 12:00:00,100035408,3
2023-01-05 12:00:00,100035409,1
2023-01-05 12:00:00,100041114,0
2023-01-05 12:00:00,100047030,0
2023-01-05 12:00:00,100052600,11
2023-01-05 12:00:00,100052602,0
2023-01-05 12:00:00,100052603,2
2023-01-05 12:00:00,100052604,0
2023-01-05 12:00:00,100052605,0
2023-01-05 12:00:00,100052606,1
2023-01-05 12:00:00,100053055,1
2023-01-05 12:00:00,100053059,0
2023-01-05 12:00:00,100053209,1
2023-01-05 12:00:00,100053210,2
2023-01-05 12:00:00,100054073,1
2023-01-05 12:00:00,100054241,0
2023-01-05 12:00:00,100054585,1
2023-01-05 12:00:00,100055268,0
2023-01-05 12:00:00,100056188,0
2023-01-05 12:00:00,100057050,0
2023-01-05 12:00:00,100057051,0
2023-01-05 12:00:00,100057052,0
2023-01-05 12:00:00,100057053,0
2023-01-05 12:00:00,300014916,6
2023-01-05 12:00:00,300014985,0
2023-01-05 12:00:00,300014986,8
2023-01-05 12:00:00,300014993,2
2023-01-05 12:00:00,300014994,4
2023-01-05 12:00:00,300014995,12
2023-01-05 12:00:00,300014996,13
2023-01-05 12:00:00,300020478,12
2023-01-05 12:00:00,300020679,17
2023-01-05 12:00:00,300020816,6
2023-01-05 12:00:00,300020817,3
2023-01-05 12:00:00,300021685,0
2023-01-05 12:00:00,300022314,2
2023-01-05 12:00:00,300028650,5
2023-01-05 12:00:00,300032161,0
2023-01-05 13:00:00,100001753,2
2023-01-05 13:00:00,100002880,6
2023-01-05 13:00:00,100003032,15
2023-01-05 13:00:00,100003034,17
2023-01-05 13:00:00,100003039,16
2023-01-05 13:00:00,100003040,0
2023-01-05 13:00:00,100003041,9
2023-01-05 13:00:00,100003042,3
2023-01-05 13:00:00,100004575,0
2023-01-05 13:00:00,100007390,3
2023-01-05 13:00:00,100011747,0
2023-01-05 13:00:00,100011748,2
2023-01-05 13:00:00,100011783,4
2023-01-05 13:00:00,100012217,6
2023-01-05 13:00:00,100012218,3
2023-01-05 13:00:00,100017441,8
2023-01-05 13:00:00,100017523,0
2023-01-05 13:00:00,100025474,15
2023-01-05 13:00:00,100034805,0
2023-01-05 13:00:00,100035408,4
2023-01-05 13:00:00,100035409,1
2023-01-05 13:00:00,100041114,1
2023-01-05 13:00:00,100047030,0
2023-01-05 13:00:00,100052600,15
2023-01-05 13:00:00,100052602,0
2023-01-05 13:00:00,100052603,0
2023-01-05 13:00:00,100052604,0
2023-01-05 13:00:00,100052605,0
2023-01-05 13:00:00,100052606,0
2023-01-05 13:00:00,100053055,0
2023-01-05 13:00:00,100053059,0
2023-01-05 13:00:00,100053209,3
2023-01-05 13:00:00,100053210,0
2023-01-05 13:00:00,100054073,1
2023-01-05 13:00:00,100054241,0
2023-01-05 13:00:00,100054585,0
2023-01-05 13:00:00,100055268,0
2023-01-05 13:00:00,100056188,0
2023-01-05 13:00:00,100057050,0
2023-01-05 13:00:00,100057051,0
2023-01-05 13:00:00,100057052,0
2023-01-05 13:00:00,100057053,0
2023-01-05 13:00:00,300014916,9
2023-01-05 13:00:00,300014985,9
2023-01-05 13:00:00,300014986,6
2023-01-05 13:00:00,300014993,4
2023-01-05 13:00:00,300014994,1
2023-01-05 13:00:00,300014995,8
2023-01-05 13:00:00,300014996,9
2023-01-05 13:00:00,300020478,8
2023-01-05 13:00:00,300020679,12
2023-01-05 13:00:00,300020816,9
2023-01-05 13:00:00,300020817,6
2023-01-05 13:00:00,300021685,0
2023-01-05 13:00:00,300022314,2
2023-01-05 13:00:00,300028650,8
2023-01-05 13:00:00,300032161,0
2023-01-05 14:00:00,100001753,2
2023-01-05 14:00:00,100002880,10
2023-01-05 14:00:00,100003032,12
2023-01-05 14:00:00,100003034,18
2023-01-05 14:00:00,100003039,13
2023-01-05 14:00:00,100003040,0
2023-01-05 14:00:00,100003041,11
2023-01-05 14:00:00,100003042,10
2023-01-05 14:00:00,100004575,0
2023-01-05 14:00:00,100007390,10
2023-01-05 14:00:00,100011747,0
2023-01-05 14:00:00,100011748,4
2023-01-05 14:00:00,100011783,5
2023-01-05 14:00:00,100012217,12
2023-01-05 14:00:00,100012218,4
2023-01-05 14:00:00,100017441,12
2023-01-05 14:00:00,100017523,0
2023-01-05 14:00:00,100025474,17
2023-01-05 14:00:00,100034805,0
2023-01-05 14:00:00,100035408,5
2023-01-05 14:00:00,100035409,2
2023-01-05 14:00:00,100041114,2
2023-01-05 14:00:00,100047030,0
2023-01-05 14:00:00,100052600,9
2023-01-05 14:00:00,100052602,0
2023-01-05 14:00:00,100052603,0
2023-01-05 14:00:00,100052604,0
2023-01-05 14:00:00,100052605,0
2023-01-05 14:00:00,100052606,0
2023-01-05 14:00:00,100053055,1
2023-01-05 14:00:00,100053059,0
2023-01-05 14:00:00,100053209,1
2023-01-05 14:00:00,100053210,5
2023-01-05 14:00:00,100054073,0
2023-01-05 14:00:00,100054241,1
2023-01-05 14:00:00,100054585,1
2023-01-05 14:00:00,100055268,0
2023-01-05 14:00:00,100056188,0
2023-01-05 14:00:00,100057050,0
2023-01-05 14:00:00,100057051,0
2023-01-05 14:00:00,100057052,0
2023-01-05 14:00:00,100057053,0
2023-01-05 14:00:00,300014916,5
2023-01-05 14:00:00,300014985,10
2023-01-05 14:00:00,300014986,10
2023-01-05 14:00:00,300014993,4
2023-01-05 14:00:00,300014994,3
2023-01-05 14:00:00,300014995,11
2023-01-05 14:00:00,300014996,12
2023-01-05 14:00:00,300020478,9
2023-01-05 14:00:00,300020679,12
2023-01-05 14:00:00,300020816,3
2023-01-05 14:00:00,300020817,6
2023-01-05 14:00:00,300021685,0
2023-01-05 14:00:00,300022314,3
2023-01-05 14:00:00,300028650,7
2023-01-05 14:00:00,300032161,0
2023-01-05 15:00:00,100001753,3
2023-01-05 15:00:00,100002880,11
2023-01-05 15:00:00,100003032,11
2023-01-05 15:00:00,100003034,25
2023-01-05 15:00:00,100003039,21
2023-01-05 15:00:00,100003040,1
2023-01-05 15:00:00,100003041,20
2023-01-05 15:00:00,100003042,5
2023-01-05 15:00:00,100004575,0
2023-01-05 15:00:00,100007390,8
2023-01-05 15:00:00,100011747,0
2023-01-05 15:00:00,100011748,5
2023-01-05 15:00:00,100011783,7
2023-01-05 15:00:00,100012217,12
2023-01-05 15:00:00,100012218,7
2023-01-05 15:00:00,100017441,10
2023-01-05 15:00:00,100017523,0
2023-01-05 15:00:00,100025474,15
2023-01-05 15:00:00,100034805,0
2023-01-05 15:00:00,100035408,2
2023-01-05 15:00:00,100035409,5
2023-01-05 15:00:00,100041114,0
2023-01-05 15:00:00,100047030,0
2023-01-05 15:00:00,100052600,10
2023-01-05 15:00:00,100052602,2
2023-01-05 15:00:00,100052603,0
2023-01-05 15:00:00,100052604,0
2023-01-05 15:00:00,100052605,0
2023-01-05 15:00:00,100052606,1
2023-01-05 15:00:00,100053055,0
2023-01-05 15:00:00,100053059,0
2023-01-05 15:00:00,100053209,3
2023-01-05 15:00:00,100053210,0
2023-01-05 15:00:00,100054073,0
2023-01-05 15:00:00,100054241,1
2023-01-05 15:00:00,100054585,0
2023-01-05 15:00:00,100055268,0
2023-01-05 15:00:00,100056188,0
2023-01-05 15:00:00,100057050,0
2023-01-05 15:00:00,100057051,0
2023-01-05 15:00:00,100057052,0
2023-01-05 15:00:00,100057053,0
2023-01-05 15:00:00,300014916,8
2023-01-05 15:00:00,300014985,11
2023-01-05 15:00:00,300014986,11
2023-01-05 15:00:00,300014993,2
2023-01-05 15:00:00,300014994,2
2023-01-05 15:00:00,300014995,13
2023-01-05 15:00:00,300014996,5
2023-01-05 15:00:00,300020478,11
2023-01-05 15:00:00,300020679,21
2023-01-05 15:00:00,300020816,5
2023-01-05 15:00:00,300020817,5
2023-01-05 15:00:00,300021685,0
2023-01-05 15:00:00,300022314,1
2023-01-05 15:00:00,300028650,4
2023-01-05 15:00:00,300032161,0
2023-01-05 16:00:00,100001753,2
2023-01-05 16:00:00,100002880,11
2023-01-05 16:00:00,100003032,34
2023-01-05 16:00:00,100003034,46
2023-01-05 16:00:00,100003039,22
2023-01-05 16:00:00,100003040,0
2023-01-05 16:00:00,100003041,16
2023-01-05 16:00:00,100003042,3
2023-01-05 16:00:00,100004575,0
2023-01-05 16:00:00,100007390,6
2023-01-05 16:00:00,100011747,0
2023-01-05 16:00:00,100011748,6
2023-01-05 16:00:00,100011783,9
2023-01-05 16:00:00,100012217,15
2023-01-05 16:00:00,100012218,9
2023-01-05 16:00:00,100017441,13
2023-01-05 16:00:00,100017523,0
2023-01-05 16:00:00,100025474,31
2023-01-05 16:00:00,100034805,0
2023-01-05 16:00:00,100035408,9
2023-01-05 16:00:00,100035409,3
2023-01-05 16:00:00,100041114,0
2023-01-05 16:00:00,100047030,0
2023-01-05 16:00:00,100052600,14
2023-01-05 16:00:00,100052602,0
2023-01-05 16:00:00,100052603,0
2023-01-05 16:00:00,100052604,0
2023-01-05 16:00:00,100052605,4
2023-01-05 16:00:00,100052606,1
2023-01-05 16:00:00,100053055,0
2023-01-05 16:00:00,100053059,1
2023-01-05 16:00:00,100053209,0
2023-01-05 16:00:00,100053210,2
2023-01-05 16:00:00,100054073,1
2023-01-05 16:00:00,100054241,2
2023-01-05 16:00:00,100054585,0
2023-01-05 16:00:00,100055268,0
2023-01-05 16:00:00,100056188,0
2023-01-05 16:00:00,100057050,0
2023-01-05 16:00:00,100057051,0
2023-01-05 16:00:00,100057052,0
2023-01-05 16:00:00,100057053,0
2023-01-05 16:00:00,300014916,7
2023-01-05 16:00:00,300014985,12
2023-01-05 16:00:00,300014986,18
2023-01-05 16:00:00,300014993,3
2023-01-05 16:00:00,300014994,3
2023-01-05 16:00:00,300014995,28
2023-01-05 16:00:00,300014996,14
2023-01-05 16:00:00,300020478,8
2023-01-05 16:00:00,300020679,28
2023-01-05 16:00:00,300020816,8
2023-01-05 16:00:00,300020817,13
2023-01-05 16:00:00,300021685,1
2023-01-05 16:00:00,300022314,3
2023-01-05 16:00:00,300028650,9
2023-01-05 16:00:00,300032161,0
2023-01-05 17:00:00,100001753,2
2023-01-05 17:00:00,100002880,15
2023-01-05 17:00:00,100003032,35
2023-01-05 17:00:00,100003034,54
2023-01-05 17:00:00,100003039,26
2023-01-05 17:00:00,100003040,1
2023-01-05 17:00:00,100003041,35
2023-01-05 17:00:00,100003042,25
2023-01-05 17:00:00,100004575,0
2023-01-05 17:00:00,100007390,8
2023-01-05 17:00:00,100011747,0
2023-01-05 17:00:00,100011748,2
2023-01-05 17:00:00,100011783,8
2023-01-05 17:00:00,100012217,16
2023-01-05 17:00:00,100012218,12
2023-01-05 17:00:00,100017441,16
2023-01-05 17:00:00,100017523,0
2023-01-05 17:00:00,100025474,35
2023-01-05 17:00:00,100034805,0
2023-01-05 17:00:00,100035408,14
2023-01-05 17:00:00,100035409,5
2023-01-05 17:00:00,100041114,0
2023-01-05 17:00:00,100047030,0
2023-01-05 17:00:00,100052600,32
2023-01-05 17:00:00,100052602,0
2023-01-05 17:00:00,100052603,1
2023-01-05 17:00:00,100052604,0
2023-01-05 17:00:00,100052605,0
2023-01-05 17:00:00,100052606,1
2023-01-05 17:00:00,100053055,0
2023-01-05 17:00:00,100053059,0
2023-01-05 17:00:00,100053209,0
2023-01-05 17:00:00,100053210,0
2023-01-05 17:00:00,100054073,0
2023-01-05 17:00:00,100054241,2
2023-01-05 17:00:00,100054585,0
2023-01-05 17:00:00,100055268,0
2023-01-05 17:00:00,100056188,0
2023-01-05 17:00:00,100057050,0
2023-01-05 17:00:00,100057051,0
2023-01-05 17:00:00,100057052,0
2023-01-05 17:00:00,100057053,0
2023-01-05 17:00:00,300014916,13
2023-01-05 17:00:00,300014985,17
2023-01-05 17:00:00,300014986,42
2023-01-05 17:00:00,300014993,8
2023-01-05 17:00:00,300014994,2
2023-01-05 17:00:00,300014995,48
2023-01-05 17:00:00,300014996,16
2023-01-05 17:00:00,300020478,10
2023-01-05 17:00:00,300020679,44
2023-01-05 17:00:00,300020816,15
2023-01-05 17:00:00,300020817,27
2023-01-05 17:00:00,300021685,0
2023-01-05 17:00:00,300022314,5
2023-01-05 17:00:00,300028650,7
2023-01-05 17:00:00,300032161,0
2023-01-05 18:00:00,100001753,1
2023-01-05 18:00:00,100002880,7
2023-01-05 18:00:00,100003032,21
2023-01-05 18:00:00,100003034,32
2023-01-05 18:00:00,100003039,25
2023-01-05 18:00:00,100003040,1
2023-01-05 18:00:00,100003041,13
2023-01-05 18:00:00,100003042,14
2023-01-05 18:00:00,100004575,0
2023-01-05 18:00:00,100007390,12
2023-01-05 18:00:00,100011747,0
2023-01-05 18:00:00,100011748,4
2023-01-05 18:00:00,100011783,2
2023-01-05 18:00:00,100012217,17
2023-01-05 18:00:00,100012218,5
2023-01-05 18:00:00,100017441,10
2023-01-05 18:00:00,100017523,0
2023-01-05 18:00:00,100025474,24
2023-01-05 18:00:00,100034805,0
2023-01-05 18:00:00,100035408,1
2023-01-05 18:00:00,100035409,3
2023-01-05 18:00:00,100041114,0
2023-01-05 18:00:00,100047030,0
2023-01-05 18:00:00,100052600,20
2023-01-05 18:00:00,100052602,0
2023-01-05 18:00:00,100052603,0
2023-01-05 18:00:00,100052604,0
2023-01-05 18:00:00,100052605,2
2023-01-05 18:00:00,100052606,0
2023-01-05 18:00:00,100053055,1
2023-01-05 18:00:00,100053059,1
2023-01-05 18:00:00,100053209,0
2023-01-05 18:00:00,100053210,1
2023-01-05 18:00:00,100054073,4
2023-01-05 18:00:00,100054241,0
2023-01-05 18:00:00,100054585,0
2023-01-05 18:00:00,100055268,0
2023-01-05 18:00:00,100056188,0
2023-01-05 18:00:00,100057050,0
2023-01-05 18:00:00,100057051,0
2023-01-05 18:00:00,100057052,0
2023-01-05 18:00:00,100057053,0
2023-01-05 18:00:00,300014916,13
2023-01-05 18:00:00,300014985,14
2023-01-05 18:00:00,300014986,30
2023-01-05 18:00:00,300014993,6
2023-01-05 18:00:00,300014994,5
2023-01-05 18:00:00,300014995,22
2023-01-05 18:00:00,300014996,13
2023-01-05 18:00:00,300020478,7
2023-01-05 18:00:00,300020679,19
2023-01-05 18:00:00,300020816,7
2023-01-05 18:00:00,300020817,10
2023-01-05 18:00:00,300021685,0
2023-01-05 18:00:00,300022314,2
2023-01-05 18:00:00,300028650,6
2023-01-05 18:00:00,300032161,0
2023-01-05 19:00:00,100001753,4
2023-01-05 19:00:00,100002880,6
2023-01-05 19:00:00,100003032,12
2023-01-05 19:00:00,100003034,22
2023-01-05 19:00:00,100003039,15
2023-01-05 19:00:00,100003040,1
2023-01-05 19:00:00,100003041,12
2023-01-05 19:00:00,100003042,6
2023-01-05 19:00:00,100004575,0
2023-01-05 19:00:00,100007390,15
2023-01-05 19:00:00,100011747,0
2023-01-05 19:00:00,100011748,2
2023-01-05 19:00:00,100011783,2
2023-01-05 19:00:00,100012217,16
2023-01-05 19:00:00,100012218,5
2023-01-05 19:00:00,100017441,1
2023-01-05 19:00:00,100017523,0
2023-01-05 19:00:00,100025474,29
2023-01-05 19:00:00,100034805,0
2023-01-05 19:00:00,100035408,4
2023-01-05 19:00:00,100035409,1
2023-01-05 19:00:00,100041114,0
2023-01-05 19:00:00,100047030,0
2023-01-05 19:00:00,100052600,3
2023-01-05 19:00:00,100052602,0
2023-01-05 19:00:00,100052603,0
2023-01-05 19:00:00,100052604,0
2023-01-05 19:00:00,100052605,0
2023-01-05 19:00:00,100052606,2
2023-01-05 19:00:00,100053055,0
2023-01-05 19:00:00,100053059,1
2023-01-05 19:00:00,100053209,0
2023-01-05 19:00:00,100053210,0
2023-01-05 19:00:00,100054073,1
2023-01-05 19:00:00,100054241,0
2023-01-05 19:00:00,100054585,4
2023-01-05 19:00:00,100055268,0
2023-01-05 19:00:00,100056188,0
2023-01-05 19:00:00,100057050,0
2023-01-05 19:00:00,100057051,0
2023-01-05 19:00:00,100057052,0
2023-01-05 19:00:00,100057053,0
2023-01-05 19:00:00,300014916,3
2023-01-05 19:00:00,300014985,10
2023-01-05 19:00:00,300014986,17
2023-01-05 19:00:00,300014993,5
2023-01-05 19:00:00,300014994,3
2023-01-05 19:00:00,300014995,13
2023-01-05 19:00:00,300014996,7
2023-01-05 19:00:00,300020478,5
2023-01-05 19:00:00,300020679,18
2023-01-05 19:00:00,300020816,4
2023-01-05 19:00:00,300020817,6
2023-01-05 19:00:00,300021685,0
2023-01-05 19:00:00,300022314,3
2023-01-05 19:00:00,300028650,5
2023-01-05 19:00:00,300032161,0
2023-01-05 20:00:00,100001753,1
2023-01-05 20:00:00,100002880,4
2023-01-05 20:00:00,100003032,9
2023-01-05 20:00:00,100003034,6
2023-01-05 20:00:00,100003039,17
2023-01-05 20:00:00,100003040,0
2023-01-05 20:00:00,100003041,18
2023-01-05 20:00:00,100003042,9
2023-01-05 20:00:00,100004575,0
2023-01-05 20:00:00,100007390,4
2023-01-05 20:00:00,100011747,0
2023-01-05 20:00:00,100011748,1
2023-01-05 20:00:00,100011783,3
2023-01-05 20:00:00,100012217,6
2023-01-05 20:00:00,100012218,2
2023-01-05 20:00:00,100017441,4
2023-01-05 20:00:00,100017523,0
2023-01-05 20:00:00,100025474,15
2023-01-05 20:00:00,100034805,0
2023-01-05 20:00:00,100035408,3
2023-01-05 20:00:00,100035409,0
2023-01-05 20:00:00,100041114,0
2023-01-05 20:00:00,100047030,0
2023-01-05 20:00:00,100052600,4
2023-01-05 20:00:00,100052602,0
2023-01-05 20:00:00,100052603,0
2023-01-05 20:00:00,100052604,0
2023-01-05 20:00:00,100052605,1
2023-01-05 20:00:00,100052606,0
2023-01-05 20:00:00,100053055,0
2023-01-05 20:00:00,100053059,0
2023-01-05 20:00:00,100053209,0
2023-01-05 20:00:00,100053210,0
2023-01-05 20:00:00,100054073,5
2023-01-05 20:00:00,100054241,0
2023-01-05 20:00:00,100054585,0
2023-01-05 20:00:00,100055268,1
2023-01-05 20:00:00,100056188,0
2023-01-05 20:00:00,100057050,0
2023-01-05 20:00:00,100057051,0
2023-01-05 20:00:00,100057052,0
2023-01-05 20:00:00,100057053,4
2023-01-05 20:00:00,300014916,7
2023-01-05 20:00:00,300014985,9
2023-01-05 20:00:00,300014986,10
2023-01-05 20:00:00,300014993,2
2023-01-05 20:00:00,300014994,3
2023-01-05 20:00:00,300014995,8
2023-01-05 20:00:00,300014996,8
2023-01-05 20:00:00,300020478,3
2023-01-05 20:00:00,300020679,11
2023-01-05 20:00:00,300020816,5
2023-01-05 20:00:00,300020817,7
2023-01-05 20:00:00,300021685,0
2023-01-05 20:00:00,300022314,3
2023-01-05 20:00:00,300028650,2
2023-01-05 20:00:00,300032161,0
2023-01-05 21:00:00,100001753,3
2023-01-05 21:00:00,100002880,2
2023-01-05 21:00:00,100003032,7
2023-01-05 21:00:00,100003034,17
2023-01-05 21:00:00,100003039,9
2023-01-05 21:00:00,100003040,0
2023-01-05 21:00:00,100003041,9
2023-01-05 21:00:00,100003042,8
2023-01-05 21:00:00,100004575,0
2023-01-05 21:00:00,100007390,6
2023-01-05 21:00:00,100011747,0
2023-01-05 21:00:00,100011748,1
2023-01-05 21:00:00,100011783,2
2023-01-05 21:00:00,100012217,8
2023-01-05 21:00:00,100012218,3
2023-01-05 21:00:00,100017441,8
2023-01-05 21:00:00,100017523,0
2023-01-05 21:00:00,100025474,13
2023-01-05 21:00:00,100034805,0
2023-01-05 21:00:00,100035408,6
2023-01-05 21:00:00,100035409,3
2023-01-05 21:00:00,100041114,2
2023-01-05 21:00:00,100047030,0
2023-01-05 21:00:00,100052600,7
2023-01-05 21:00:00,100052602,0
2023-01-05 21:00:00,100052603,0
2023-01-05 21:00:00,100052604,0
2023-01-05 21:00:00,100052605,0
2023-01-05 21:00:00,100052606,1
2023-01-05 21:00:00,100053055,0
2023-01-05 21:00:00,100053059,0
2023-01-05 21:00:00,100053209,0
2023-01-05 21:00:00,100053210,3
2023-01-05 21:00:00,100054073,0
2023-01-05 21:00:00,100054241,0
2023-01-05 21:00:00,100054585,0
2023-01-05 21:00:00,100055268,1
2023-01-05 21:00:00,100056188,0
2023-01-05 21:00:00,100057050,0
2023-01-05 21:00:00,100057051,0
2023-01-05 21:00:00,100057052,0
2023-01-05 21:00:00,100057053,1
2023-01-05 21:00:00,300014916,3
2023-01-05 21:00:00,300014985,4
2023-01-05 21:00:00,300014986,10
2023-01-05 21:00:00,300014993,1
2023-01-05 21:00:00,300014994,2
2023-01-05 21:00:00,300014995,7
2023-01-05 21:00:00,300014996,3
2023-01-05 21:00:00,300020478,1
2023-01-05 21:00:00,300020679,15
2023-01-05 21:00:00,300020816,4
2023-01-05 21:00:00,300020817,3
2023-01-05 21:00:00,300021685,0
2023-01-05 21:00:00,300022314,3
2023-01-05 21:00:00,300028650,3
2023-01-05 21:00:00,300032161,0
2023-01-05 22:00:00,100001753,1
2023-01-05 22:00:00,100002880,14
2023-01-05 22:00:00,100003032,4
2023-01-05 22:00:00,100003034,11
2023-01-05 22:00:00,100003039,9
2023-01-05 22:00:00,100003040,0
2023-01-05 22:00:00,100003041,4
2023-01-05 22:00:00,100003042,5
2023-01-05 22:00:00,100004575,0
2023-01-05 22:00:00,100007390,4
2023-01-05 22:00:00,100011747,0
2023-01-05 22:00:00,100011748,1
2023-01-05 22:00:00,100011783,1
2023-01-05 22:00:00,100012217,8
2023-01-05 22:00:00,100012218,7
2023-01-05 22:00:00,100017441,2
2023-01-05 22:00:00,100017523,0
2023-01-05 22:00:00,100025474,11
2023-01-05 22:00:00,100034805,0
2023-01-05 22:00:00,100035408,6
2023-01-05 22:00:00,100035409,0
2023-01-05 22:00:00,100041114,1
2023-01-05 22:00:00,100047030,0
2023-01-05 22:00:00,100052600,8
2023-01-05 22:00:00,100052602,0
2023-01-05 22:00:00,100052603,0
2023-01-05 22:00:00,100052604,0
2023-01-05 22:00:00,100052605,1
2023-01-05 22:00:00,100052606,0
2023-01-05 22:00:00,100053055,0
2023-01-05 22:00:00,100053059,0
2023-01-05 22:00:00,100053209,1
2023-01-05 22:00:00,100053210,1
2023-01-05 22:00:00,100054073,0
2023-01-05 22:00:00,100054241,1
2023-01-05 22:00:00,100054585,0
2023-01-05 22:00:00,100055268,2
2023-01-05 22:00:00,100056188,0
2023-01-05 22:00:00,100057050,0
2023-01-05 22:00:00,100057051,0
2023-01-05 22:00:00,100057052,0
2023-01-05 22:00:00,100057053,15
2023-01-05 22:00:00,300014916,7
2023-01-05 22:00:00,300014985,5
2023-01-05 22:00:00,300014986,5
2023-01-05 22:00:00,300014993,0
2023-01-05 22:00:00,300014994,0
2023-01-05 22:00:00,300014995,4
2023-01-05 22:00:00,300014996,6
2023-01-05 22:00:00,300020478,3
2023-01-05 22:00:00,300020679,13
2023-01-05 22:00:00,300020816,4
2023-01-05 22:00:00,300020817,5
2023-01-05 22:00:00,300021685,0
2023-01-05 22:00:00,300022314,2
2023-01-05 22:00:00,300028650,2
2023-01-05 22:00:00,300032161,0
2023-01-05 23:00:00,100001753,0
2023-01-05 23:00:00,100002880,0
2023-01-05 23:00:00,100003032,2
2023-01-05 23:00:00,100003034,6
2023-01-05 23:00:00,100003039,4
2023-01-05 23:00:00,100003040,0
2023-01-05 23:00:00,100003041,4
2023-01-05 23:00:00,100003042,2
2023-01-05 23:00:00,100004575,0
2023-01-05 23:00:00,100007390,2
2023-01-05 23:00:00,100011747,0
2023-01-05 23:00:00,100011748,0
2023-01-05 23:00:00,100011783,1
2023-01-05 23:00:00,100012217,2
2023-01-05 23:00:00,100012218,4
2023-01-05 23:00:00,100017441,2
2023-01-05 23:00:00,100017523,0
2023-01-05 23:00:00,100025474,4
2023-01-05 23:00:00,100034805,0
2023-01-05 23:00:00,100035408,0
2023-01-05 23:00:00,100035409,0
2023-01-05 23:00:00,100041114,0
2023-01-05 23:00:00,100047030,0
2023-01-05 23:00:00,100052600,5
2023-01-05 23:00:00,100052602,2
2023-01-05 23:00:00,100052603,0
2023-01-05 23:00:00,100052604,0
2023-01-05 23:00:00,100052605,0
2023-01-05 23:00:00,100052606,1
2023-01-05 23:00:00,100053055,0
2023-01-05 23:00:00,100053059,0
2023-01-05 23:00:00,100053209,0
2023-01-05 23:00:00,100053210,0
2023-01-05 23:00:00,100054073,2
2023-01-05 23:00:00,100054241,0
2023-01-05 23:00:00,100054585,1
2023-01-05 23:00:00,100055268,1
2023-01-05 23:00:00,100056188,0
2023-01-05 23:00:00,100057050,2
2023-01-05 23:00:00,100057051,0
2023-01-05 23:00:00,100057052,0
2023-01-05 23:00:00,100057053,2
2023-01-05 23:00:00,300014916,6
2023-01-05 23:00:00,300014985,6
2023-01-05 23:00:00,300014986,6
2023-01-05 23:00:00,300014993,0
2023-01-05 23:00:00,300014994,1
2023-01-05 23:00:00,300014995,4
2023-01-05 23:00:00,300014996,2
2023-01-05 23:00:00,300020478,2
2023-01-05 23:00:00,300020679,6
2023-01-05 23:00:00,300020816,1
2023-01-05 23:00:00,300020817,2
2023-01-05 23:00:00,300021685,0
2023-01-05 23:00:00,300022314,1
2023-01-05 23:00:00,300028650,2
2023-01-05 23:00:00,300032161,0
2023-01-06 00:00:00,100001753,0
2023-01-06 00:00:00,100002880,8
2023-01-06 00:00:00,100003032,1
2023-01-06 00:00:00,100003034,8
2023-01-06 00:00:00,100003039,1
2023-01-06 00:00:00,100003040,0
2023-01-06 00:00:00,100003041,0
2023-01-06 00:00:00,100003042,1
2023-01-06 00:00:00,100004575,0
2023-01-06 00:00:00,100007390,0
2023-01-06 00:00:00,100011747,0
2023-01-06 00:00:00,100011748,0
2023-01-06 00:00:00,100011783,2
2023-01-06 00:00:00,100012217,7
2023-01-06 00:00:00,100012218,2
2023-01-06 00:00:00,100017441,0
2023-01-06 00:00:00,100017523,0
2023-01-06 00:00:00,100025474,3
2023-01-06 00:00:00,100034805,0
2023-01-06 00:00:00,100035408,1
2023-01-06 00:00:00,100035409,0
2023-01-06 00:00:00,100041114,0
2023-01-06 00:00:00,100047030,0
2023-01-06 00:00:00,100052600,2
2023-01-06 00:00:00,100052602,0
2023-01-06 00:00:00,100052603,0
2023-01-06 00:00:00,100052604,0
2023-01-06 00:00:00,100052605,0
2023-01-06 00:00:00,100052606,2
2023-01-06 00:00:00,100053055,0
2023-01-06 00:00:00,100053059,0
2023-01-06 00:00:00,100053209,0
2023-01-06 00:00:00,100053210,1
2023-01-06 00:00:00,100054073,1
2023-01-06 00:00:00,100054241,0
2023-01-06 00:00:00,100054585,0
2023-01-06 00:00:00,100055268,0
2023-01-06 00:00:00,100056188,0
2023-01-06 00:00:00,100057050,0
2023-01-06 00:00:00,100057051,0
2023-01-06 00:00:00,100057052,0
2023-01-06 00:00:00,100057053,0
2023-01-06 00:00:00,300014916,3
2023-01-06 00:00:00,300014985,0
2023-01-06 00:00:00,300014986,6
2023-01-06 00:00:00,300014993,0
2023-01-06 00:00:00,300014994,0
2023-01-06 00:00:00,300014995,5
2023-01-06 00:00:00,300014996,0
2023-01-06 00:00:00,300020478,0
2023-01-06 00:00:00,300020679,4
2023-01-06 00:00:00,300020816,1
2023-01-06 00:00:00,300020817,5
2023-01-06 00:00:00,300021685,0
2023-01-06 00:00:00,300022314,0
2023-01-06 00:00:00,300028650,0
2023-01-06 00:00:00,300032161,0
2023-01-06 01:00:00,100001753,0
2023-01-06 01:00:00,100002880,10
2023-01-06 01:00:00,100003032,2
2023-01-06 01:00:00,100003034,2
2023-01-06 01:00:00,100003039,2
2023-01-06 01:00:00,100003040,0
2023-01-06 01:00:00,100003041,2
2023-01-06 01:00:00,100003042,0
2023-01-06 01:00:00,100004575,0
2023-01-06 01:00:00,100007390,3
2023-01-06 01:00:00,100011747,0
2023-01-06 01:00:00,100011748,0
2023-01-06 01:00:00,100011783,0
2023-01-06 01:00:00,100012217,3
2023-01-06 01:00:00,100012218,1
2023-01-06 01:00:00,100017441,0
2023-01-06 01:00:00,100017523,0
2023-01-06 01:00:00,100025474,2
2023-01-06 01:00:00,100034805,0
2023-01-06 01:00:00,100035408,1
2023-01-06 01:00:00,100035409,0
2023-01-06 01:00:00,100041114,0
2023-01-06 01:00:00,100047030,0
2023-01-06 01:00:00,100052600,0
2023-01-06 01:00:00,100052602,0
2023-01-06 01:00:00,100052603,0
2023-01-06 01:00:00,100052604,0
2023-01-06 01:00:00,100052605,0
2023-01-06 01:00:00,100052606,0
2023-01-06 01:00:00,100053055,0
2023-01-06 01:00:00,100053059,0
2023-01-06 01:00:00,100053209,0
2023-01-06 01:00:00,100053210,0
2023-01-06 01:00:00,100054073,0
2023-01-06 01:00:00,100054241,0
2023-01-06 01:00:00,100054585,0
2023-01-06 01:00:00,100055268,0
2023-01-06 01:00:00,100056188,0
2023-01-06 01:00:00,100057050,0
2023-01-06 01:00:00,100057051,0
2023-01-06 01:00:00,100057052,0
2023-01-06 01:00:00,100057053,1
2023-01-06 01:00:00,300014916,0
2023-01-06 01:00:00,300014985,2
2023-01-06 01:00:00,300014986,3
2023-01-06 01:00:00,300014993,0
2023-01-06 01:00:00,300014994,0
2023-01-06 01:00:00,300014995,3
2023-01-06 01:00:00,300014996,3
2023-01-06 01:00:00,300020478,1
2023-01-06 01:00:00,300020679,6
2023-01-06 01:00:00,300020816,0
2023-01-06 01:00:00,300020817,0
2023-01-06 01:00:00,300021685,0
2023-01-06 01:00:00,300022314,3
2023-01-06 01:00:00,300028650,0
2023-01-06 01:00:00,300032161,0
2023-01-06 02:00:00,100001753,0
2023-01-06 02:00:00,100002880,3
2023-01-06 02:00:00,100003032,1
2023-01-06 02:00:00,100003034,2
2023-01-06 02:00:00,100003039,2
2023-01-06 02:00:00,100003040,0
2023-01-06 02:00:00,100003041,0
2023-01-06 02:00:00,100003042,0
2023-01-06 02:00:00,100004575,0
2023-01-06 02:00:00,100007390,1
2023-01-06 02:00:00,100011747,0
2023-01-06 02:00:00,100011748,0
2023-01-06 02:00:00,100011783,2
2023-01-06 02:00:00,100012217,1
2023-01-06 02:00:00,100012218,1
2023-01-06 02:00:00,100017441,0
2023-01-06 02:00:00,100017523,0
2023-01-06 02:00:00,100025474,1
2023-01-06 02:00:00,100034805,0
2023-01-06 02:00:00,100035408,2
2023-01-06 02:00:00,100035409,0
2023-01-06 02:00:00,100041114,0
2023-01-06 02:00:00,100047030,0
2023-01-06 02:00:00,100052600,0
2023-01-06 02:00:00,100052602,0
2023-01-06 02:00:00,100052603,0
2023-01-06 02:00:00,100052604,0
2023-01-06 02:00:00,100052605,0
2023-01-06 02:00:00,100052606,2
2023-01-06 02:00:00,100053055,1
2023-01-06 02:00:00,100053059,0
2023-01-06 02:00:00,100053209,0
2023-01-06 02:00:00,100053210,1
2023-01-06 02:00:00,100054073,3
2023-01-06 02:00:00,100054241,0
2023-01-06 02:00:00,100054585,1
2023-01-06 02:00:00,100055268,0
2023-01-06 02:00:00,100056188,0
2023-01-06 02:00:00,100057050,0
2023-01-06 02:00:00,100057051,0
2023-01-06 02:00:00,100057052,0
2023-01-06 02:00:00,100057053,1
2023-01-06 02:00:00,300014916,0
2023-01-06 02:00:00,300014985,0
2023-01-06 02:00:00,300014986,3
2023-01-06 02:00:00,300014993,2
2023-01-06 02:00:00,300014994,0
2023-01-06 02:00:00,300014995,2
2023-01-06 02:00:00,300014996,0
2023-01-06 02:00:00,300020478,0
2023-01-06 02:00:00,300020679,1
2023-01-06 02:00:00,300020816,1
2023-01-06 02:00:00,300020817,2
2023-01-06 02:00:00,300021685,0
2023-01-06 02:00:00,300022314,0
2023-01-06 02:00:00,300028650,0
2023-01-06 02:00:00,300032161,0
2023-01-06 03:00:00,100001753,0
2023-01-06 03:00:00,100002880,0
2023-01-06 03:00:00,100003032,0
2023-01-06 03:00:00,100003034,0
2023-01-06 03:00:00,100003039,0
2023-01-06 03:00:00,100003040,0
2023-01-06 03:00:00,100003041,0
2023-01-06 03:00:00,100003042,4
2023-01-06 03:00:00,100004575,0
2023-01-06 03:00:00,100007390,0
2023-01-06 03:00:00,100011747,0
2023-01-06 03:00:00,100011748,0
2023-01-06 03:00:00,100011783,6
2023-01-06 03:00:00,100012217,0
2023-01-06 03:00:00,100012218,0
2023-01-06 03:00:00,100017441,0
2023-01-06 03:00:00,100017523,0
2023-01-06 03:00:00,100025474,0
2023-01-06 03:00:00,100034805,0
2023-01-06 03:00:00,100035408,0
2023-01-06 03:00:00,100035409,0
2023-01-06 03:00:00,100041114,0
2023-01-06 03:00:00,100047030,0
2023-01-06 03:00:00,100052600,0
2023-01-06 03:00:00,100052602,0
2023-01-06 03:00:00,100052603,0
2023-01-06 03:00:00,100052604,0
2023-01-06 03:00:00,100052605,1
2023-01-06 03:00:00,100052606,0
2023-01-06 03:00:00,100053055,0
2023-01-06 03:00:00,100053059,0
2023-01-06 03:00:00,100053209,0
2023-01-06 03:00:00,100053210,0
2023-01-06 03:00:00,100054073,0
2023-01-06 03:00:00,100054241,0
2023-01-06 03:00:00,100054585,0
2023-01-06 03:00:00,100055268,0
2023-01-06 03:00:00,100056188,0
2023-01-06 03:00:00,100057050,0
2023-01-06 03:00:00,100057051,0
2023-01-06 03:00:00,100057052,0
2023-01-06 03:00:00,100057053,0
2023-01-06 03:00:00,300014916,0
2023-01-06 03:00:00,300014985,0
2023-01-06 03:00:00,300014986,0
2023-01-06 03:00:00,300014993,0
2023-01-06 03:00:00,300014994,0
2023-01-06 03:00:00,300014995,2
2023-01-06 03:00:00,300014996,3
2023-01-06 03:00:00,300020478,0
2023-01-06 03:00:00,300020679,0
2023-01-06 03:00:00,300020816,0
2023-01-06 03:00:00,300020817,0
2023-01-06 03:00:00,300021685,0
2023-01-06 03:00:00,300022314,0
2023-01-06 03:00:00,300028650,0
2023-01-06 03:00:00,300032161,0
2023-01-06 04:00:00,100001753,0
2023-01-06 04:00:00,100002880,0
2023-01-06 04:00:00,100003032,1
2023-01-06 04:00:00,100003034,3
2023-01-06 04:00:00,100003039,0
2023-01-06 04:00:00,100003040,0
2023-01-06 04:00:00,100003041,4
2023-01-06 04:00:00,100003042,3
2023-01-06 04:00:00,100004575,0
2023-01-06 04:00:00,100007390,0
2023-01-06 04:00:00,100011747,0
2023-01-06 04:00:00,100011748,1
2023-01-06 04:00:00,100011783,3
2023-01-06 04:00:00,100012217,0
2023-01-06 04:00:00,100012218,0
2023-01-06 04:00:00,100017441,1
2023-01-06 04:00:00,100017523,0
2023-01-06 04:00:00,100025474,0
2023-01-06 04:00:00,100034805,0
2023-01-06 04:00:00,100035408,1
2023-01-06 04:00:00,100035409,0
2023-01-06 04:00:00,100041114,0
2023-01-06 04:00:00,100047030,0
2023-01-06 04:00:00,100052600,0
2023-01-06 04:00:00,100052602,0
2023-01-06 04:00:00,100052603,0
2023-01-06 04:00:00,100052604,0
2023-01-06 04:00:00,100052605,0
2023-01-06 04:00:00,100052606,0
2023-01-06 04:00:00,100053055,0
2023-01-06 04:00:00,100053059,0
2023-01-06 04:00:00,100053209,0
2023-01-06 04:00:00,100053210,0
2023-01-06 04:00:00,100054073,0
2023-01-06 04:00:00,100054241,0
2023-01-06 04:00:00,100054585,0
2023-01-06 04:00:00,100055268,0
2023-01-06 04:00:00,100056188,0
2023-01-06 04:00:00,100057050,0
2023-01-06 04:00:00,100057051,0
2023-01-06 04:00:00,100057052,0
2023-01-06 04:00:00,100057053,1
2023-01-06 04:00:00,300014916,0
2023-01-06 04:00:00,300014985,1
2023-01-06 04:00:00,300014986,0
2023-01-06 04:00:00,300014993,0
2023-01-06 04:00:00,300014994,0
2023-01-06 04:00:00,300014995,2
2023-01-06 04:00:00,300014996,3
2023-01-06 04:00:00,300020478,0
2023-01-06 04:00:00,300020679,0
2023-01-06 04:00:00,300020816,1
2023-01-06 04:00:00,300020817,0
2023-01-06 04:00:00,300021685,1
2023-01-06 04:00:00,300022314,1
2023-01-06 04:00:00,300028650,1
2023-01-06 04:00:00,300032161,0
2023-01-06 05:00:00,100001753,0
2023-01-06 05:00:00,100002880,6
2023-01-06 05:00:00,100003032,4
2023-01-06 05:00:00,100003034,2
2023-01-06 05:00:00,100003039,1
2023-01-06 05:00:00,100003040,0
2023-01-06 05:00:00,100003041,0
2023-01-06 05:00:00,100003042,0
2023-01-06 05:00:00,100004575,0
2023-01-06 05:00:00,100007390,0
2023-01-06 05:00:00,100011747,0
2023-01-06 05:00:00,100011748,0
2023-01-06 05:00:00,100011783,0
2023-01-06 05:00:00,100012217,0
2023-01-06 05:00:00,100012218,0
2023-01-06 05:00:00,100017441,2
2023-01-06 05:00:00,100017523,0
2023-01-06 05:00:00,100025474,2
2023-01-06 05:00:00,100034805,0
2023-01-06 05:00:00,100035408,2
2023-01-06 05:00:00,100035409,0
2023-01-06 05:00:00,100041114,0
2023-01-06 05:00:00,100047030,0
2023-01-06 05:00:00,100052600,1
2023-01-06 05:00:00,100052602,0
2023-01-06 05:00:00,100052603,0
2023-01-06 05:00:00,100052604,0
2023-01-06 05:00:00,100052605,3
2023-01-06 05:00:00,100052606,0
2023-01-06 05:00:00,100053055,0
2023-01-06 05:00:00,100053059,0
2023-01-06 05:00:00,100053209,0
2023-01-06 05:00:00,100053210,0
2023-01-06 05:00:00,100054073,0
2023-01-06 05:00:00,100054241,0
2023-01-06 05:00:00,100054585,0
2023-01-06 05:00:00,100055268,0
2023-01-06 05:00:00,100056188,0
2023-01-06 05:00:00,100057050,0
2023-01-06 05:00:00,100057051,0
2023-01-06 05:00:00,100057052,0
2023-01-06 05:00:00,100057053,1
2023-01-06 05:00:00,300014916,6
2023-01-06 05:00:00,300014985,2
2023-01-06 05:00:00,300014986,0
2023-01-06 05:00:00,300014993,1
2023-01-06 05:00:00,300014994,0
2023-01-06 05:00:00,300014995,0
2023-01-06 05:00:00,300014996,2
2023-01-06 05:00:00,300020478,0
2023-01-06 05:00:00,300020679,3
2023-01-06 05:00:00,300020816,1
2023-01-06 05:00:00,300020817,1
2023-01-06 05:00:00,300021685,0
2023-01-06 05:00:00,300022314,1
2023-01-06 05:00:00,300028650,1
2023-01-06 05:00:00,300032161,0
2023-01-06 06:00:00,100001753,0
2023-01-06 06:00:00,100002880,2
2023-01-06 06:00:00,100003032,5
2023-01-06 06:00:00,100003034,8
2023-01-06 06:00:00,100003039,4
2023-01-06 06:00:00,100003040,1
2023-01-06 06:00:00,100003041,0
2023-01-06 06:00:00,100003042,3
2023-01-06 06:00:00,100004575,0
2023-01-06 06:00:00,100007390,5
2023-01-06 06:00:00,100011747,0
2023-01-06 06:00:00,100011748,1
2023-01-06 06:00:00,100011783,2
2023-01-06 06:00:00,100012217,4
2023-01-06 06:00:00,100012218,6
2023-01-06 06:00:00,100017441,4
2023-01-06 06:00:00,100017523,0
2023-01-06 06:00:00,100025474,7
2023-01-06 06:00:00,100034805,0
2023-01-06 06:00:00,100035408,1
2023-01-06 06:00:00,100035409,1
2023-01-06 06:00:00,100041114,0
2023-01-06 06:00:00,100047030,0
2023-01-06 06:00:00,100052600,11
2023-01-06 06:00:00,100052602,1
2023-01-06 06:00:00,100052603,0
2023-01-06 06:00:00,100052604,0
2023-01-06 06:00:00,100052605,2
2023-01-06 06:00:00,100052606,4
2023-01-06 06:00:00,100053055,0
2023-01-06 06:00:00,100053059,0
2023-01-06 06:00:00,100053209,0
2023-01-06 06:00:00,100053210,2
2023-01-06 06:00:00,100054073,1
2023-01-06 06:00:00,100054241,0
2023-01-06 06:00:00,100054585,0
2023-01-06 06:00:00,100055268,0
2023-01-06 06:00:00,100056188,0
2023-01-06 06:00:00,100057050,0
2023-01-06 06:00:00,100057051,0
2023-01-06 06:00:00,100057052,0
2023-01-06 06:00:00,100057053,1
2023-01-06 06:00:00,300014916,11
2023-01-06 06:00:00,300014985,6
2023-01-06 06:00:00,300014986,4
2023-01-06 06:00:00,300014993,3
2023-01-06 06:00:00,300014994,2
2023-01-06 06:00:00,300014995,0
2023-01-06 06:00:00,300014996,6
2023-01-06 06:00:00,300020478,4
2023-01-06 06:00:00,300020679,16
2023-01-06 06:00:00,300020816,4
2023-01-06 06:00:00,300020817,0
2023-01-06 06:00:00,300021685,0
2023-01-06 06:00:00,300022314,3
2023-01-06 06:00:00,300028650,0
2023-01-06 06:00:00,300032161,0
2023-01-06 07:00:00,100001753,5
2023-01-06 07:00:00,100002880,26
2023-01-06 07:00:00,100003032,20
2023-01-06 07:00:00,100003034,27
2023-01-06 07:00:00,100003039,12
2023-01-06 07:00:00,100003040,0
2023-01-06 07:00:00,100003041,4
2023-01-06 07:00:00,100003042,6
2023-01-06 07:00:00,100004575,0
2023-01-06 07:00:00,100007390,8
2023-01-06 07:00:00,100011747,0
2023-01-06 07:00:00,100011748,3
2023-01-06 07:00:00,100011783,7
2023-01-06 07:00:00,100012217,16
2023-01-06 07:00:00,100012218,4
2023-01-06 07:00:00,100017441,3
2023-01-06 07:00:00,100017523,0
2023-01-06 07:00:00,100025474,11
2023-01-06 07:00:00,100034805,0
2023-01-06 07:00:00,100035408,4
2023-01-06 07:00:00,100035409,2
2023-01-06 07:00:00,100041114,1
2023-01-06 07:00:00,100047030,0
2023-01-06 07:00:00,100052600,13
2023-01-06 07:00:00,100052602,0
2023-01-06 07:00:00,100052603,0
2023-01-06 07:00:00,100052604,0
2023-01-06 07:00:00,100052605,0
2023-01-06 07:00:00,100052606,1
2023-01-06 07:00:00,100053055,1
2023-01-06 07:00:00,100053059,0
2023-01-06 07:00:00,100053209,0
2023-01-06 07:00:00,100053210,4
2023-01-06 07:00:00,100054073,1
2023-01-06 07:00:00,100054241,0
2023-01-06 07:00:00,100054585,0
2023-01-06 07:00:00,100055268,0
2023-01-06 07:00:00,100056188,0
2023-01-06 07:00:00,100057050,0
2023-01-06 07:00:00,100057051,0
2023-01-06 07:00:00,100057052,0
2023-01-06 07:00:00,100057053,3
2023-01-06 07:00:00,300014916,8
2023-01-06 07:00:00,300014985,16
2023-01-06 07:00:00,300014986,6
2023-01-06 07:00:00,300014993,5
2023-01-06 07:00:00,300014994,5
2023-01-06 07:00:00,300014995,2
2023-01-06 07:00:00,300014996,21
2023-01-06 07:00:00,300020478,16
2023-01-06 07:00:00,300020679,7
2023-01-06 07:00:00,300020816,21
2023-01-06 07:00:00,300020817,4
2023-01-06 07:00:00,300021685,0
2023-01-06 07:00:00,300022314,1
2023-01-06 07:00:00,300028650,5
2023-01-06 07:00:00,300032161,0
2023-01-06 08:00:00,100001753,3
2023-01-06 08:00:00,100002880,9
2023-01-06 08:00:00,100003032,37
2023-01-06 08:00:00,100003034,45
2023-01-06 08:00:00,100003039,22
2023-01-06 08:00:00,100003040,0
2023-01-06 08:00:00,100003041,13
2023-01-06 08:00:00,100003042,16
2023-01-06 08:00:00,100004575,0
2023-01-06 08:00:00,100007390,19
2023-01-06 08:00:00,100011747,0
2023-01-06 08:00:00,100011748,2
2023-01-06 08:00:00,100011783,15
2023-01-06 08:00:00,100012217,22
2023-01-06 08:00:00,100012218,3
2023-01-06 08:00:00,100017441,12
2023-01-06 08:00:00,100017523,0
2023-01-06 08:00:00,100025474,47
2023-01-06 08:00:00,100034805,0
2023-01-06 08:00:00,100035408,7
2023-01-06 08:00:00,100035409,1
2023-01-06 08:00:00,100041114,0
2023-01-06 08:00:00,100047030,0
2023-01-06 08:00:00,100052600,27
2023-01-06 08:00:00,100052602,0
2023-01-06 08:00:00,100052603,0
2023-01-06 08:00:00,100052604,0
2023-01-06 08:00:00,100052605,0
2023-01-06 08:00:00,100052606,1
2023-01-06 08:00:00,100053055,0
2023-01-06 08:00:00,100053059,0
2023-01-06 08:00:00,100053209,0
2023-01-06 08:00:00,100053210,7
2023-01-06 08:00:00,100054073,2
2023-01-06 08:00:00,100054241,2
2023-01-06 08:00:00,100054585,1
2023-01-06 08:00:00,100055268,0
2023-01-06 08:00:00,100056188,0
2023-01-06 08:00:00,100057050,0
2023-01-06 08:00:00,100057051,0
2023-01-06 08:00:00,100057052,0
2023-01-06 08:00:00,100057053,0
2023-01-06 08:00:00,300014916,13
2023-01-06 08:00:00,300014985,40
2023-01-06 08:00:00,300014986,8
2023-01-06 08:00:00,300014993,5
2023-01-06 08:00:00,300014994,4
2023-01-06 08:00:00,300014995,4
2023-01-06 08:00:00,300014996,40
2023-01-06 08:00:00,300020478,7
2023-01-06 08:00:00,300020679,51
2023-01-06 08:00:00,300020816,20
2023-01-06 08:00:00,300020817,9
2023-01-06 08:00:00,300021685,0
2023-01-06 08:00:00,300022314,4
2023-01-06 08:00:00,300028650,6
2023-01-06 08:00:00,300032161,0
2023-01-06 09:00:00,100001753,4
2023-01-06 09:00:00,100002880,8
2023-01-06 09:00:00,100003032,17
2023-01-06 09:00:00,100003034,24
2023-01-06 09:00:00,100003039,6
2023-01-06 09:00:00,100003040,0
2023-01-06 09:00:00,100003041,6
2023-01-06 09:00:00,100003042,9
2023-01-06 09:00:00,100004575,0
2023-01-06 09:00:00,100007390,19
2023-01-06 09:00:00,100011747,0
2023-01-06 09:00:00,100011748,3
2023-01-06 09:00:00,100011783,5
2023-01-06 09:00:00,100012217,12
2023-01-06 09:00:00,100012218,11
2023-01-06 09:00:00,100017441,15
2023-01-06 09:00:00,100017523,0
2023-01-06 09:00:00,100025474,50
2023-01-06 09:00:00,100034805,0
2023-01-06 09:00:00,100035408,6
2023-01-06 09:00:00,100035409,1
2023-01-06 09:00:00,100041114,0
2023-01-06 09:00:00,100047030,0
2023-01-06 09:00:00,100052600,18
2023-01-06 09:00:00,100052602,0
2023-01-06 09:00:00,100052603,0
2023-01-06 09:00:00,100052604,0
2023-01-06 09:00:00,100052605,0
2023-01-06 09:00:00,100052606,2
2023-01-06 09:00:00,100053055,0
2023-01-06 09:00:00,100053059,0
2023-01-06 09:00:00,100053209,0
2023-01-06 09:00:00,100053210,1
2023-01-06 09:00:00,100054073,1
2023-01-06 09:00:00,100054241,0
2023-01-06 09:00:00,100054585,0
2023-01-06 09:00:00,100055268,0
2023-01-06 09:00:00,100056188,0
2023-01-06 09:00:00,100057050,0
2023-01-06 09:00:00,100057051,0
2023-01-06 09:00:00,100057052,0
2023-01-06 09:00:00,100057053,0
2023-01-06 09:00:00,300014916,8
2023-01-06 09:00:00,300014985,41
2023-01-06 09:00:00,300014986,5
2023-01-06 09:00:00,300014993,3
2023-01-06 09:00:00,300014994,3
2023-01-06 09:00:00,300014995,4
2023-01-06 09:00:00,300014996,33
2023-01-06 09:00:00,300020478,6
2023-01-06 09:00:00,300020679,31
2023-01-06 09:00:00,300020816,21
2023-01-06 09:00:00,300020817,9
2023-01-06 09:00:00,300021685,0
2023-01-06 09:00:00,300022314,0
2023-01-06 09:00:00,300028650,6
2023-01-06 09:00:00,300032161,0
2023-01-06 10:00:00,100001753,1
2023-01-06 10:00:00,100002880,12
2023-01-06 10:00:00,100003032,16
2023-01-06 10:00:00,100003034,23
2023-01-06 10:00:00,100003039,13
2023-01-06 10:00:00,100003040,0
2023-01-06 10:00:00,100003041,9
2023-01-06 10:00:00,100003042,7
2023-01-06 10:00:00,100004575,0
2023-01-06 10:00:00,100007390,11
2023-01-06 10:00:00,100011747,0
2023-01-06 10:00:00,100011748,5
2023-01-06 10:00:00,100011783,5
2023-01-06 10:00:00,100012217,7
2023-01-06 10:00:00,100012218,6
2023-01-06 10:00:00,100017441,11
2023-01-06 10:00:00,100017523,0
2023-01-06 10:00:00,100025474,17
2023-01-06 10:00:00,100034805,0
2023-01-06 10:00:00,100035408,11
2023-01-06 10:00:00,100035409,6
2023-01-06 10:00:00,100041114,0
2023-01-06 10:00:00,100047030,0
2023-01-06 10:00:00,100052600,14
2023-01-06 10:00:00,100052602,0
2023-01-06 10:00:00,100052603,0
2023-01-06 10:00:00,100052604,0
2023-01-06 10:00:00,100052605,2
2023-01-06 10:00:00,100052606,2
2023-01-06 10:00:00,100053055,2
2023-01-06 10:00:00,100053059,2
2023-01-06 10:00:00,100053209,0
2023-01-06 10:00:00,100053210,1
2023-01-06 10:00:00,100054073,1
2023-01-06 10:00:00,100054241,0
2023-01-06 10:00:00,100054585,2
2023-01-06 10:00:00,100055268,0
2023-01-06 10:00:00,100056188,0
2023-01-06 10:00:00,100057050,1
2023-01-06 10:00:00,100057051,0
2023-01-06 10:00:00,100057052,0
2023-01-06 10:00:00,100057053,0
2023-01-06 10:00:00,300014916,5
2023-01-06 10:00:00,300014985,14
2023-01-06 10:00:00,300014986,11
2023-01-06 10:00:00,300014993,4
2023-01-06 10:00:00,300014994,2
2023-01-06 10:00:00,300014995,11
2023-01-06 10:00:00,300014996,19
2023-01-06 10:00:00,300020478,6
2023-01-06 10:00:00,300020679,19
2023-01-06 10:00:00,300020816,8
2023-01-06 10:00:00,300020817,4
2023-01-06 10:00:00,300021685,0
2023-01-06 10:00:00,300022314,3
2023-01-06 10:00:00,300028650,6
2023-01-06 10:00:00,300032161,0
2023-01-06 11:00:00,100001753,0
2023-01-06 11:00:00,100002880,10
2023-01-06 11:00:00,100003032,19
2023-01-06 11:00:00,100003034,22
2023-01-06 11:00:00,100003039,13
2023-01-06 11:00:00,100003040,1
2023-01-06 11:00:00,100003041,11
2023-01-06 11:00:00,100003042,6
2023-01-06 11:00:00,100004575,0
2023-01-06 11:00:00,100007390,7
2023-01-06 11:00:00,100011747,0
2023-01-06 11:00:00,100011748,4
2023-01-06 11:00:00,100011783,2
2023-01-06 11:00:00,100012217,8
2023-01-06 11:00:00,100012218,3
2023-01-06 11:00:00,100017441,5
2023-01-06 11:00:00,100017523,0
2023-01-06 11:00:00,100025474,21
2023-01-06 11:00:00,100034805,0
2023-01-06 11:00:00,100035408,5
2023-01-06 11:00:00,100035409,4
2023-01-06 11:00:00,100041114,1
2023-01-06 11:00:00,100047030,0
2023-01-06 11:00:00,100052600,28
2023-01-06 11:00:00,100052602,2
2023-01-06 11:00:00,100052603,0
2023-01-06 11:00:00,100052604,0
2023-01-06 11:00:00,100052605,0
2023-01-06 11:00:00,100052606,2
2023-01-06 11:00:00,100053055,0
2023-01-06 11:00:00,100053059,0
2023-01-06 11:00:00,100053209,0
2023-01-06 11:00:00,100053210,2
2023-01-06 11:00:00,100054073,0
2023-01-06 11:00:00,100054241,0
2023-01-06 11:00:00,100054585,1
2023-01-06 11:00:00,100055268,0
2023-01-06 11:00:00,100056188,0
2023-01-06 11:00:00,100057050,0
2023-01-06 11:00:00,100057051,0
2023-01-06 11:00:00,100057052,0
2023-01-06 11:00:00,100057053,0
2023-01-06 11:00:00,300014916,9
2023-01-06 11:00:00,300014985,14
2023-01-06 11:00:00,300014986,7
2023-01-06 11:00:00,300014993,4
2023-01-06 11:00:00,300014994,5
2023-01-06 11:00:00,300014995,3
2023-01-06 11:00:00,300014996,15
2023-01-06 11:00:00,300020478,1
2023-01-06 11:00:00,300020679,14
2023-01-06 11:00:00,300020816,8
2023-01-06 11:00:00,300020817,9
2023-01-06 11:00:00,300021685,0
2023-01-06 11:00:00,300022314,4
2023-01-06 11:00:00,300028650,2
2023-01-06 11:00:00,300032161,0
2023-01-06 12:00:00,100001753,2
2023-01-06 12:00:00,100002880,5
2023-01-06 12:00:00,100003032,16
2023-01-06 12:00:00,100003034,28
2023-01-06 12:00:00,100003039,15
2023-01-06 12:00:00,100003040,0
2023-01-06 12:00:00,100003041,11
2023-01-06 12:00:00,100003042,7
2023-01-06 12:00:00,100004575,0
2023-01-06 12:00:00,100007390,12
2023-01-06 12:00:00,100011747,0
2023-01-06 12:00:00,100011748,3
2023-01-06 12:00:00,100011783,4
2023-01-06 12:00:00,100012217,10
2023-01-06 12:00:00,100012218,4
2023-01-06 12:00:00,100017441,7
2023-01-06 12:00:00,100017523,0
2023-01-06 12:00:00,100025474,26
2023-01-06 12:00:00,100034805,0
2023-01-06 12:00:00,100035408,3
2023-01-06 12:00:00,100035409,5
2023-01-06 12:00:00,100041114,2
2023-01-06 12:00:00,100047030,0
2023-01-06 12:00:00,100052600,17
2023-01-06 12:00:00,100052602,0
2023-01-06 12:00:00,100052603,1
2023-01-06 12:00:00,100052604,0
2023-01-06 12:00:00,100052605,1
2023-01-06 12:00:00,100052606,6
2023-01-06 12:00:00,100053055,1
2023-01-06 12:00:00,100053059,1
2023-01-06 12:00:00,100053209,0
2023-01-06 12:00:00,100053210,1
2023-01-06 12:00:00,100054073,1
2023-01-06 12:00:00,100054241,0
2023-01-06 12:00:00,100054585,1
2023-01-06 12:00:00,100055268,0
2023-01-06 12:00:00,100056188,0
2023-01-06 12:00:00,100057050,0
2023-01-06 12:00:00,100057051,0
2023-01-06 12:00:00,100057052,0
2023-01-06 12:00:00,100057053,0
2023-01-06 12:00:00,300014916,10
2023-01-06 12:00:00,300014985,17
2023-01-06 12:00:00,300014986,16
2023-01-06 12:00:00,300014993,2
2023-01-06 12:00:00,300014994,4
2023-01-06 12:00:00,300014995,11
2023-01-06 12:00:00,300014996,18
2023-01-06 12:00:00,300020478,8
2023-01-06 12:00:00,300020679,20
2023-01-06 12:00:00,300020816,13
2023-01-06 12:00:00,300020817,9
2023-01-06 12:00:00,300021685,0
2023-01-06 12:00:00,300022314,4
2023-01-06 12:00:00,300028650,5
2023-01-06 12:00:00,300032161,0
2023-01-06 13:00:00,100001753,3
2023-01-06 13:00:00,100002880,8
2023-01-06 13:00:00,100003032,19
2023-01-06 13:00:00,100003034,30
2023-01-06 13:00:00,100003039,15
2023-01-06 13:00:00,100003040,0
2023-01-06 13:00:00,100003041,18
2023-01-06 13:00:00,100003042,4
2023-01-06 13:00:00,100004575,0
2023-01-06 13:00:00,100007390,28
2023-01-06 13:00:00,100011747,0
2023-01-06 13:00:00,100011748,5
2023-01-06 13:00:00,100011783,2
2023-01-06 13:00:00,100012217,21
2023-01-06 13:00:00,100012218,5
2023-01-06 13:00:00,100017441,10
2023-01-06 13:00:00,100017523,0
2023-01-06 13:00:00,100025474,19
2023-01-06 13:00:00,100034805,0
2023-01-06 13:00:00,100035408,1
2023-01-06 13:00:00,100035409,2
2023-01-06 13:00:00,100041114,0
2023-01-06 13:00:00,100047030,0
2023-01-06 13:00:00,100052600,10
2023-01-06 13:00:00,100052602,0
2023-01-06 13:00:00,100052603,0
2023-01-06 13:00:00,100052604,0
2023-01-06 13:00:00,100052605,0
2023-01-06 13:00:00,100052606,1
2023-01-06 13:00:00,100053055,0
2023-01-06 13:00:00,100053059,1
2023-01-06 13:00:00,100053209,0
2023-01-06 13:00:00,100053210,0
2023-01-06 13:00:00,100054073,3
2023-01-06 13:00:00,100054241,0
2023-01-06 13:00:00,100054585,0
2023-01-06 13:00:00,100055268,0
2023-01-06 13:00:00,100056188,0
2023-01-06 13:00:00,100057050,0
2023-01-06 13:00:00,100057051,0
2023-01-06 13:00:00,100057052,0
2023-01-06 13:00:00,100057053,0
2023-01-06 13:00:00,300014916,8
2023-01-06 13:00:00,300014985,18
2023-01-06 13:00:00,300014986,18
2023-01-06 13:00:00,300014993,4
2023-01-06 13:00:00,300014994,2
2023-01-06 13:00:00,300014995,9
2023-01-06 13:00:00,300014996,20
2023-01-06 13:00:00,300020478,2
2023-01-06 13:00:00,300020679,25
2023-01-06 13:00:00,300020816,11
2023-01-06 13:00:00,300020817,8
2023-01-06 13:00:00,300021685,0
2023-01-06 13:00:00,300022314,4
2023-01-06 13:00:00,300028650,4
2023-01-06 13:00:00,300032161,0
2023-01-06 14:00:00,100001753,1
2023-01-06 14:00:00,100002880,9
2023-01-06 14:00:00,100003032,11
2023-01-06 14:00:00,100003034,27
2023-01-06 14:00:00,100003039,17
2023-01-06 14:00:00,100003040,2
2023-01-06 14:00:00,100003041,14
2023-01-06 14:00:00,100003042,5
2023-01-06 14:00:00,100004575,0
2023-01-06 14:00:00,100007390,14
2023-01-06 14:00:00,100011747,0
2023-01-06 14:00:00,100011748,4
2023-01-06 14:00:00,100011783,3
2023-01-06 14:00:00,100012217,17
2023-01-06 14:00:00,100012218,7
2023-01-06 14:00:00,100017441,10
2023-01-06 14:00:00,100017523,0
2023-01-06 14:00:00,100025474,27
2023-01-06 14:00:00,100034805,0
2023-01-06 14:00:00,100035408,8
2023-01-06 14:00:00,100035409,4
2023-01-06 14:00:00,100041114,2
2023-01-06 14:00:00,100047030,0
2023-01-06 14:00:00,100052600,10
2023-01-06 14:00:00,100052602,0
2023-01-06 14:00:00,100052603,1
2023-01-06 14:00:00,100052604,0
2023-01-06 14:00:00,100052605,3
2023-01-06 14:00:00,100052606,6
2023-01-06 14:00:00,100053055,0
2023-01-06 14:00:00,100053059,1
2023-01-06 14:00:00,100053209,3
2023-01-06 14:00:00,100053210,5
2023-01-06 14:00:00,100054073,1
2023-01-06 14:00:00,100054241,0
2023-01-06 14:00:00,100054585,2
2023-01-06 14:00:00,100055268,0
2023-01-06 14:00:00,100056188,0
2023-01-06 14:00:00,100057050,1
2023-01-06 14:00:00,100057051,0
2023-01-06 14:00:00,100057052,0
2023-01-06 14:00:00,100057053,0
2023-01-06 14:00:00,300014916,20
2023-01-06 14:00:00,300014985,13
2023-01-06 14:00:00,300014986,21
2023-01-06 14:00:00,300014993,3
2023-01-06 14:00:00,300014994,11
2023-01-06 14:00:00,300014995,13
2023-01-06 14:00:00,300014996,3
2023-01-06 14:00:00,300020478,5
2023-01-06 14:00:00,300020679,21
2023-01-06 14:00:00,300020816,12
2023-01-06 14:00:00,300020817,13
2023-01-06 14:00:00,300021685,0
2023-01-06 14:00:00,300022314,3
2023-01-06 14:00:00,300028650,9
2023-01-06 14:00:00,300032161,0
2023-01-06 15:00:00,100001753,4
2023-01-06 15:00:00,100002880,16
2023-01-06 15:00:00,100003032,24
2023-01-06 15:00:00,100003034,39
2023-01-06 15:00:00,100003039,21
2023-01-06 15:00:00,100003040,0
2023-01-06 15:00:00,100003041,27
2023-01-06 15:00:00,100003042,10
2023-01-06 15:00:00,100004575,0
2023-01-06 15:00:00,100007390,14
2023-01-06 15:00:00,100011747,0
2023-01-06 15:00:00,100011748,3
2023-01-06 15:00:00,100011783,2
2023-01-06 15:00:00,100012217,13
2023-01-06 15:00:00,100012218,11
2023-01-06 15:00:00,100017441,21
2023-01-06 15:00:00,100017523,0
2023-01-06 15:00:00,100025474,36
2023-01-06 15:00:00,100034805,0
2023-01-06 15:00:00,100035408,10
2023-01-06 15:00:00,100035409,6
2023-01-06 15:00:00,100041114,2
2023-01-06 15:00:00,100047030,0
2023-01-06 15:00:00,100052600,18
2023-01-06 15:00:00,100052602,1
2023-01-06 15:00:00,100052603,1
2023-01-06 15:00:00,100052604,0
2023-01-06 15:00:00,100052605,2
2023-01-06 15:00:00,100052606,1
2023-01-06 15:00:00,100053055,2
2023-01-06 15:00:00,100053059,1
2023-01-06 15:00:00,100053209,0
2023-01-06 15:00:00,100053210,4
2023-01-06 15:00:00,100054073,3
2023-01-06 15:00:00,100054241,1
2023-01-06 15:00:00,100054585,2
2023-01-06 15:00:00,100055268,0
2023-01-06 15:00:00,100056188,0
2023-01-06 15:00:00,100057050,0
2023-01-06 15:00:00,100057051,0
2023-01-06 15:00:00,100057052,0
2023-01-06 15:00:00,100057053,0
2023-01-06 15:00:00,300014916,15
2023-01-06 15:00:00,300014985,20
2023-01-06 15:00:00,300014986,17
2023-01-06 15:00:00,300014993,4
2023-01-06 15:00:00,300014994,4
2023-01-06 15:00:00,300014995,12
2023-01-06 15:00:00,300014996,22
2023-01-06 15:00:00,300020478,15
2023-01-06 15:00:00,300020679,23
2023-01-06 15:00:00,300020816,20
2023-01-06 15:00:00,300020817,7
2023-01-06 15:00:00,300021685,1
2023-01-06 15:00:00,300022314,2
2023-01-06 15:00:00,300028650,7
2023-01-06 15:00:00,300032161,0
2023-01-06 16:00:00,100001753,9
2023-01-06 16:00:00,100002880,24
2023-01-06 16:00:00,100003032,39
2023-01-06 16:00:00,100003034,43
2023-01-06 16:00:00,100003039,34
2023-01-06 16:00:00,100003040,0
2023-01-06 16:00:00,100003041,18
2023-01-06 16:00:00,100003042,13
2023-01-06 16:00:00,100004575,0
2023-01-06 16:00:00,100007390,28
2023-01-06 16:00:00,100011747,0
2023-01-06 16:00:00,100011748,10
2023-01-06 16:00:00,100011783,8
2023-01-06 16:00:00,100012217,13
2023-01-06 16:00:00,100012218,7
2023-01-06 16:00:00,100017441,23
2023-01-06 16:00:00,100017523,0
2023-01-06 16:00:00,100025474,27
2023-01-06 16:00:00,100034805,0
2023-01-06 16:00:00,100035408,9
2023-01-06 16:00:00,100035409,1
2023-01-06 16:00:00,100041114,7
2023-01-06 16:00:00,100047030,1
2023-01-06 16:00:00,100052600,18
2023-01-06 16:00:00,100052602,3
2023-01-06 16:00:00,100052603,2
2023-01-06 16:00:00,100052604,0
2023-01-06 16:00:00,100052605,1
2023-01-06 16:00:00,100052606,3
2023-01-06 16:00:00,100053055,1
2023-01-06 16:00:00,100053059,2
2023-01-06 16:00:00,100053209,1
2023-01-06 16:00:00,100053210,3
2023-01-06 16:00:00,100054073,1
2023-01-06 16:00:00,100054241,3
2023-01-06 16:00:00,100054585,0
2023-01-06 16:00:00,100055268,1
2023-01-06 16:00:00,100056188,0
2023-01-06 16:00:00,100057050,0
2023-01-06 16:00:00,100057051,0
2023-01-06 16:00:00,100057052,0
2023-01-06 16:00:00,100057053,0
2023-01-06 16:00:00,300014916,17
2023-01-06 16:00:00,300014985,17
2023-01-06 16:00:00,300014986,39
2023-01-06 16:00:00,300014993,6
2023-01-06 16:00:00,300014994,3
2023-01-06 16:00:00,300014995,44
2023-01-06 16:00:00,300014996,12
2023-01-06 16:00:00,300020478,9
2023-01-06 16:00:00,300020679,38
2023-01-06 16:00:00,300020816,13
2023-01-06 16:00:00,300020817,13
2023-01-06 16:00:00,300021685,0
2023-01-06 16:00:00,300022314,2
2023-01-06 16:00:00,300028650,14
2023-01-06 16:00:00,300032161,0
2023-01-06 17:00:00,100001753,3
2023-01-06 17:00:00,100002880,24
2023-01-06 17:00:00,100003032,42
2023-01-06 17:00:00,100003034,57
2023-01-06 17:00:00,100003039,30
2023-01-06 17:00:00,100003040,0
2023-01-06 17:00:00,100003041,34
2023-01-06 17:00:00,100003042,30
2023-01-06 17:00:00,100004575,0
2023-01-06 17:00:00,100007390,45
2023-01-06 17:00:00,100011747,0
2023-01-06 17:00:00,100011748,6
2023-01-06 17:00:00,100011783,11
2023-01-06 17:00:00,100012217,26
2023-01-06 17:00:00,100012218,11
2023-01-06 17:00:00,100017441,20
2023-01-06 17:00:00,100017523,0
2023-01-06 17:00:00,100025474,52
2023-01-06 17:00:00,100034805,0
2023-01-06 17:00:00,100035408,9
2023-01-06 17:00:00,100035409,2
2023-01-06 17:00:00,100041114,2
2023-01-06 17:00:00,100047030,0
2023-01-06 17:00:00,100052600,23
2023-01-06 17:00:00,100052602,2
2023-01-06 17:00:00,100052603,0
2023-01-06 17:00:00,100052604,0
2023-01-06 17:00:00,100052605,1
2023-01-06 17:00:00,100052606,3
2023-01-06 17:00:00,100053055,0
2023-01-06 17:00:00,100053059,1
2023-01-06 17:00:00,100053209,1
2023-01-06 17:00:00,100053210,2
2023-01-06 17:00:00,100054073,2
2023-01-06 17:00:00,100054241,1
2023-01-06 17:00:00,100054585,0
2023-01-06 17:00:00,100055268,11
2023-01-06 17:00:00,100056188,0
2023-01-06 17:00:00,100057050,0
2023-01-06 17:00:00,100057051,0
2023-01-06 17:00:00,100057052,0
2023-01-06 17:00:00,100057053,0
2023-01-06 17:00:00,300014916,12
2023-01-06 17:00:00,300014985,17
2023-01-06 17:00:00,300014986,50
2023-01-06 17:00:00,300014993,12
2023-01-06 17:00:00,300014994,10
2023-01-06 17:00:00,300014995,54
2023-01-06 17:00:00,300014996,17
2023-01-06 17:00:00,300020478,9
2023-01-06 17:00:00,300020679,66
2023-01-06 17:00:00,300020816,27
2023-01-06 17:00:00,300020817,32
2023-01-06 17:00:00,300021685,0
2023-01-06 17:00:00,300022314,4
2023-01-06 17:00:00,300028650,10
2023-01-06 17:00:00,300032161,0
2023-01-06 18:00:00,100001753,5
2023-01-06 18:00:00,100002880,10
2023-01-06 18:00:00,100003032,24
2023-01-06 18:00:00,100003034,29
2023-01-06 18:00:00,100003039,23
2023-01-06 18:00:00,100003040,0
2023-01-06 18:00:00,100003041,10
2023-01-06 18:00:00,100003042,12
2023-01-06 18:00:00,100004575,0
2023-01-06 18:00:00,100007390,14
2023-01-06 18:00:00,100011747,0
2023-01-06 18:00:00,100011748,4
2023-01-06 18:00:00,100011783,9
2023-01-06 18:00:00,100012217,19
2023-01-06 18:00:00,100012218,11
2023-01-06 18:00:00,100017441,8
2023-01-06 18:00:00,100017523,0
2023-01-06 18:00:00,100025474,37
2023-01-06 18:00:00,100034805,0
2023-01-06 18:00:00,100035408,6
2023-01-06 18:00:00,100035409,2
2023-01-06 18:00:00,100041114,3
2023-01-06 18:00:00,100047030,0
2023-01-06 18:00:00,100052600,11
2023-01-06 18:00:00,100052602,0
2023-01-06 18:00:00,100052603,1
2023-01-06 18:00:00,100052604,0
2023-01-06 18:00:00,100052605,1
2023-01-06 18:00:00,100052606,0
2023-01-06 18:00:00,100053055,0
2023-01-06 18:00:00,100053059,0
2023-01-06 18:00:00,100053209,1
2023-01-06 18:00:00,100053210,0
2023-01-06 18:00:00,100054073,1
2023-01-06 18:00:00,100054241,0
2023-01-06 18:00:00,100054585,0
2023-01-06 18:00:00,100055268,3
2023-01-06 18:00:00,100056188,0
2023-01-06 18:00:00,100057050,0
2023-01-06 18:00:00,100057051,0
2023-01-06 18:00:00,100057052,0
2023-01-06 18:00:00,100057053,0
2023-01-06 18:00:00,300014916,7
2023-01-06 18:00:00,300014985,23
2023-01-06 18:00:00,300014986,31
2023-01-06 18:00:00,300014993,7
2023-01-06 18:00:00,300014994,1
2023-01-06 18:00:00,300014995,37
2023-01-06 18:00:00,300014996,13
2023-01-06 18:00:00,300020478,14
2023-01-06 18:00:00,300020679,41
2023-01-06 18:00:00,300020816,17
2023-01-06 18:00:00,300020817,16
2023-01-06 18:00:00,300021685,0
2023-01-06 18:00:00,300022314,3
2023-01-06 18:00:00,300028650,10
2023-01-06 18:00:00,300032161,0
2023-01-06 19:00:00,100001753,1
2023-01-06 19:00:00,100002880,2
2023-01-06 19:00:00,100003032,16
2023-01-06 19:00:00,100003034,29
2023-01-06 19:00:00,100003039,21
2023-01-06 19:00:00,100003040,1
2023-01-06 19:00:00,100003041,4
2023-01-06 19:00:00,100003042,7
2023-01-06 19:00:00,100004575,0
2023-01-06 19:00:00,100007390,10
2023-01-06 19:00:00,100011747,0
2023-01-06 19:00:00,100011748,5
2023-01-06 19:00:00,100011783,6
2023-01-06 19:00:00,100012217,17
2023-01-06 19:00:00,100012218,5
2023-01-06 19:00:00,100017441,11
2023-01-06 19:00:00,100017523,0
2023-01-06 19:00:00,100025474,27
2023-01-06 19:00:00,100034805,0
2023-01-06 19:00:00,100035408,9
2023-01-06 19:00:00,100035409,0
2023-01-06 19:00:00,100041114,0
2023-01-06 19:00:00,100047030,0
2023-01-06 19:00:00,100052600,10
2023-01-06 19:00:00,100052602,0
2023-01-06 19:00:00,100052603,0
2023-01-06 19:00:00,100052604,0
2023-01-06 19:00:00,100052605,1
2023-01-06 19:00:00,100052606,2
2023-01-06 19:00:00,100053055,0
2023-01-06 19:00:00,100053059,0
2023-01-06 19:00:00,100053209,0
2023-01-06 19:00:00,100053210,0
2023-01-06 19:00:00,100054073,1
2023-01-06 19:00:00,100054241,1
2023-01-06 19:00:00,100054585,2
2023-01-06 19:00:00,100055268,4
2023-01-06 19:00:00,100056188,0
2023-01-06 19:00:00,100057050,0
2023-01-06 19:00:00,100057051,0
2023-01-06 19:00:00,100057052,0
2023-01-06 19:00:00,100057053,0
2023-01-06 19:00:00,300014916,4
2023-01-06 19:00:00,300014985,17
2023-01-06 19:00:00,300014986,17
2023-01-06 19:00:00,300014993,3
2023-01-06 19:00:00,300014994,2
2023-01-06 19:00:00,300014995,8
2023-01-06 19:00:00,300014996,12
2023-01-06 19:00:00,300020478,8
2023-01-06 19:00:00,300020679,18
2023-01-06 19:00:00,300020816,11
2023-01-06 19:00:00,300020817,6
2023-01-06 19:00:00,300021685,0
2023-01-06 19:00:00,300022314,5
2023-01-06 19:00:00,300028650,7
2023-01-06 19:00:00,300032161,0
2023-01-06 20:00:00,100001753,1
2023-01-06 20:00:00,100002880,3
2023-01-06 20:00:00,100003032,6
2023-01-06 20:00:00,100003034,17
2023-01-06 20:00:00,100003039,22
2023-01-06 20:00:00,100003040,1
2023-01-06 20:00:00,100003041,4
2023-01-06 20:00:00,100003042,1
2023-01-06 20:00:00,100004575,0
2023-01-06 20:00:00,100007390,11
2023-01-06 20:00:00,100011747,0
2023-01-06 20:00:00,100011748,5
2023-01-06 20:00:00,100011783,2
2023-01-06 20:00:00,100012217,9
2023-01-06 20:00:00,100012218,4
2023-01-06 20:00:00,100017441,5
2023-01-06 20:00:00,100017523,0
2023-01-06 20:00:00,100025474,8
2023-01-06 20:00:00,100034805,0
2023-01-06 20:00:00,100035408,3
2023-01-06 20:00:00,100035409,0
2023-01-06 20:00:00,100041114,1
2023-01-06 20:00:00,100047030,0
2023-01-06 20:00:00,100052600,11
2023-01-06 20:00:00,100052602,0
2023-01-06 20:00:00,100052603,0
2023-01-06 20:00:00,100052604,0
2023-01-06 20:00:00,100052605,0
2023-01-06 20:00:00,100052606,0
2023-01-06 20:00:00,100053055,0
2023-01-06 20:00:00,100053059,0
2023-01-06 20:00:00,100053209,1
2023-01-06 20:00:00,100053210,0
2023-01-06 20:00:00,100054073,0
2023-01-06 20:00:00,100054241,1
2023-01-06 20:00:00,100054585,0
2023-01-06 20:00:00,100055268,6
2023-01-06 20:00:00,100056188,0
2023-01-06 20:00:00,100057050,0
2023-01-06 20:00:00,100057051,0
2023-01-06 20:00:00,100057052,0
2023-01-06 20:00:00,100057053,183
2023-01-06 20:00:00,300014916,3
2023-01-06 20:00:00,300014985,12
2023-01-06 20:00:00,300014986,11
2023-01-06 20:00:00,300014993,2
2023-01-06 20:00:00,300014994,3
2023-01-06 20:00:00,300014995,13
2023-01-06 20:00:00,300014996,9
2023-01-06 20:00:00,300020478,6
2023-01-06 20:00:00,300020679,12
2023-01-06 20:00:00,300020816,3
2023-01-06 20:00:00,300020817,7
2023-01-06 20:00:00,300021685,0
2023-01-06 20:00:00,300022314,3
2023-01-06 20:00:00,300028650,7
2023-01-06 20:00:00,300032161,0
2023-01-06 21:00:00,100001753,3
2023-01-06 21:00:00,100002880,5
2023-01-06 21:00:00,100003032,5
2023-01-06 21:00:00,100003034,15
2023-01-06 21:00:00,100003039,14
2023-01-06 21:00:00,100003040,1
2023-01-06 21:00:00,100003041,4
2023-01-06 21:00:00,100003042,3
2023-01-06 21:00:00,100004575,0
2023-01-06 21:00:00,100007390,10
2023-01-06 21:00:00,100011747,0
2023-01-06 21:00:00,100011748,2
2023-01-06 21:00:00,100011783,7
2023-01-06 21:00:00,100012217,7
2023-01-06 21:00:00,100012218,2
2023-01-06 21:00:00,100017441,2
2023-01-06 21:00:00,100017523,0
2023-01-06 21:00:00,100025474,17
2023-01-06 21:00:00,100034805,0
2023-01-06 21:00:00,100035408,2
2023-01-06 21:00:00,100035409,1
2023-01-06 21:00:00,100041114,0
2023-01-06 21:00:00,100047030,0
2023-01-06 21:00:00,100052600,3
2023-01-06 21:00:00,100052602,0
2023-01-06 21:00:00,100052603,0
2023-01-06 21:00:00,100052604,0
2023-01-06 21:00:00,100052605,0
2023-01-06 21:00:00,100052606,1
2023-01-06 21:00:00,100053055,0
2023-01-06 21:00:00,100053059,0
2023-01-06 21:00:00,100053209,0
2023-01-06 21:00:00,100053210,1
2023-01-06 21:00:00,100054073,1
2023-01-06 21:00:00,100054241,0
2023-01-06 21:00:00,100054585,3
2023-01-06 21:00:00,100055268,1
2023-01-06 21:00:00,100056188,0
2023-01-06 21:00:00,100057050,0
2023-01-06 21:00:00,100057051,0
2023-01-06 21:00:00,100057052,0
2023-01-06 21:00:00,100057053,3
2023-01-06 21:00:00,300014916,2
2023-01-06 21:00:00,300014985,6
2023-01-06 21:00:00,300014986,12
2023-01-06 21:00:00,300014993,2
2023-01-06 21:00:00,300014994,1
2023-01-06 21:00:00,300014995,8
2023-01-06 21:00:00,300014996,6
2023-01-06 21:00:00,300020478,5
2023-01-06 21:00:00,300020679,24
2023-01-06 21:00:00,300020816,3
2023-01-06 21:00:00,300020817,4
2023-01-06 21:00:00,300021685,0
2023-01-06 21:00:00,300022314,2
2023-01-06 21:00:00,300028650,2
2023-01-06 21:00:00,300032161,0
2023-01-06 22:00:00,100001753,2
2023-01-06 22:00:00,100002880,3
2023-01-06 22:00:00,100003032,4
2023-01-06 22:00:00,100003034,12
2023-01-06 22:00:00,100003039,8
2023-01-06 22:00:00,100003040,0
2023-01-06 22:00:00,100003041,8
2023-01-06 22:00:00,100003042,4
2023-01-06 22:00:00,100004575,0
2023-01-06 22:00:00,100007390,10
2023-01-06 22:00:00,100011747,0
2023-01-06 22:00:00,100011748,2
2023-01-06 22:00:00,100011783,2
2023-01-06 22:00:00,100012217,8
2023-01-06 22:00:00,100012218,2
2023-01-06 22:00:00,100017441,5
2023-01-06 22:00:00,100017523,0
2023-01-06 22:00:00,100025474,8
2023-01-06 22:00:00,100034805,0
2023-01-06 22:00:00,100035408,1
2023-01-06 22:00:00,100035409,0
2023-01-06 22:00:00,100041114,0
2023-01-06 22:00:00,100047030,0
2023-01-06 22:00:00,100052600,3
2023-01-06 22:00:00,100052602,0
2023-01-06 22:00:00,100052603,0
2023-01-06 22:00:00,100052604,0
2023-01-06 22:00:00,100052605,0
2023-01-06 22:00:00,100052606,0
2023-01-06 22:00:00,100053055,0
2023-01-06 22:00:00,100053059,0
2023-01-06 22:00:00,100053209,1
2023-01-06 22:00:00,100053210,1
2023-01-06 22:00:00,100054073,0
2023-01-06 22:00:00,100054241,0
2023-01-06 22:00:00,100054585,0
2023-01-06 22:00:00,100055268,0
2023-01-06 22:00:00,100056188,0
2023-01-06 22:00:00,100057050,0
2023-01-06 22:00:00,100057051,0
2023-01-06 22:00:00,100057052,0
2023-01-06 22:00:00,100057053,0
2023-01-06 22:00:00,300014916,2
2023-01-06 22:00:00,300014985,10
2023-01-06 22:00:00,300014986,17
2023-01-06 22:00:00,300014993,4
2023-01-06 22:00:00,300014994,1
2023-01-06 22:00:00,300014995,12
2023-01-06 22:00:00,300014996,6
2023-01-06 22:00:00,300020478,1
2023-01-06 22:00:00,300020679,12
2023-01-06 22:00:00,300020816,3
2023-01-06 22:00:00,300020817,9
2023-01-06 22:00:00,300021685,0
2023-01-06 22:00:00,300022314,5
2023-01-06 22:00:00,300028650,3
2023-01-06 22:00:00,300032161,0
2023-01-06 23:00:00,100001753,0
2023-01-06 23:00:00,100002880,0
2023-01-06 23:00:00,100003032,5
2023-01-06 23:00:00,100003034,9
2023-01-06 23:00:00,100003039,15
2023-01-06 23:00:00,100003040,0
2023-01-06 23:00:00,100003041,0
2023-01-06 23:00:00,100003042,7
2023-01-06 23:00:00,100004575,0
2023-01-06 23:00:00,100007390,8
2023-01-06 23:00:00,100011747,0
2023-01-06 23:00:00,100011748,3
2023-01-06 23:00:00,100011783,2
2023-01-06 23:00:00,100012217,9
2023-01-06 23:00:00,100012218,2
2023-01-06 23:00:00,100017441,8
2023-01-06 23:00:00,100017523,0
2023-01-06 23:00:00,100025474,10
2023-01-06 23:00:00,100034805,0
2023-01-06 23:00:00,100035408,1
2023-01-06 23:00:00,100035409,0
2023-01-06 23:00:00,100041114,0
2023-01-06 23:00:00,100047030,2
2023-01-06 23:00:00,100052600,3
2023-01-06 23:00:00,100052602,1
2023-01-06 23:00:00,100052603,0
2023-01-06 23:00:00,100052604,0
2023-01-06 23:00:00,100052605,0
2023-01-06 23:00:00,100052606,0
2023-01-06 23:00:00,100053055,0
2023-01-06 23:00:00,100053059,0
2023-01-06 23:00:00,100053209,0
2023-01-06 23:00:00,100053210,0
2023-01-06 23:00:00,100054073,0
2023-01-06 23:00:00,100054241,0
2023-01-06 23:00:00,100054585,0
2023-01-06 23:00:00,100055268,3
2023-01-06 23:00:00,100056188,0
2023-01-06 23:00:00,100057050,0
2023-01-06 23:00:00,100057051,0
2023-01-06 23:00:00,100057052,0
2023-01-06 23:00:00,100057053,2
2023-01-06 23:00:00,300014916,4
2023-01-06 23:00:00,300014985,6
2023-01-06 23:00:00,300014986,10
2023-01-06 23:00:00,300014993,2
2023-01-06 23:00:00,300014994,2
2023-01-06 23:00:00,300014995,8
2023-01-06 23:00:00,300014996,3
2023-01-06 23:00:00,300020478,2
2023-01-06 23:00:00,300020679,10
2023-01-06 23:00:00,300020816,4
2023-01-06 23:00:00,300020817,9
2023-01-06 23:00:00,300021685,0
2023-01-06 23:00:00,300022314,3
2023-01-06 23:00:00,300028650,3
2023-01-06 23:00:00,300032161,0
2023-01-07 00:00:00,100001753,0
2023-01-07 00:00:00,100002880,0
2023-01-07 00:00:00,100003032,5
2023-01-07 00:00:00,100003034,7
2023-01-07 00:00:00,100003039,8
2023-01-07 00:00:00,100003040,0
2023-01-07 00:00:00,100003041,0
2023-01-07 00:00:00,100003042,1
2023-01-07 00:00:00,100004575,0
2023-01-07 00:00:00,100007390,9
2023-01-07 00:00:00,100011747,0
2023-01-07 00:00:00,100011748,0
2023-01-07 00:00:00,100011783,1
2023-01-07 00:00:00,100012217,27
2023-01-07 00:00:00,100012218,4
2023-01-07 00:00:00,100017441,2
2023-01-07 00:00:00,100017523,0
2023-01-07 00:00:00,100025474,2
2023-01-07 00:00:00,100034805,0
2023-01-07 00:00:00,100035408,2
2023-01-07 00:00:00,100035409,0
2023-01-07 00:00:00,100041114,0
2023-01-07 00:00:00,100047030,0
2023-01-07 00:00:00,100052600,6
2023-01-07 00:00:00,100052602,0
2023-01-07 00:00:00,100052603,0
2023-01-07 00:00:00,100052604,0
2023-01-07 00:00:00,100052605,0
2023-01-07 00:00:00,100052606,0
2023-01-07 00:00:00,100053055,0
2023-01-07 00:00:00,100053059,0
2023-01-07 00:00:00,100053209,0
2023-01-07 00:00:00,100053210,2
2023-01-07 00:00:00,100054073,4
2023-01-07 00:00:00,100054241,0
2023-01-07 00:00:00,100054585,0
2023-01-07 00:00:00,100055268,0
2023-01-07 00:00:00,100056188,0
2023-01-07 00:00:00,100057050,1
2023-01-07 00:00:00,100057051,0
2023-01-07 00:00:00,100057052,0
2023-01-07 00:00:00,100057053,1
2023-01-07 00:00:00,300014916,0
2023-01-07 00:00:00,300014985,9
2023-01-07 00:00:00,300014986,8
2023-01-07 00:00:00,300014993,1
2023-01-07 00:00:00,300014994,0
2023-01-07 00:00:00,300014995,9
2023-01-07 00:00:00,300014996,2
2023-01-07 00:00:00,300020478,2
2023-01-07 00:00:00,300020679,6
2023-01-07 00:00:00,300020816,1
2023-01-07 00:00:00,300020817,6
2023-01-07 00:00:00,300021685,0
2023-01-07 00:00:00,300022314,3
2023-01-07 00:00:00,300028650,2
2023-01-07 00:00:00,300032161,0
2023-01-07 01:00:00,100001753,0
2023-01-07 01:00:00,100002880,0
2023-01-07 01:00:00,100003032,1
2023-01-07 01:00:00,100003034,16
2023-01-07 01:00:00,100003039,6
2023-01-07 01:00:00,100003040,0
2023-01-07 01:00:00,100003041,5
2023-01-07 01:00:00,100003042,0
2023-01-07 01:00:00,100004575,0
2023-01-07 01:00:00,100007390,3
2023-01-07 01:00:00,100011747,0
2023-01-07 01:00:00,100011748,0
2023-01-07 01:00:00,100011783,0
2023-01-07 01:00:00,100012217,10
2023-01-07 01:00:00,100012218,3
2023-01-07 01:00:00,100017441,0
2023-01-07 01:00:00,100017523,0
2023-01-07 01:00:00,100025474,2
2023-01-07 01:00:00,100034805,0
2023-01-07 01:00:00,100035408,1
2023-01-07 01:00:00,100035409,0
2023-01-07 01:00:00,100041114,0
2023-01-07 01:00:00,100047030,0
2023-01-07 01:00:00,100052600,5
2023-01-07 01:00:00,100052602,0
2023-01-07 01:00:00,100052603,0
2023-01-07 01:00:00,100052604,0
2023-01-07 01:00:00,100052605,0
2023-01-07 01:00:00,100052606,1
2023-01-07 01:00:00,100053055,0
2023-01-07 01:00:00,100053059,0
2023-01-07 01:00:00,100053209,0
2023-01-07 01:00:00,100053210,0
2023-01-07 01:00:00,100054073,0
2023-01-07 01:00:00,100054241,0
2023-01-07 01:00:00,100054585,0
2023-01-07 01:00:00,100055268,1
2023-01-07 01:00:00,100056188,0
2023-01-07 01:00:00,100057050,0
2023-01-07 01:00:00,100057051,0
2023-01-07 01:00:00,100057052,0
2023-01-07 01:00:00,100057053,1
2023-01-07 01:00:00,300014916,0
2023-01-07 01:00:00,300014985,4
2023-01-07 01:00:00,300014986,8
2023-01-07 01:00:00,300014993,0
2023-01-07 01:00:00,300014994,1
2023-01-07 01:00:00,300014995,1
2023-01-07 01:00:00,300014996,2
2023-01-07 01:00:00,300020478,1
2023-01-07 01:00:00,300020679,3
2023-01-07 01:00:00,300020816,2
2023-01-07 01:00:00,300020817,1
2023-01-07 01:00:00,300021685,0
2023-01-07 01:00:00,300022314,2
2023-01-07 01:00:00,300028650,3
2023-01-07 01:00:00,300032161,0
2023-01-07 02:00:00,100001753,0
2023-01-07 02:00:00,100002880,1
2023-01-07 02:00:00,100003032,4
2023-01-07 02:00:00,100003034,7
2023-01-07 02:00:00,100003039,2
2023-01-07 02:00:00,100003040,0
2023-01-07 02:00:00,100003041,0
2023-01-07 02:00:00,100003042,0
2023-01-07 02:00:00,100004575,0
2023-01-07 02:00:00,100007390,4
2023-01-07 02:00:00,100011747,0
2023-01-07 02:00:00,100011748,0
2023-01-07 02:00:00,100011783,0
2023-01-07 02:00:00,100012217,0
2023-01-07 02:00:00,100012218,1
2023-01-07 02:00:00,100017441,0
2023-01-07 02:00:00,100017523,0
2023-01-07 02:00:00,100025474,0
2023-01-07 02:00:00,100034805,0
2023-01-07 02:00:00,100035408,4
2023-01-07 02:00:00,100035409,0
2023-01-07 02:00:00,100041114,0
2023-01-07 02:00:00,100047030,1
2023-01-07 02:00:00,100052600,1
2023-01-07 02:00:00,100052602,0
2023-01-07 02:00:00,100052603,0
2023-01-07 02:00:00,100052604,0
2023-01-07 02:00:00,100052605,0
2023-01-07 02:00:00,100052606,1
2023-01-07 02:00:00,100053055,0
2023-01-07 02:00:00,100053059,0
2023-01-07 02:00:00,100053209,0
2023-01-07 02:00:00,100053210,0
2023-01-07 02:00:00,100054073,0
2023-01-07 02:00:00,100054241,0
2023-01-07 02:00:00,100054585,0
2023-01-07 02:00:00,100055268,0
2023-01-07 02:00:00,100056188,0
2023-01-07 02:00:00,100057050,0
2023-01-07 02:00:00,100057051,0
2023-01-07 02:00:00,100057052,0
2023-01-07 02:00:00,100057053,0
2023-01-07 02:00:00,300014916,1
2023-01-07 02:00:00,300014985,3
2023-01-07 02:00:00,300014986,5
2023-01-07 02:00:00,300014993,0
2023-01-07 02:00:00,300014994,0
2023-01-07 02:00:00,300014995,4
2023-01-07 02:00:00,300014996,1
2023-01-07 02:00:00,300020478,4
2023-01-07 02:00:00,300020679,2
2023-01-07 02:00:00,300020816,4
2023-01-07 02:00:00,300020817,4
2023-01-07 02:00:00,300021685,0
2023-01-07 02:00:00,300022314,1
2023-01-07 02:00:00,300028650,2
2023-01-07 02:00:00,300032161,0
2023-01-07 03:00:00,100001753,0
2023-01-07 03:00:00,100002880,10
2023-01-07 03:00:00,100003032,0
2023-01-07 03:00:00,100003034,0
2023-01-07 03:00:00,100003039,1
2023-01-07 03:00:00,100003040,0
2023-01-07 03:00:00,100003041,0
2023-01-07 03:00:00,100003042,1
2023-01-07 03:00:00,100004575,0
2023-01-07 03:00:00,100007390,1
2023-01-07 03:00:00,100011747,0
2023-01-07 03:00:00,100011748,1
2023-01-07 03:00:00,100011783,0
2023-01-07 03:00:00,100012217,2
2023-01-07 03:00:00,100012218,0
2023-01-07 03:00:00,100017441,0
2023-01-07 03:00:00,100017523,0
2023-01-07 03:00:00,100025474,3
2023-01-07 03:00:00,100034805,0
2023-01-07 03:00:00,100035408,0
2023-01-07 03:00:00,100035409,0
2023-01-07 03:00:00,100041114,0
2023-01-07 03:00:00,100047030,0
2023-01-07 03:00:00,100052600,0
2023-01-07 03:00:00,100052602,0
2023-01-07 03:00:00,100052603,0
2023-01-07 03:00:00,100052604,0
2023-01-07 03:00:00,100052605,0
2023-01-07 03:00:00,100052606,0
2023-01-07 03:00:00,100053055,0
2023-01-07 03:00:00,100053059,0
2023-01-07 03:00:00,100053209,0
2023-01-07 03:00:00,100053210,0
2023-01-07 03:00:00,100054073,0
2023-01-07 03:00:00,100054241,0
2023-01-07 03:00:00,100054585,0
2023-01-07 03:00:00,100055268,1
2023-01-07 03:00:00,100056188,0
2023-01-07 03:00:00,100057050,0
2023-01-07 03:00:00,100057051,0
2023-01-07 03:00:00,100057052,0
2023-01-07 03:00:00,100057053,146
2023-01-07 03:00:00,300014916,1
2023-01-07 03:00:00,300014985,2
2023-01-07 03:00:00,300014986,6
2023-01-07 03:00:00,300014993,1
2023-01-07 03:00:00,300014994,1
2023-01-07 03:00:00,300014995,2
2023-01-07 03:00:00,300014996,2
2023-01-07 03:00:00,300020478,1
2023-01-07 03:00:00,300020679,1
2023-01-07 03:00:00,300020816,1
2023-01-07 03:00:00,300020817,1
2023-01-07 03:00:00,300021685,0
2023-01-07 03:00:00,300022314,0
2023-01-07 03:00:00,300028650,1
2023-01-07 03:00:00,300032161,0
2023-01-07 04:00:00,100001753,0
2023-01-07 04:00:00,100002880,0
2023-01-07 04:00:00,100003032,0
2023-01-07 04:00:00,100003034,1
2023-01-07 04:00:00,100003039,1
2023-01-07 04:00:00,100003040,0
2023-01-07 04:00:00,100003041,0
2023-01-07 04:00:00,100003042,1
2023-01-07 04:00:00,100004575,0
2023-01-07 04:00:00,100007390,1
2023-01-07 04:00:00,100011747,0
2023-01-07 04:00:00,100011748,1
2023-01-07 04:00:00,100011783,0
2023-01-07 04:00:00,100012217,1
2023-01-07 04:00:00,100012218,0
2023-01-07 04:00:00,100017441,1
2023-01-07 04:00:00,100017523,0
2023-01-07 04:00:00,100025474,0
2023-01-07 04:00:00,100034805,0
2023-01-07 04:00:00,100035408,0
2023-01-07 04:00:00,100035409,0
2023-01-07 04:00:00,100041114,0
2023-01-07 04:00:00,100047030,0
2023-01-07 04:00:00,100052600,0
2023-01-07 04:00:00,100052602,0
2023-01-07 04:00:00,100052603,0
2023-01-07 04:00:00,100052604,0
2023-01-07 04:00:00,100052605,0
2023-01-07 04:00:00,100052606,0
2023-01-07 04:00:00,100053055,0
2023-01-07 04:00:00,100053059,0
2023-01-07 04:00:00,100053209,0
2023-01-07 04:00:00,100053210,0
2023-01-07 04:00:00,100054073,0
2023-01-07 04:00:00,100054241,0
2023-01-07 04:00:00,100054585,0
2023-01-07 04:00:00,100055268,2
2023-01-07 04:00:00,100056188,0
2023-01-07 04:00:00,100057050,0
2023-01-07 04:00:00,100057051,0
2023-01-07 04:00:00,100057052,0
2023-01-07 04:00:00,100057053,0
2023-01-07 04:00:00,300014916,0
2023-01-07 04:00:00,300014985,0
2023-01-07 04:00:00,300014986,1
2023-01-07 04:00:00,300014993,2
2023-01-07 04:00:00,300014994,0
2023-01-07 04:00:00,300014995,1
2023-01-07 04:00:00,300014996,0
2023-01-07 04:00:00,300020478,0
2023-01-07 04:00:00,300020679,0
2023-01-07 04:00:00,300020816,0
2023-01-07 04:00:00,300020817,1
2023-01-07 04:00:00,300021685,0
2023-01-07 04:00:00,300022314,0
2023-01-07 04:00:00,300028650,0
2023-01-07 04:00:00,300032161,0
2023-01-07 05:00:00,100001753,1
2023-01-07 05:00:00,100002880,1
2023-01-07 05:00:00,100003032,0
2023-01-07 05:00:00,100003034,1
2023-01-07 05:00:00,100003039,2
2023-01-07 05:00:00,100003040,0
2023-01-07 05:00:00,100003041,4
2023-01-07 05:00:00,100003042,1
2023-01-07 05:00:00,100004575,0
2023-01-07 05:00:00,100007390,0
2023-01-07 05:00:00,100011747,0
2023-01-07 05:00:00,100011748,0
2023-01-07 05:00:00,100011783,0
2023-01-07 05:00:00,100012217,0
2023-01-07 05:00:00,100012218,0
2023-01-07 05:00:00,100017441,0
2023-01-07 05:00:00,100017523,0
2023-01-07 05:00:00,100025474,0
2023-01-07 05:00:00,100034805,0
2023-01-07 05:00:00,100035408,0
2023-01-07 05:00:00,100035409,0
2023-01-07 05:00:00,100041114,0
2023-01-07 05:00:00,100047030,0
2023-01-07 05:00:00,100052600,0
2023-01-07 05:00:00,100052602,0
2023-01-07 05:00:00,100052603,0
2023-01-07 05:00:00,100052604,0
2023-01-07 05:00:00,100052605,0
2023-01-07 05:00:00,100052606,0
2023-01-07 05:00:00,100053055,0
2023-01-07 05:00:00,100053059,0
2023-01-07 05:00:00,100053209,0
2023-01-07 05:00:00,100053210,0
2023-01-07 05:00:00,100054073,0
2023-01-07 05:00:00,100054241,0
2023-01-07 05:00:00,100054585,0
2023-01-07 05:00:00,100055268,0
2023-01-07 05:00:00,100056188,0
2023-01-07 05:00:00,100057050,0
2023-01-07 05:00:00,100057051,0
2023-01-07 05:00:00,100057052,0
2023-01-07 05:00:00,100057053,0
2023-01-07 05:00:00,300014916,1
2023-01-07 05:00:00,300014985,0
2023-01-07 05:00:00,300014986,1
2023-01-07 05:00:00,300014993,0
2023-01-07 05:00:00,300014994,0
2023-01-07 05:00:00,300014995,1
2023-01-07 05:00:00,300014996,3
2023-01-07 05:00:00,300020478,0
2023-01-07 05:00:00,300020679,0
2023-01-07 05:00:00,300020816,1
2023-01-07 05:00:00,300020817,0
2023-01-07 05:00:00,300021685,0
2023-01-07 05:00:00,300022314,0
2023-01-07 05:00:00,300028650,0
2023-01-07 05:00:00,300032161,0
2023-01-07 06:00:00,100001753,2
2023-01-07 06:00:00,100002880,3
2023-01-07 06:00:00,100003032,1
2023-01-07 06:00:00,100003034,6
2023-01-07 06:00:00,100003039,2
2023-01-07 06:00:00,100003040,0
2023-01-07 06:00:00,100003041,0
2023-01-07 06:00:00,100003042,0
2023-01-07 06:00:00,100004575,0
2023-01-07 06:00:00,100007390,1
2023-01-07 06:00:00,100011747,0
2023-01-07 06:00:00,100011748,1
2023-01-07 06:00:00,100011783,1
2023-01-07 06:00:00,100012217,2
2023-01-07 06:00:00,100012218,0
2023-01-07 06:00:00,100017441,0
2023-01-07 06:00:00,100017523,0
2023-01-07 06:00:00,100025474,2
2023-01-07 06:00:00,100034805,0
2023-01-07 06:00:00,100035408,1
2023-01-07 06:00:00,100035409,0
2023-01-07 06:00:00,100041114,0
2023-01-07 06:00:00,100047030,0
2023-01-07 06:00:00,100052600,3
2023-01-07 06:00:00,100052602,0
2023-01-07 06:00:00,100052603,0
2023-01-07 06:00:00,100052604,0
2023-01-07 06:00:00,100052605,1
2023-01-07 06:00:00,100052606,0
2023-01-07 06:00:00,100053055,0
2023-01-07 06:00:00,100053059,0
2023-01-07 06:00:00,100053209,0
2023-01-07 06:00:00,100053210,0
2023-01-07 06:00:00,100054073,0
2023-01-07 06:00:00,100054241,0
2023-01-07 06:00:00,100054585,0
2023-01-07 06:00:00,100055268,1
2023-01-07 06:00:00,100056188,0
2023-01-07 06:00:00,100057050,0
2023-01-07 06:00:00,100057051,0
2023-01-07 06:00:00,100057052,0
2023-01-07 06:00:00,100057053,1
2023-01-07 06:00:00,300014916,0
2023-01-07 06:00:00,300014985,2
2023-01-07 06:00:00,300014986,0
2023-01-07 06:00:00,300014993,0
2023-01-07 06:00:00,300014994,0
2023-01-07 06:00:00,300014995,1
2023-01-07 06:00:00,300014996,4
2023-01-07 06:00:00,300020478,3
2023-01-07 06:00:00,300020679,4
2023-01-07 06:00:00,300020816,1
2023-01-07 06:00:00,300020817,2
2023-01-07 06:00:00,300021685,0
2023-01-07 06:00:00,300022314,0
2023-01-07 06:00:00,300028650,0
2023-01-07 06:00:00,300032161,0
2023-01-07 07:00:00,100001753,0
2023-01-07 07:00:00,100002880,3
2023-01-07 07:00:00,100003032,5
2023-01-07 07:00:00,100003034,4
2023-01-07 07:00:00,100003039,6
2023-01-07 07:00:00,100003040,0
2023-01-07 07:00:00,100003041,2
2023-01-07 07:00:00,100003042,2
2023-01-07 07:00:00,100004575,0
2023-01-07 07:00:00,100007390,2
2023-01-07 07:00:00,100011747,0
2023-01-07 07:00:00,100011748,0
2023-01-07 07:00:00,100011783,3
2023-01-07 07:00:00,100012217,0
2023-01-07 07:00:00,100012218,1
2023-01-07 07:00:00,100017441,2
2023-01-07 07:00:00,100017523,0
2023-01-07 07:00:00,100025474,4
2023-01-07 07:00:00,100034805,0
2023-01-07 07:00:00,100035408,1
2023-01-07 07:00:00,100035409,0
2023-01-07 07:00:00,100041114,0
2023-01-07 07:00:00,100047030,0
2023-01-07 07:00:00,100052600,2
2023-01-07 07:00:00,100052602,0
2023-01-07 07:00:00,100052603,0
2023-01-07 07:00:00,100052604,0
2023-01-07 07:00:00,100052605,0
2023-01-07 07:00:00,100052606,0
2023-01-07 07:00:00,100053055,1
2023-01-07 07:00:00,100053059,0
2023-01-07 07:00:00,100053209,1
2023-01-07 07:00:00,100053210,0
2023-01-07 07:00:00,100054073,2
2023-01-07 07:00:00,100054241,1
2023-01-07 07:00:00,100054585,0
2023-01-07 07:00:00,100055268,0
2023-01-07 07:00:00,100056188,0
2023-01-07 07:00:00,100057050,0
2023-01-07 07:00:00,100057051,0
2023-01-07 07:00:00,100057052,0
2023-01-07 07:00:00,100057053,2
2023-01-07 07:00:00,300014916,3
2023-01-07 07:00:00,300014985,5
2023-01-07 07:00:00,300014986,2
2023-01-07 07:00:00,300014993,2
2023-01-07 07:00:00,300014994,3
2023-01-07 07:00:00,300014995,3
2023-01-07 07:00:00,300014996,3
2023-01-07 07:00:00,300020478,6
2023-01-07 07:00:00,300020679,4
2023-01-07 07:00:00,300020816,3
2023-01-07 07:00:00,300020817,3
2023-01-07 07:00:00,300021685,0
2023-01-07 07:00:00,300022314,0
2023-01-07 07:00:00,300028650,3
2023-01-07 07:00:00,300032161,0
2023-01-07 08:00:00,100001753,2
2023-01-07 08:00:00,100002880,10
2023-01-07 08:00:00,100003032,7
2023-01-07 08:00:00,100003034,13
2023-01-07 08:00:00,100003039,4
2023-01-07 08:00:00,100003040,0
2023-01-07 08:00:00,100003041,0
2023-01-07 08:00:00,100003042,0
2023-01-07 08:00:00,100004575,0
2023-01-07 08:00:00,100007390,4
2023-01-07 08:00:00,100011747,0
2023-01-07 08:00:00,100011748,2
2023-01-07 08:00:00,100011783,2
2023-01-07 08:00:00,100012217,3
2023-01-07 08:00:00,100012218,1
2023-01-07 08:00:00,100017441,0
2023-01-07 08:00:00,100017523,0
2023-01-07 08:00:00,100025474,13
2023-01-07 08:00:00,100034805,0
2023-01-07 08:00:00,100035408,2
2023-01-07 08:00:00,100035409,3
2023-01-07 08:00:00,100041114,0
2023-01-07 08:00:00,100047030,0
2023-01-07 08:00:00,100052600,1
2023-01-07 08:00:00,100052602,0
2023-01-07 08:00:00,100052603,0
2023-01-07 08:00:00,100052604,0
2023-01-07 08:00:00,100052605,1
2023-01-07 08:00:00,100052606,0
2023-01-07 08:00:00,100053055,0
2023-01-07 08:00:00,100053059,0
2023-01-07 08:00:00,100053209,1
2023-01-07 08:00:00,100053210,1
2023-01-07 08:00:00,100054073,0
2023-01-07 08:00:00,100054241,0
2023-01-07 08:00:00,100054585,0
2023-01-07 08:00:00,100055268,0
2023-01-07 08:00:00,100056188,0
2023-01-07 08:00:00,100057050,0
2023-01-07 08:00:00,100057051,0
2023-01-07 08:00:00,100057052,0
2023-01-07 08:00:00,100057053,0
2023-01-07 08:00:00,300014916,2
2023-01-07 08:00:00,300014985,9
2023-01-07 08:00:00,300014986,3
2023-01-07 08:00:00,300014993,0
2023-01-07 08:00:00,300014994,4
2023-01-07 08:00:00,300014995,5
2023-01-07 08:00:00,300014996,7
2023-01-07 08:00:00,300020478,0
2023-01-07 08:00:00,300020679,10
2023-01-07 08:00:00,300020816,9
2023-01-07 08:00:00,300020817,0
2023-01-07 08:00:00,300021685,0
2023-01-07 08:00:00,300022314,2
2023-01-07 08:00:00,300028650,5
2023-01-07 08:00:00,300032161,0
2023-01-07 09:00:00,100001753,0
2023-01-07 09:00:00,100002880,3
2023-01-07 09:00:00,100003032,8
2023-01-07 09:00:00,100003034,8
2023-01-07 09:00:00,100003039,0
2023-01-07 09:00:00,100003040,0
2023-01-07 09:00:00,100003041,0
2023-01-07 09:00:00,100003042,2
2023-01-07 09:00:00,100004575,0
2023-01-07 09:00:00,100007390,6
2023-01-07 09:00:00,100011747,0
2023-01-07 09:00:00,100011748,2
2023-01-07 09:00:00,100011783,2
2023-01-07 09:00:00,100012217,10
2023-01-07 09:00:00,100012218,6
2023-01-07 09:00:00,100017441,0
2023-01-07 09:00:00,100017523,0
2023-01-07 09:00:00,100025474,17
2023-01-07 09:00:00,100034805,0
2023-01-07 09:00:00,100035408,1
2023-01-07 09:00:00,100035409,0
2023-01-07 09:00:00,100041114,0
2023-01-07 09:00:00,100047030,0
2023-01-07 09:00:00,100052600,2
2023-01-07 09:00:00,100052602,0
2023-01-07 09:00:00,100052603,1
2023-01-07 09:00:00,100052604,0
2023-01-07 09:00:00,100052605,3
2023-01-07 09:00:00,100052606,0
2023-01-07 09:00:00,100053055,0
2023-01-07 09:00:00,100053059,0
2023-01-07 09:00:00,100053209,0
2023-01-07 09:00:00,100053210,1
2023-01-07 09:00:00,100054073,0
2023-01-07 09:00:00,100054241,0
2023-01-07 09:00:00,100054585,0
2023-01-07 09:00:00,100055268,4
2023-01-07 09:00:00,100056188,0
2023-01-07 09:00:00,100057050,1
2023-01-07 09:00:00,100057051,0
2023-01-07 09:00:00,100057052,0
2023-01-07 09:00:00,100057053,0
2023-01-07 09:00:00,300014916,0
2023-01-07 09:00:00,300014985,8
2023-01-07 09:00:00,300014986,2
2023-01-07 09:00:00,300014993,2
2023-01-07 09:00:00,300014994,6
2023-01-07 09:00:00,300014995,8
2023-01-07 09:00:00,300014996,13
2023-01-07 09:00:00,300020478,6
2023-01-07 09:00:00,300020679,13
2023-01-07 09:00:00,300020816,5
2023-01-07 09:00:00,300020817,6
2023-01-07 09:00:00,300021685,0
2023-01-07 09:00:00,300022314,1
2023-01-07 09:00:00,300028650,3
2023-01-07 09:00:00,300032161,0
2023-01-07 10:00:00,100001753,3
2023-01-07 10:00:00,100002880,4
2023-01-07 10:00:00,100003032,13
2023-01-07 10:00:00,100003034,15
2023-01-07 10:00:00,100003039,9
2023-01-07 10:00:00,100003040,0
2023-01-07 10:00:00,100003041,8
2023-01-07 10:00:00,100003042,6
2023-01-07 10:00:00,100004575,0
2023-01-07 10:00:00,100007390,18
2023-01-07 10:00:00,100011747,0
2023-01-07 10:00:00,100011748,3
2023-01-07 10:00:00,100011783,4
2023-01-07 10:00:00,100012217,17
2023-01-07 10:00:00,100012218,0
2023-01-07 10:00:00,100017441,6
2023-01-07 10:00:00,100017523,0
2023-01-07 10:00:00,100025474,15
2023-01-07 10:00:00,100034805,0
2023-01-07 10:00:00,100035408,4
2023-01-07 10:00:00,100035409,1
2023-01-07 10:00:00,100041114,2
2023-01-07 10:00:00,100047030,0
2023-01-07 10:00:00,100052600,8
2023-01-07 10:00:00,100052602,0
2023-01-07 10:00:00,100052603,1
2023-01-07 10:00:00,100052604,0
2023-01-07 10:00:00,100052605,0
2023-01-07 10:00:00,100052606,0
2023-01-07 10:00:00,100053055,1
2023-01-07 10:00:00,100053059,0
2023-01-07 10:00:00,100053209,1
2023-01-07 10:00:00,100053210,1
2023-01-07 10:00:00,100054073,1
2023-01-07 10:00:00,100054241,0
2023-01-07 10:00:00,100054585,0
2023-01-07 10:00:00,100055268,5
2023-01-07 10:00:00,100056188,0
2023-01-07 10:00:00,100057050,1
2023-01-07 10:00:00,100057051,0
2023-01-07 10:00:00,100057052,0
2023-01-07 10:00:00,100057053,0
2023-01-07 10:00:00,300014916,3
2023-01-07 10:00:00,300014985,20
2023-01-07 10:00:00,300014986,11
2023-01-07 10:00:00,300014993,5
2023-01-07 10:00:00,300014994,0
2023-01-07 10:00:00,300014995,7
2023-01-07 10:00:00,300014996,8
2023-01-07 10:00:00,300020478,2
2023-01-07 10:00:00,300020679,14
2023-01-07 10:00:00,300020816,4
2023-01-07 10:00:00,300020817,3
2023-01-07 10:00:00,300021685,0
2023-01-07 10:00:00,300022314,0
2023-01-07 10:00:00,300028650,5
2023-01-07 10:00:00,300032161,0
2023-01-07 11:00:00,100001753,1
2023-01-07 11:00:00,100002880,10
2023-01-07 11:00:00,100003032,10
2023-01-07 11:00:00,100003034,21
2023-01-07 11:00:00,100003039,12
2023-01-07 11:00:00,100003040,0
2023-01-07 11:00:00,100003041,12
2023-01-07 11:00:00,100003042,5
2023-01-07 11:00:00,100004575,0
2023-01-07 11:00:00,100007390,17
2023-01-07 11:00:00,100011747,0
2023-01-07 11:00:00,100011748,4
2023-01-07 11:00:00,100011783,6
2023-01-07 11:00:00,100012217,12
2023-01-07 11:00:00,100012218,2
2023-01-07 11:00:00,100017441,4
2023-01-07 11:00:00,100017523,0
2023-01-07 11:00:00,100025474,19
2023-01-07 11:00:00,100034805,0
2023-01-07 11:00:00,100035408,2
2023-01-07 11:00:00,100035409,2
2023-01-07 11:00:00,100041114,2
2023-01-07 11:00:00,100047030,0
2023-01-07 11:00:00,100052600,9
2023-01-07 11:00:00,100052602,0
2023-01-07 11:00:00,100052603,1
2023-01-07 11:00:00,100052604,0
2023-01-07 11:00:00,100052605,0
2023-01-07 11:00:00,100052606,4
2023-01-07 11:00:00,100053055,0
2023-01-07 11:00:00,100053059,0
2023-01-07 11:00:00,100053209,1
2023-01-07 11:00:00,100053210,4
2023-01-07 11:00:00,100054073,0
2023-01-07 11:00:00,100054241,0
2023-01-07 11:00:00,100054585,1
2023-01-07 11:00:00,100055268,8
2023-01-07 11:00:00,100056188,0
2023-01-07 11:00:00,100057050,2
2023-01-07 11:00:00,100057051,0
2023-01-07 11:00:00,100057052,0
2023-01-07 11:00:00,100057053,0
2023-01-07 11:00:00,300014916,2
2023-01-07 11:00:00,300014985,12
2023-01-07 11:00:00,300014986,7
2023-01-07 11:00:00,300014993,4
2023-01-07 11:00:00,300014994,0
2023-01-07 11:00:00,300014995,10
2023-01-07 11:00:00,300014996,13
2023-01-07 11:00:00,300020478,3
2023-01-07 11:00:00,300020679,9
2023-01-07 11:00:00,300020816,12
2023-01-07 11:00:00,300020817,7
2023-01-07 11:00:00,300021685,0
2023-01-07 11:00:00,300022314,2
2023-01-07 11:00:00,300028650,5
2023-01-07 11:00:00,300032161,0
2023-01-07 12:00:00,100001753,4
2023-01-07 12:00:00,100002880,10
2023-01-07 12:00:00,100003032,11
2023-01-07 12:00:00,100003034,13
2023-01-07 12:00:00,100003039,16
2023-01-07 12:00:00,100003040,0
2023-01-07 12:00:00,100003041,9
2023-01-07 12:00:00,100003042,14
2023-01-07 12:00:00,100004575,0
2023-01-07 12:00:00,100007390,22
2023-01-07 12:00:00,100011747,0
2023-01-07 12:00:00,100011748,4
2023-01-07 12:00:00,100011783,3
2023-01-07 12:00:00,100012217,11
2023-01-07 12:00:00,100012218,1
2023-01-07 12:00:00,100017441,9
2023-01-07 12:00:00,100017523,0
2023-01-07 12:00:00,100025474,28
2023-01-07 12:00:00,100034805,0
2023-01-07 12:00:00,100035408,6
2023-01-07 12:00:00,100035409,2
2023-01-07 12:00:00,100041114,2
2023-01-07 12:00:00,100047030,0
2023-01-07 12:00:00,100052600,14
2023-01-07 12:00:00,100052602,0
2023-01-07 12:00:00,100052603,0
2023-01-07 12:00:00,100052604,0
2023-01-07 12:00:00,100052605,0
2023-01-07 12:00:00,100052606,2
2023-01-07 12:00:00,100053055,0
2023-01-07 12:00:00,100053059,1
2023-01-07 12:00:00,100053209,4
2023-01-07 12:00:00,100053210,2
2023-01-07 12:00:00,100054073,3
2023-01-07 12:00:00,100054241,2
2023-01-07 12:00:00,100054585,2
2023-01-07 12:00:00,100055268,6
2023-01-07 12:00:00,100056188,0
2023-01-07 12:00:00,100057050,1
2023-01-07 12:00:00,100057051,0
2023-01-07 12:00:00,100057052,0
2023-01-07 12:00:00,100057053,0
2023-01-07 12:00:00,300014916,6
2023-01-07 12:00:00,300014985,12
2023-01-07 12:00:00,300014986,5
2023-01-07 12:00:00,300014993,12
2023-01-07 12:00:00,300014994,3
2023-01-07 12:00:00,300014995,7
2023-01-07 12:00:00,300014996,7
2023-01-07 12:00:00,300020478,9
2023-01-07 12:00:00,300020679,18
2023-01-07 12:00:00,300020816,12
2023-01-07 12:00:00,300020817,5
2023-01-07 12:00:00,300021685,0
2023-01-07 12:00:00,300022314,2
2023-01-07 12:00:00,300028650,10
2023-01-07 12:00:00,300032161,0
2023-01-07 13:00:00,100001753,5
2023-01-07 13:00:00,100002880,12
2023-01-07 13:00:00,100003032,7
2023-01-07 13:00:00,100003034,33
2023-01-07 13:00:00,100003039,15
2023-01-07 13:00:00,100003040,1
2023-01-07 13:00:00,100003041,8
2023-01-07 13:00:00,100003042,9
2023-01-07 13:00:00,100004575,0
2023-01-07 13:00:00,100007390,9
2023-01-07 13:00:00,100011747,0
2023-01-07 13:00:00,100011748,6
2023-01-07 13:00:00,100011783,5
2023-01-07 13:00:00,100012217,16
2023-01-07 13:00:00,100012218,3
2023-01-07 13:00:00,100017441,9
2023-01-07 13:00:00,100017523,0
2023-01-07 13:00:00,100025474,28
2023-01-07 13:00:00,100034805,0
2023-01-07 13:00:00,100035408,8
2023-01-07 13:00:00,100035409,3
2023-01-07 13:00:00,100041114,3
2023-01-07 13:00:00,100047030,0
2023-01-07 13:00:00,100052600,10
2023-01-07 13:00:00,100052602,0
2023-01-07 13:00:00,100052603,1
2023-01-07 13:00:00,100052604,0
2023-01-07 13:00:00,100052605,0
2023-01-07 13:00:00,100052606,0
2023-01-07 13:00:00,100053055,0
2023-01-07 13:00:00,100053059,1
2023-01-07 13:00:00,100053209,2
2023-01-07 13:00:00,100053210,5
2023-01-07 13:00:00,100054073,1
2023-01-07 13:00:00,100054241,0
2023-01-07 13:00:00,100054585,1
2023-01-07 13:00:00,100055268,4
2023-01-07 13:00:00,100056188,0
2023-01-07 13:00:00,100057050,0
2023-01-07 13:00:00,100057051,0
2023-01-07 13:00:00,100057052,0
2023-01-07 13:00:00,100057053,0
2023-01-07 13:00:00,300014916,3
2023-01-07 13:00:00,300014985,26
2023-01-07 13:00:00,300014986,9
2023-01-07 13:00:00,300014993,3
2023-01-07 13:00:00,300014994,5
2023-01-07 13:00:00,300014995,6
2023-01-07 13:00:00,300014996,15
2023-01-07 13:00:00,300020478,10
2023-01-07 13:00:00,300020679,19
2023-01-07 13:00:00,300020816,14
2023-01-07 13:00:00,300020817,11
2023-01-07 13:00:00,300021685,0
2023-01-07 13:00:00,300022314,7
2023-01-07 13:00:00,300028650,7
2023-01-07 13:00:00,300032161,0
2023-01-07 14:00:00,100001753,4
2023-01-07 14:00:00,100002880,21
2023-01-07 14:00:00,100003032,21
2023-01-07 14:00:00,100003034,35
2023-01-07 14:00:00,100003039,18
2023-01-07 14:00:00,100003040,3
2023-01-07 14:00:00,100003041,8
2023-01-07 14:00:00,100003042,8
2023-01-07 14:00:00,100004575,0
2023-01-07 14:00:00,100007390,19
2023-01-07 14:00:00,100011747,0
2023-01-07 14:00:00,100011748,9
2023-01-07 14:00:00,100011783,5
2023-01-07 14:00:00,100012217,24
2023-01-07 14:00:00,100012218,12
2023-01-07 14:00:00,100017441,6
2023-01-07 14:00:00,100017523,0
2023-01-07 14:00:00,100025474,26
2023-01-07 14:00:00,100034805,0
2023-01-07 14:00:00,100035408,5
2023-01-07 14:00:00,100035409,3
2023-01-07 14:00:00,100041114,4
2023-01-07 14:00:00,100047030,1
2023-01-07 14:00:00,100052600,17
2023-01-07 14:00:00,100052602,0
2023-01-07 14:00:00,100052603,3
2023-01-07 14:00:00,100052604,0
2023-01-07 14:00:00,100052605,3
2023-01-07 14:00:00,100052606,2
2023-01-07 14:00:00,100053055,0
2023-01-07 14:00:00,100053059,0
2023-01-07 14:00:00,100053209,3
2023-01-07 14:00:00,100053210,3
2023-01-07 14:00:00,100054073,4
2023-01-07 14:00:00,100054241,0
2023-01-07 14:00:00,100054585,2
2023-01-07 14:00:00,100055268,10
2023-01-07 14:00:00,100056188,0
2023-01-07 14:00:00,100057050,0
2023-01-07 14:00:00,100057051,0
2023-01-07 14:00:00,100057052,0
2023-01-07 14:00:00,100057053,0
2023-01-07 14:00:00,300014916,7
2023-01-07 14:00:00,300014985,13
2023-01-07 14:00:00,300014986,16
2023-01-07 14:00:00,300014993,4
2023-01-07 14:00:00,300014994,2
2023-01-07 14:00:00,300014995,10
2023-01-07 14:00:00,300014996,13
2023-01-07 14:00:00,300020478,8
2023-01-07 14:00:00,300020679,22
2023-01-07 14:00:00,300020816,5
2023-01-07 14:00:00,300020817,13
2023-01-07 14:00:00,300021685,0
2023-01-07 14:00:00,300022314,7
2023-01-07 14:00:00,300028650,4
2023-01-07 14:00:00,300032161,0
2023-01-07 15:00:00,100001753,3
2023-01-07 15:00:00,100002880,15
2023-01-07 15:00:00,100003032,20
2023-01-07 15:00:00,100003034,27
2023-01-07 15:00:00,100003039,31
2023-01-07 15:00:00,100003040,1
2023-01-07 15:00:00,100003041,10
2023-01-07 15:00:00,100003042,8
2023-01-07 15:00:00,100004575,0
2023-01-07 15:00:00,100007390,23
2023-01-07 15:00:00,100011747,0
2023-01-07 15:00:00,100011748,3
2023-01-07 15:00:00,100011783,10
2023-01-07 15:00:00,100012217,18
2023-01-07 15:00:00,100012218,9
2023-01-07 15:00:00,100017441,5
2023-01-07 15:00:00,100017523,0
2023-01-07 15:00:00,100025474,27
2023-01-07 15:00:00,100034805,0
2023-01-07 15:00:00,100035408,10
2023-01-07 15:00:00,100035409,3
2023-01-07 15:00:00,100041114,8
2023-01-07 15:00:00,100047030,0
2023-01-07 15:00:00,100052600,16
2023-01-07 15:00:00,100052602,0
2023-01-07 15:00:00,100052603,0
2023-01-07 15:00:00,100052604,0
2023-01-07 15:00:00,100052605,1
2023-01-07 15:00:00,100052606,3
2023-01-07 15:00:00,100053055,0
2023-01-07 15:00:00,100053059,0
2023-01-07 15:00:00,100053209,3
2023-01-07 15:00:00,100053210,3
2023-01-07 15:00:00,100054073,1
2023-01-07 15:00:00,100054241,0
2023-01-07 15:00:00,100054585,3
2023-01-07 15:00:00,100055268,9
2023-01-07 15:00:00,100056188,0
2023-01-07 15:00:00,100057050,0
2023-01-07 15:00:00,100057051,0
2023-01-07 15:00:00,100057052,0
2023-01-07 15:00:00,100057053,0
2023-01-07 15:00:00,300014916,4
2023-01-07 15:00:00,300014985,12
2023-01-07 15:00:00,300014986,14
2023-01-07 15:00:00,300014993,4
2023-01-07 15:00:00,300014994,4
2023-01-07 15:00:00,300014995,17
2023-01-07 15:00:00,300014996,16
2023-01-07 15:00:00,300020478,16
2023-01-07 15:00:00,300020679,28
2023-01-07 15:00:00,300020816,13
2023-01-07 15:00:00,300020817,13
2023-01-07 15:00:00,300021685,0
2023-01-07 15:00:00,300022314,6
2023-01-07 15:00:00,300028650,9
2023-01-07 15:00:00,300032161,0
2023-01-07 16:00:00,100001753,1
2023-01-07 16:00:00,100002880,18
2023-01-07 16:00:00,100003032,19
2023-01-07 16:00:00,100003034,32
2023-01-07 16:00:00,100003039,22
2023-01-07 16:00:00,100003040,1
2023-01-07 16:00:00,100003041,18
2023-01-07 16:00:00,100003042,0
2023-01-07 16:00:00,100004575,0
2023-01-07 16:00:00,100007390,21
2023-01-07 16:00:00,100011747,0
2023-01-07 16:00:00,100011748,2
2023-01-07 16:00:00,100011783,5
2023-01-07 16:00:00,100012217,21
2023-01-07 16:00:00,100012218,7
2023-01-07 16:00:00,100017441,10
2023-01-07 16:00:00,100017523,0
2023-01-07 16:00:00,100025474,33
2023-01-07 16:00:00,100034805,0
2023-01-07 16:00:00,100035408,4
2023-01-07 16:00:00,100035409,2
2023-01-07 16:00:00,100041114,4
2023-01-07 16:00:00,100047030,0
2023-01-07 16:00:00,100052600,11
2023-01-07 16:00:00,100052602,0
2023-01-07 16:00:00,100052603,0
2023-01-07 16:00:00,100052604,0
2023-01-07 16:00:00,100052605,1
2023-01-07 16:00:00,100052606,4
2023-01-07 16:00:00,100053055,0
2023-01-07 16:00:00,100053059,1
2023-01-07 16:00:00,100053209,3
2023-01-07 16:00:00,100053210,1
2023-01-07 16:00:00,100054073,7
2023-01-07 16:00:00,100054241,0
2023-01-07 16:00:00,100054585,2
2023-01-07 16:00:00,100055268,10
2023-01-07 16:00:00,100056188,0
2023-01-07 16:00:00,100057050,0
2023-01-07 16:00:00,100057051,0
2023-01-07 16:00:00,100057052,0
2023-01-07 16:00:00,100057053,0
2023-01-07 16:00:00,300014916,3
2023-01-07 16:00:00,300014985,17
2023-01-07 16:00:00,300014986,16
2023-01-07 16:00:00,300014993,3
2023-01-07 16:00:00,300014994,2
2023-01-07 16:00:00,300014995,26
2023-01-07 16:00:00,300014996,15
2023-01-07 16:00:00,300020478,10
2023-01-07 16:00:00,300020679,41
2023-01-07 16:00:00,300020816,10
2023-01-07 16:00:00,300020817,12
2023-01-07 16:00:00,300021685,0
2023-01-07 16:00:00,300022314,4
2023-01-07 16:00:00,300028650,6
2023-01-07 16:00:00,300032161,0
2023-01-07 17:00:00,100001753,5
2023-01-07 17:00:00,100002880,10
2023-01-07 17:00:00,100003032,17
2023-01-07 17:00:00,100003034,24
2023-01-07 17:00:00,100003039,24
2023-01-07 17:00:00,100003040,0
2023-01-07 17:00:00,100003041,7
2023-01-07 17:00:00,100003042,7
2023-01-07 17:00:00,100004575,0
2023-01-07 17:00:00,100007390,19
2023-01-07 17:00:00,100011747,0
2023-01-07 17:00:00,100011748,6
2023-01-07 17:00:00,100011783,4
2023-01-07 17:00:00,100012217,18
2023-01-07 17:00:00,100012218,2
2023-01-07 17:00:00,100017441,9
2023-01-07 17:00:00,100017523,0
2023-01-07 17:00:00,100025474,22
2023-01-07 17:00:00,100034805,0
2023-01-07 17:00:00,100035408,8
2023-01-07 17:00:00,100035409,2
2023-01-07 17:00:00,100041114,3
2023-01-07 17:00:00,100047030,1
2023-01-07 17:00:00,100052600,13
2023-01-07 17:00:00,100052602,0
2023-01-07 17:00:00,100052603,1
2023-01-07 17:00:00,100052604,0
2023-01-07 17:00:00,100052605,0
2023-01-07 17:00:00,100052606,2
2023-01-07 17:00:00,100053055,0
2023-01-07 17:00:00,100053059,0
2023-01-07 17:00:00,100053209,4
2023-01-07 17:00:00,100053210,0
2023-01-07 17:00:00,100054073,0
2023-01-07 17:00:00,100054241,0
2023-01-07 17:00:00,100054585,0
2023-01-07 17:00:00,100055268,2
2023-01-07 17:00:00,100056188,0
2023-01-07 17:00:00,100057050,0
2023-01-07 17:00:00,100057051,0
2023-01-07 17:00:00,100057052,0
2023-01-07 17:00:00,100057053,0
2023-01-07 17:00:00,300014916,5
2023-01-07 17:00:00,300014985,17
2023-01-07 17:00:00,300014986,17
2023-01-07 17:00:00,300014993,5
2023-01-07 17:00:00,300014994,6
2023-01-07 17:00:00,300014995,18
2023-01-07 17:00:00,300014996,21
2023-01-07 17:00:00,300020478,6
2023-01-07 17:00:00,300020679,23
2023-01-07 17:00:00,300020816,22
2023-01-07 17:00:00,300020817,8
2023-01-07 17:00:00,300021685,0
2023-01-07 17:00:00,300022314,3
2023-01-07 17:00:00,300028650,8
2023-01-07 17:00:00,300032161,0
2023-01-07 18:00:00,100001753,2
2023-01-07 18:00:00,100002880,7
2023-01-07 18:00:00,100003032,9
2023-01-07 18:00:00,100003034,19
2023-01-07 18:00:00,100003039,15
2023-01-07 18:00:00,100003040,0
2023-01-07 18:00:00,100003041,7
2023-01-07 18:00:00,100003042,1
2023-01-07 18:00:00,100004575,0
2023-01-07 18:00:00,100007390,20
2023-01-07 18:00:00,100011747,0
2023-01-07 18:00:00,100011748,2
2023-01-07 18:00:00,100011783,2
2023-01-07 18:00:00,100012217,7
2023-01-07 18:00:00,100012218,4
2023-01-07 18:00:00,100017441,3
2023-01-07 18:00:00,100017523,0
2023-01-07 18:00:00,100025474,26
2023-01-07 18:00:00,100034805,0
2023-01-07 18:00:00,100035408,4
2023-01-07 18:00:00,100035409,1
2023-01-07 18:00:00,100041114,0
2023-01-07 18:00:00,100047030,0
2023-01-07 18:00:00,100052600,3
2023-01-07 18:00:00,100052602,0
2023-01-07 18:00:00,100052603,1
2023-01-07 18:00:00,100052604,0
2023-01-07 18:00:00,100052605,0
2023-01-07 18:00:00,100052606,1
2023-01-07 18:00:00,100053055,1
2023-01-07 18:00:00,100053059,1
2023-01-07 18:00:00,100053209,0
2023-01-07 18:00:00,100053210,0
2023-01-07 18:00:00,100054073,2
2023-01-07 18:00:00,100054241,0
2023-01-07 18:00:00,100054585,0
2023-01-07 18:00:00,100055268,3
2023-01-07 18:00:00,100056188,0
2023-01-07 18:00:00,100057050,0
2023-01-07 18:00:00,100057051,0
2023-01-07 18:00:00,100057052,0
2023-01-07 18:00:00,100057053,0
2023-01-07 18:00:00,300014916,6
2023-01-07 18:00:00,300014985,10
2023-01-07 18:00:00,300014986,20
2023-01-07 18:00:00,300014993,2
2023-01-07 18:00:00,300014994,1
2023-01-07 18:00:00,300014995,16
2023-01-07 18:00:00,300014996,10
2023-01-07 18:00:00,300020478,4
2023-01-07 18:00:00,300020679,19
2023-01-07 18:00:00,300020816,6
2023-01-07 18:00:00,300020817,8
2023-01-07 18:00:00,300021685,0
2023-01-07 18:00:00,300022314,6
2023-01-07 18:00:00,300028650,10
2023-01-07 18:00:00,300032161,0
2023-01-07 19:00:00,100001753,1
2023-01-07 19:00:00,100002880,4
2023-01-07 19:00:00,100003032,11
2023-01-07 19:00:00,100003034,16
2023-01-07 19:00:00,100003039,9
2023-01-07 19:00:00,100003040,0
2023-01-07 19:00:00,100003041,8
2023-01-07 19:00:00,100003042,1
2023-01-07 19:00:00,100004575,0
2023-01-07 19:00:00,100007390,18
2023-01-07 19:00:00,100011747,0
2023-01-07 19:00:00,100011748,3
2023-01-07 19:00:00,100011783,5
2023-01-07 19:00:00,100012217,13
2023-01-07 19:00:00,100012218,0
2023-01-07 19:00:00,100017441,3
2023-01-07 19:00:00,100017523,0
2023-01-07 19:00:00,100025474,16
2023-01-07 19:00:00,100034805,0
2023-01-07 19:00:00,100035408,3
2023-01-07 19:00:00,100035409,0
2023-01-07 19:00:00,100041114,0
2023-01-07 19:00:00,100047030,0
2023-01-07 19:00:00,100052600,4
2023-01-07 19:00:00,100052602,0
2023-01-07 19:00:00,100052603,0
2023-01-07 19:00:00,100052604,0
2023-01-07 19:00:00,100052605,0
2023-01-07 19:00:00,100052606,0
2023-01-07 19:00:00,100053055,0
2023-01-07 19:00:00,100053059,0
2023-01-07 19:00:00,100053209,2
2023-01-07 19:00:00,100053210,3
2023-01-07 19:00:00,100054073,0
2023-01-07 19:00:00,100054241,0
2023-01-07 19:00:00,100054585,1
2023-01-07 19:00:00,100055268,0
2023-01-07 19:00:00,100056188,0
2023-01-07 19:00:00,100057050,0
2023-01-07 19:00:00,100057051,0
2023-01-07 19:00:00,100057052,0
2023-01-07 19:00:00,100057053,0
2023-01-07 19:00:00,300014916,2
2023-01-07 19:00:00,300014985,8
2023-01-07 19:00:00,300014986,13
2023-01-07 19:00:00,300014993,3
2023-01-07 19:00:00,300014994,0
2023-01-07 19:00:00,300014995,16
2023-01-07 19:00:00,300014996,9
2023-01-07 19:00:00,300020478,1
2023-01-07 19:00:00,300020679,8
2023-01-07 19:00:00,300020816,7
2023-01-07 19:00:00,300020817,5
2023-01-07 19:00:00,300021685,0
2023-01-07 19:00:00,300022314,3
2023-01-07 19:00:00,300028650,4
2023-01-07 19:00:00,300032161,0
2023-01-07 20:00:00,100001753,2
2023-01-07 20:00:00,100002880,3
2023-01-07 20:00:00,100003032,6
2023-01-07 20:00:00,100003034,12
2023-01-07 20:00:00,100003039,9
2023-01-07 20:00:00,100003040,0
2023-01-07 20:00:00,100003041,9
2023-01-07 20:00:00,100003042,3
2023-01-07 20:00:00,100004575,0
2023-01-07 20:00:00,100007390,7
2023-01-07 20:00:00,100011747,0
2023-01-07 20:00:00,100011748,2
2023-01-07 20:00:00,100011783,4
2023-01-07 20:00:00,100012217,4
2023-01-07 20:00:00,100012218,1
2023-01-07 20:00:00,100017441,7
2023-01-07 20:00:00,100017523,0
2023-01-07 20:00:00,100025474,10
2023-01-07 20:00:00,100034805,0
2023-01-07 20:00:00,100035408,5
2023-01-07 20:00:00,100035409,1
2023-01-07 20:00:00,100041114,0
2023-01-07 20:00:00,100047030,0
2023-01-07 20:00:00,100052600,11
2023-01-07 20:00:00,100052602,0
2023-01-07 20:00:00,100052603,1
2023-01-07 20:00:00,100052604,0
2023-01-07 20:00:00,100052605,0
2023-01-07 20:00:00,100052606,1
2023-01-07 20:00:00,100053055,0
2023-01-07 20:00:00,100053059,0
2023-01-07 20:00:00,100053209,3
2023-01-07 20:00:00,100053210,1
2023-01-07 20:00:00,100054073,1
2023-01-07 20:00:00,100054241,0
2023-01-07 20:00:00,100054585,0
2023-01-07 20:00:00,100055268,5
2023-01-07 20:00:00,100056188,0
2023-01-07 20:00:00,100057050,0
2023-01-07 20:00:00,100057051,0
2023-01-07 20:00:00,100057052,0
2023-01-07 20:00:00,100057053,5
2023-01-07 20:00:00,300014916,2
2023-01-07 20:00:00,300014985,13
2023-01-07 20:00:00,300014986,7
2023-01-07 20:00:00,300014993,0
2023-01-07 20:00:00,300014994,0
2023-01-07 20:00:00,300014995,13
2023-01-07 20:00:00,300014996,4
2023-01-07 20:00:00,300020478,4
2023-01-07 20:00:00,300020679,12
2023-01-07 20:00:00,300020816,10
2023-01-07 20:00:00,300020817,2
2023-01-07 20:00:00,300021685,0
2023-01-07 20:00:00,300022314,1
2023-01-07 20:00:00,300028650,2
2023-01-07 20:00:00,300032161,0
2023-01-07 21:00:00,100001753,0
2023-01-07 21:00:00,100002880,2
2023-01-07 21:00:00,100003032,8
2023-01-07 21:00:00,100003034,7
2023-01-07 21:00:00,100003039,5
2023-01-07 21:00:00,100003040,0
2023-01-07 21:00:00,100003041,7
2023-01-07 21:00:00,100003042,2
2023-01-07 21:00:00,100004575,0
2023-01-07 21:00:00,100007390,4
2023-01-07 21:00:00,100011747,0
2023-01-07 21:00:00,100011748,3
2023-01-07 21:00:00,100011783,3
2023-01-07 21:00:00,100012217,6
2023-01-07 21:00:00,100012218,0
2023-01-07 21:00:00,100017441,0
2023-01-07 21:00:00,100017523,0
2023-01-07 21:00:00,100025474,8
2023-01-07 21:00:00,100034805,0
2023-01-07 21:00:00,100035408,2
2023-01-07 21:00:00,100035409,0
2023-01-07 21:00:00,100041114,0
2023-01-07 21:00:00,100047030,0
2023-01-07 21:00:00,100052600,3
2023-01-07 21:00:00,100052602,0
2023-01-07 21:00:00,100052603,0
2023-01-07 21:00:00,100052604,0
2023-01-07 21:00:00,100052605,0
2023-01-07 21:00:00,100052606,0
2023-01-07 21:00:00,100053055,0
2023-01-07 21:00:00,100053059,0
2023-01-07 21:00:00,100053209,0
2023-01-07 21:00:00,100053210,2
2023-01-07 21:00:00,100054073,0
2023-01-07 21:00:00,100054241,0
2023-01-07 21:00:00,100054585,0
2023-01-07 21:00:00,100055268,0
2023-01-07 21:00:00,100056188,0
2023-01-07 21:00:00,100057050,0
2023-01-07 21:00:00,100057051,0
2023-01-07 21:00:00,100057052,0
2023-01-07 21:00:00,100057053,2
2023-01-07 21:00:00,300014916,1
2023-01-07 21:00:00,300014985,6
2023-01-07 21:00:00,300014986,9
2023-01-07 21:00:00,300014993,4
2023-01-07 21:00:00,300014994,3
2023-01-07 21:00:00,300014995,14
2023-01-07 21:00:00,300014996,10
2023-01-07 21:00:00,300020478,3
2023-01-07 21:00:00,300020679,10
2023-01-07 21:00:00,300020816,9
2023-01-07 21:00:00,300020817,7
2023-01-07 21:00:00,300021685,0
2023-01-07 21:00:00,300022314,2
2023-01-07 21:00:00,300028650,2
2023-01-07 21:00:00,300032161,0
2023-01-07 22:00:00,100001753,3
2023-01-07 22:00:00,100002880,6
2023-01-07 22:00:00,100003032,12
2023-01-07 22:00:00,100003034,13
2023-01-07 22:00:00,100003039,12
2023-01-07 22:00:00,100003040,0
2023-01-07 22:00:00,100003041,13
2023-01-07 22:00:00,100003042,5
2023-01-07 22:00:00,100004575,0
2023-01-07 22:00:00,100007390,5
2023-01-07 22:00:00,100011747,0
2023-01-07 22:00:00,100011748,2
2023-01-07 22:00:00,100011783,1
2023-01-07 22:00:00,100012217,4
2023-01-07 22:00:00,100012218,0
2023-01-07 22:00:00,100017441,5
2023-01-07 22:00:00,100017523,0
2023-01-07 22:00:00,100025474,6
2023-01-07 22:00:00,100034805,0
2023-01-07 22:00:00,100035408,0
2023-01-07 22:00:00,100035409,0
2023-01-07 22:00:00,100041114,0
2023-01-07 22:00:00,100047030,0
2023-01-07 22:00:00,100052600,3
2023-01-07 22:00:00,100052602,0
2023-01-07 22:00:00,100052603,0
2023-01-07 22:00:00,100052604,0
2023-01-07 22:00:00,100052605,0
2023-01-07 22:00:00,100052606,0
2023-01-07 22:00:00,100053055,0
2023-01-07 22:00:00,100053059,0
2023-01-07 22:00:00,100053209,0
2023-01-07 22:00:00,100053210,1
2023-01-07 22:00:00,100054073,3
2023-01-07 22:00:00,100054241,0
2023-01-07 22:00:00,100054585,1
2023-01-07 22:00:00,100055268,1
2023-01-07 22:00:00,100056188,0
2023-01-07 22:00:00,100057050,0
2023-01-07 22:00:00,100057051,0
2023-01-07 22:00:00,100057052,0
2023-01-07 22:00:00,100057053,2
2023-01-07 22:00:00,300014916,2
2023-01-07 22:00:00,300014985,2
2023-01-07 22:00:00,300014986,9
2023-01-07 22:00:00,300014993,0
2023-01-07 22:00:00,300014994,1
2023-01-07 22:00:00,300014995,7
2023-01-07 22:00:00,300014996,2
2023-01-07 22:00:00,300020478,6
2023-01-07 22:00:00,300020679,10
2023-01-07 22:00:00,300020816,0
2023-01-07 22:00:00,300020817,5
2023-01-07 22:00:00,300021685,0
2023-01-07 22:00:00,300022314,1
2023-01-07 22:00:00,300028650,2
2023-01-07 22:00:00,300032161,0
2023-01-07 23:00:00,100001753,1
2023-01-07 23:00:00,100002880,3
2023-01-07 23:00:00,100003032,1
2023-01-07 23:00:00,100003034,5
2023-01-07 23:00:00,100003039,3
2023-01-07 23:00:00,100003040,0
2023-01-07 23:00:00,100003041,8
2023-01-07 23:00:00,100003042,4
2023-01-07 23:00:00,100004575,0
2023-01-07 23:00:00,100007390,10
2023-01-07 23:00:00,100011747,0
2023-01-07 23:00:00,100011748,0
2023-01-07 23:00:00,100011783,2
2023-01-07 23:00:00,100012217,7
2023-01-07 23:00:00,100012218,4
2023-01-07 23:00:00,100017441,1
2023-01-07 23:00:00,100017523,0
2023-01-07 23:00:00,100025474,7
2023-01-07 23:00:00,100034805,0
2023-01-07 23:00:00,100035408,4
2023-01-07 23:00:00,100035409,1
2023-01-07 23:00:00,100041114,0
2023-01-07 23:00:00,100047030,0
2023-01-07 23:00:00,100052600,2
2023-01-07 23:00:00,100052602,0
2023-01-07 23:00:00,100052603,0
2023-01-07 23:00:00,100052604,0
2023-01-07 23:00:00,100052605,0
2023-01-07 23:00:00,100052606,2
2023-01-07 23:00:00,100053055,0
2023-01-07 23:00:00,100053059,0
2023-01-07 23:00:00,100053209,0
2023-01-07 23:00:00,100053210,0
2023-01-07 23:00:00,100054073,2
2023-01-07 23:00:00,100054241,0
2023-01-07 23:00:00,100054585,0
2023-01-07 23:00:00,100055268,3
2023-01-07 23:00:00,100056188,0
2023-01-07 23:00:00,100057050,0
2023-01-07 23:00:00,100057051,0
2023-01-07 23:00:00,100057052,0
2023-01-07 23:00:00,100057053,0
2023-01-07 23:00:00,300014916,1
2023-01-07 23:00:00,300014985,8
2023-01-07 23:00:00,300014986,12
2023-01-07 23:00:00,300014993,0
2023-01-07 23:00:00,300014994,1
2023-01-07 23:00:00,300014995,6
2023-01-07 23:00:00,300014996,4
2023-01-07 23:00:00,300020478,0
2023-01-07 23:00:00,300020679,9
2023-01-07 23:00:00,300020816,5
2023-01-07 23:00:00,300020817,3
2023-01-07 23:00:00,300021685,0
2023-01-07 23:00:00,300022314,1
2023-01-07 23:00:00,300028650,0
2023-01-07 23:00:00,300032161,0
2023-01-08 00:00:00,100001753,0
2023-01-08 00:00:00,100002880,0
2023-01-08 00:00:00,100003032,3
2023-01-08 00:00:00,100003034,9
2023-01-08 00:00:00,100003039,3
2023-01-08 00:00:00,100003040,1
2023-01-08 00:00:00,100003041,0
2023-01-08 00:00:00,100003042,5
2023-01-08 00:00:00,100004575,0
2023-01-08 00:00:00,100007390,4
2023-01-08 00:00:00,100011747,0
2023-01-08 00:00:00,100011748,0
2023-01-08 00:00:00,100011783,0
2023-01-08 00:00:00,100012217,0
2023-01-08 00:00:00,100012218,1
2023-01-08 00:00:00,100017441,3
2023-01-08 00:00:00,100017523,0
2023-01-08 00:00:00,100025474,7
2023-01-08 00:00:00,100034805,0
2023-01-08 00:00:00,100035408,2
2023-01-08 00:00:00,100035409,1
2023-01-08 00:00:00,100041114,0
2023-01-08 00:00:00,100047030,0
2023-01-08 00:00:00,100052600,3
2023-01-08 00:00:00,100052602,0
2023-01-08 00:00:00,100052603,0
2023-01-08 00:00:00,100052604,0
2023-01-08 00:00:00,100052605,0
2023-01-08 00:00:00,100052606,1
2023-01-08 00:00:00,100053055,0
2023-01-08 00:00:00,100053059,0
2023-01-08 00:00:00,100053209,1
2023-01-08 00:00:00,100053210,2
2023-01-08 00:00:00,100054073,0
2023-01-08 00:00:00,100054241,0
2023-01-08 00:00:00,100054585,0
2023-01-08 00:00:00,100055268,2
2023-01-08 00:00:00,100056188,0
2023-01-08 00:00:00,100057050,0
2023-01-08 00:00:00,100057051,0
2023-01-08 00:00:00,100057052,0
2023-01-08 00:00:00,100057053,0
2023-01-08 00:00:00,300014916,0
2023-01-08 00:00:00,300014985,9
2023-01-08 00:00:00,300014986,7
2023-01-08 00:00:00,300014993,1
2023-01-08 00:00:00,300014994,0
2023-01-08 00:00:00,300014995,5
2023-01-08 00:00:00,300014996,5
2023-01-08 00:00:00,300020478,0
2023-01-08 00:00:00,300020679,7
2023-01-08 00:00:00,300020816,2
2023-01-08 00:00:00,300020817,4
2023-01-08 00:00:00,300021685,0
2023-01-08 00:00:00,300022314,0
2023-01-08 00:00:00,300028650,0
2023-01-08 00:00:00,300032161,0
2023-01-08 01:00:00,100001753,0
2023-01-08 01:00:00,100002880,0
2023-01-08 01:00:00,100003032,1
2023-01-08 01:00:00,100003034,2
2023-01-08 01:00:00,100003039,2
2023-01-08 01:00:00,100003040,0
2023-01-08 01:00:00,100003041,0
2023-01-08 01:00:00,100003042,1
2023-01-08 01:00:00,100004575,0
2023-01-08 01:00:00,100007390,2
2023-01-08 01:00:00,100011747,0
2023-01-08 01:00:00,100011748,0
2023-01-08 01:00:00,100011783,1
2023-01-08 01:00:00,100012217,1
2023-01-08 01:00:00,100012218,1
2023-01-08 01:00:00,100017441,1
2023-01-08 01:00:00,100017523,0
2023-01-08 01:00:00,100025474,7
2023-01-08 01:00:00,100034805,0
2023-01-08 01:00:00,100035408,1
2023-01-08 01:00:00,100035409,0
2023-01-08 01:00:00,100041114,0
2023-01-08 01:00:00,100047030,0
2023-01-08 01:00:00,100052600,0
2023-01-08 01:00:00,100052602,0
2023-01-08 01:00:00,100052603,0
2023-01-08 01:00:00,100052604,0
2023-01-08 01:00:00,100052605,0
2023-01-08 01:00:00,100052606,0
2023-01-08 01:00:00,100053055,0
2023-01-08 01:00:00,100053059,0
2023-01-08 01:00:00,100053209,1
2023-01-08 01:00:00,100053210,0
2023-01-08 01:00:00,100054073,0
2023-01-08 01:00:00,100054241,0
2023-01-08 01:00:00,100054585,0
2023-01-08 01:00:00,100055268,0
2023-01-08 01:00:00,100056188,0
2023-01-08 01:00:00,100057050,0
2023-01-08 01:00:00,100057051,0
2023-01-08 01:00:00,100057052,0
2023-01-08 01:00:00,100057053,0
2023-01-08 01:00:00,300014916,0
2023-01-08 01:00:00,300014985,1
2023-01-08 01:00:00,300014986,7
2023-01-08 01:00:00,300014993,1
2023-01-08 01:00:00,300014994,0
2023-01-08 01:00:00,300014995,6
2023-01-08 01:00:00,300014996,2
2023-01-08 01:00:00,300020478,0
2023-01-08 01:00:00,300020679,7
2023-01-08 01:00:00,300020816,1
2023-01-08 01:00:00,300020817,4
2023-01-08 01:00:00,300021685,0
2023-01-08 01:00:00,300022314,0
2023-01-08 01:00:00,300028650,0
2023-01-08 01:00:00,300032161,0
2023-01-08 02:00:00,100001753,0
2023-01-08 02:00:00,100002880,1
2023-01-08 02:00:00,100003032,1
2023-01-08 02:00:00,100003034,0
2023-01-08 02:00:00,100003039,3
2023-01-08 02:00:00,100003040,0
2023-01-08 02:00:00,100003041,0
2023-01-08 02:00:00,100003042,0
2023-01-08 02:00:00,100004575,0
2023-01-08 02:00:00,100007390,0
2023-01-08 02:00:00,100011747,0
2023-01-08 02:00:00,100011748,0
2023-01-08 02:00:00,100011783,0
2023-01-08 02:00:00,100012217,0
2023-01-08 02:00:00,100012218,1
2023-01-08 02:00:00,100017441,0
2023-01-08 02:00:00,100017523,0
2023-01-08 02:00:00,100025474,3
2023-01-08 02:00:00,100034805,0
2023-01-08 02:00:00,100035408,0
2023-01-08 02:00:00,100035409,0
2023-01-08 02:00:00,100041114,0
2023-01-08 02:00:00,100047030,0
2023-01-08 02:00:00,100052600,1
2023-01-08 02:00:00,100052602,0
2023-01-08 02:00:00,100052603,0
2023-01-08 02:00:00,100052604,0
2023-01-08 02:00:00,100052605,0
2023-01-08 02:00:00,100052606,1
2023-01-08 02:00:00,100053055,0
2023-01-08 02:00:00,100053059,0
2023-01-08 02:00:00,100053209,0
2023-01-08 02:00:00,100053210,0
2023-01-08 02:00:00,100054073,0
2023-01-08 02:00:00,100054241,0
2023-01-08 02:00:00,100054585,0
2023-01-08 02:00:00,100055268,0
2023-01-08 02:00:00,100056188,0
2023-01-08 02:00:00,100057050,0
2023-01-08 02:00:00,100057051,0
2023-01-08 02:00:00,100057052,0
2023-01-08 02:00:00,100057053,0
2023-01-08 02:00:00,300014916,0
2023-01-08 02:00:00,300014985,2
2023-01-08 02:00:00,300014986,4
2023-01-08 02:00:00,300014993,0
2023-01-08 02:00:00,300014994,0
2023-01-08 02:00:00,300014995,2
2023-01-08 02:00:00,300014996,0
2023-01-08 02:00:00,300020478,3
2023-01-08 02:00:00,300020679,3
2023-01-08 02:00:00,300020816,1
2023-01-08 02:00:00,300020817,1
2023-01-08 02:00:00,300021685,0
2023-01-08 02:00:00,300022314,2
2023-01-08 02:00:00,300028650,0
2023-01-08 02:00:00,300032161,0
2023-01-08 03:00:00,100001753,1
2023-01-08 03:00:00,100002880,1
2023-01-08 03:00:00,100003032,0
2023-01-08 03:00:00,100003034,4
2023-01-08 03:00:00,100003039,5
2023-01-08 03:00:00,100003040,1
2023-01-08 03:00:00,100003041,0
2023-01-08 03:00:00,100003042,0
2023-01-08 03:00:00,100004575,0
2023-01-08 03:00:00,100007390,0
2023-01-08 03:00:00,100011747,0
2023-01-08 03:00:00,100011748,0
2023-01-08 03:00:00,100011783,0
2023-01-08 03:00:00,100012217,0
2023-01-08 03:00:00,100012218,2
2023-01-08 03:00:00,100017441,2
2023-01-08 03:00:00,100017523,0
2023-01-08 03:00:00,100025474,2
2023-01-08 03:00:00,100034805,0
2023-01-08 03:00:00,100035408,1
2023-01-08 03:00:00,100035409,0
2023-01-08 03:00:00,100041114,0
2023-01-08 03:00:00,100047030,0
2023-01-08 03:00:00,100052600,0
2023-01-08 03:00:00,100052602,0
2023-01-08 03:00:00,100052603,0
2023-01-08 03:00:00,100052604,0
2023-01-08 03:00:00,100052605,0
2023-01-08 03:00:00,100052606,0
2023-01-08 03:00:00,100053055,0
2023-01-08 03:00:00,100053059,0
2023-01-08 03:00:00,100053209,0
2023-01-08 03:00:00,100053210,0
2023-01-08 03:00:00,100054073,0
2023-01-08 03:00:00,100054241,0
2023-01-08 03:00:00,100054585,0
2023-01-08 03:00:00,100055268,0
2023-01-08 03:00:00,100056188,0
2023-01-08 03:00:00,100057050,0
2023-01-08 03:00:00,100057051,0
2023-01-08 03:00:00,100057052,0
2023-01-08 03:00:00,100057053,0
2023-01-08 03:00:00,300014916,0
2023-01-08 03:00:00,300014985,1
2023-01-08 03:00:00,300014986,2
2023-01-08 03:00:00,300014993,0
2023-01-08 03:00:00,300014994,0
2023-01-08 03:00:00,300014995,1
2023-01-08 03:00:00,300014996,0
2023-01-08 03:00:00,300020478,0
2023-01-08 03:00:00,300020679,3
2023-01-08 03:00:00,300020816,0
2023-01-08 03:00:00,300020817,1
2023-01-08 03:00:00,300021685,0
2023-01-08 03:00:00,300022314,0
2023-01-08 03:00:00,300028650,0
2023-01-08 03:00:00,300032161,0
2023-01-08 04:00:00,100001753,1
2023-01-08 04:00:00,100002880,0
2023-01-08 04:00:00,100003032,2
2023-01-08 04:00:00,100003034,2
2023-01-08 04:00:00,100003039,1
2023-01-08 04:00:00,100003040,0
2023-01-08 04:00:00,100003041,0
2023-01-08 04:00:00,100003042,0
2023-01-08 04:00:00,100004575,0
2023-01-08 04:00:00,100007390,1
2023-01-08 04:00:00,100011747,0
2023-01-08 04:00:00,100011748,0
2023-01-08 04:00:00,100011783,1
2023-01-08 04:00:00,100012217,0
2023-01-08 04:00:00,100012218,0
2023-01-08 04:00:00,100017441,1
2023-01-08 04:00:00,100017523,0
2023-01-08 04:00:00,100025474,2
2023-01-08 04:00:00,100034805,0
2023-01-08 04:00:00,100035408,3
2023-01-08 04:00:00,100035409,0
2023-01-08 04:00:00,100041114,0
2023-01-08 04:00:00,100047030,0
2023-01-08 04:00:00,100052600,3
2023-01-08 04:00:00,100052602,0
2023-01-08 04:00:00,100052603,0
2023-01-08 04:00:00,100052604,0
2023-01-08 04:00:00,100052605,0
2023-01-08 04:00:00,100052606,0
2023-01-08 04:00:00,100053055,0
2023-01-08 04:00:00,100053059,0
2023-01-08 04:00:00,100053209,0
2023-01-08 04:00:00,100053210,0
2023-01-08 04:00:00,100054073,0
2023-01-08 04:00:00,100054241,0
2023-01-08 04:00:00,100054585,1
2023-01-08 04:00:00,100055268,2
2023-01-08 04:00:00,100056188,0
2023-01-08 04:00:00,100057050,0
2023-01-08 04:00:00,100057051,0
2023-01-08 04:00:00,100057052,0
2023-01-08 04:00:00,100057053,1
2023-01-08 04:00:00,300014916,1
2023-01-08 04:00:00,300014985,0
2023-01-08 04:00:00,300014986,1
2023-01-08 04:00:00,300014993,1
2023-01-08 04:00:00,300014994,0
2023-01-08 04:00:00,300014995,1
2023-01-08 04:00:00,300014996,0
2023-01-08 04:00:00,300020478,2
2023-01-08 04:00:00,300020679,1
2023-01-08 04:00:00,300020816,1
2023-01-08 04:00:00,300020817,2
2023-01-08 04:00:00,300021685,0
2023-01-08 04:00:00,300022314,1
2023-01-08 04:00:00,300028650,1
2023-01-08 04:00:00,300032161,0
2023-01-08 05:00:00,100001753,2
2023-01-08 05:00:00,100002880,3
2023-01-08 05:00:00,100003032,1
2023-01-08 05:00:00,100003034,1
2023-01-08 05:00:00,100003039,0
2023-01-08 05:00:00,100003040,0
2023-01-08 05:00:00,100003041,0
2023-01-08 05:00:00,100003042,0
2023-01-08 05:00:00,100004575,0
2023-01-08 05:00:00,100007390,1
2023-01-08 05:00:00,100011747,0
2023-01-08 05:00:00,100011748,0
2023-01-08 05:00:00,100011783,1
2023-01-08 05:00:00,100012217,1
2023-01-08 05:00:00,100012218,0
2023-01-08 05:00:00,100017441,0
2023-01-08 05:00:00,100017523,0
2023-01-08 05:00:00,100025474,1
2023-01-08 05:00:00,100034805,0
2023-01-08 05:00:00,100035408,0
2023-01-08 05:00:00,100035409,0
2023-01-08 05:00:00,100041114,0
2023-01-08 05:00:00,100047030,0
2023-01-08 05:00:00,100052600,0
2023-01-08 05:00:00,100052602,0
2023-01-08 05:00:00,100052603,0
2023-01-08 05:00:00,100052604,0
2023-01-08 05:00:00,100052605,0
2023-01-08 05:00:00,100052606,0
2023-01-08 05:00:00,100053055,0
2023-01-08 05:00:00,100053059,0
2023-01-08 05:00:00,100053209,0
2023-01-08 05:00:00,100053210,0
2023-01-08 05:00:00,100054073,0
2023-01-08 05:00:00,100054241,0
2023-01-08 05:00:00,100054585,0
2023-01-08 05:00:00,100055268,3
2023-01-08 05:00:00,100056188,0
2023-01-08 05:00:00,100057050,0
2023-01-08 05:00:00,100057051,0
2023-01-08 05:00:00,100057052,0
2023-01-08 05:00:00,100057053,0
2023-01-08 05:00:00,300014916,2
2023-01-08 05:00:00,300014985,0
2023-01-08 05:00:00,300014986,2
2023-01-08 05:00:00,300014993,0
2023-01-08 05:00:00,300014994,0
2023-01-08 05:00:00,300014995,1
2023-01-08 05:00:00,300014996,2
2023-01-08 05:00:00,300020478,0
2023-01-08 05:00:00,300020679,0
2023-01-08 05:00:00,300020816,1
2023-01-08 05:00:00,300020817,1
2023-01-08 05:00:00,300021685,0
2023-01-08 05:00:00,300022314,1
2023-01-08 05:00:00,300028650,0
2023-01-08 05:00:00,300032161,0
2023-01-08 06:00:00,100001753,0
2023-01-08 06:00:00,100002880,3
2023-01-08 06:00:00,100003032,1
2023-01-08 06:00:00,100003034,0
2023-01-08 06:00:00,100003039,2
2023-01-08 06:00:00,100003040,0
2023-01-08 06:00:00,100003041,0
2023-01-08 06:00:00,100003042,0
2023-01-08 06:00:00,100004575,0
2023-01-08 06:00:00,100007390,1
2023-01-08 06:00:00,100011747,0
2023-01-08 06:00:00,100011748,0
2023-01-08 06:00:00,100011783,0
2023-01-08 06:00:00,100012217,0
2023-01-08 06:00:00,100012218,0
2023-01-08 06:00:00,100017441,0
2023-01-08 06:00:00,100017523,0
2023-01-08 06:00:00,100025474,5
2023-01-08 06:00:00,100034805,0
2023-01-08 06:00:00,100035408,1
2023-01-08 06:00:00,100035409,0
2023-01-08 06:00:00,100041114,0
2023-01-08 06:00:00,100047030,0
2023-01-08 06:00:00,100052600,0
2023-01-08 06:00:00,100052602,0
2023-01-08 06:00:00,100052603,0
2023-01-08 06:00:00,100052604,0
2023-01-08 06:00:00,100052605,0
2023-01-08 06:00:00,100052606,0
2023-01-08 06:00:00,100053055,0
2023-01-08 06:00:00,100053059,0
2023-01-08 06:00:00,100053209,0
2023-01-08 06:00:00,100053210,0
2023-01-08 06:00:00,100054073,0
2023-01-08 06:00:00,100054241,0
2023-01-08 06:00:00,100054585,0
2023-01-08 06:00:00,100055268,0
2023-01-08 06:00:00,100056188,0
2023-01-08 06:00:00,100057050,0
2023-01-08 06:00:00,100057051,0
2023-01-08 06:00:00,100057052,0
2023-01-08 06:00:00,100057053,1
2023-01-08 06:00:00,300014916,1
2023-01-08 06:00:00,300014985,1
2023-01-08 06:00:00,300014986,1
2023-01-08 06:00:00,300014993,0
2023-01-08 06:00:00,300014994,0
2023-01-08 06:00:00,300014995,0
2023-01-08 06:00:00,300014996,3
2023-01-08 06:00:00,300020478,1
2023-01-08 06:00:00,300020679,5
2023-01-08 06:00:00,300020816,1
2023-01-08 06:00:00,300020817,0
2023-01-08 06:00:00,300021685,0
2023-01-08 06:00:00,300022314,0
2023-01-08 06:00:00,300028650,1
2023-01-08 06:00:00,300032161,0
2023-01-08 07:00:00,100001753,1
2023-01-08 07:00:00,100002880,2
2023-01-08 07:00:00,100003032,4
2023-01-08 07:00:00,100003034,4
2023-01-08 07:00:00,100003039,1
2023-01-08 07:00:00,100003040,0
2023-01-08 07:00:00,100003041,4
2023-01-08 07:00:00,100003042,0
2023-01-08 07:00:00,100004575,0
2023-01-08 07:00:00,100007390,0
2023-01-08 07:00:00,100011747,0
2023-01-08 07:00:00,100011748,0
2023-01-08 07:00:00,100011783,0
2023-01-08 07:00:00,100012217,3
2023-01-08 07:00:00,100012218,1
2023-01-08 07:00:00,100017441,0
2023-01-08 07:00:00,100017523,0
2023-01-08 07:00:00,100025474,3
2023-01-08 07:00:00,100034805,0
2023-01-08 07:00:00,100035408,0
2023-01-08 07:00:00,100035409,0
2023-01-08 07:00:00,100041114,0
2023-01-08 07:00:00,100047030,0
2023-01-08 07:00:00,100052600,0
2023-01-08 07:00:00,100052602,0
