date_heure,id_compteur,nb_passages
2025-01-01 00:00:00,100001753,7
2025-01-01 00:00:00,100003032,30
2025-01-01 00:00:00,100003040,0
2025-01-01 00:00:00,100003041,7
2025-01-01 00:00:00,100003042,2
2025-01-01 00:00:00,100004575,0
2025-01-01 00:00:00,100007390,89
2025-01-01 00:00:00,100011747,7
2025-01-01 00:00:00,100011783,5
2025-01-01 00:00:00,100012217,11
2025-01-01 00:00:00,100012218,1
2025-01-01 00:00:00,100017441,7
2025-01-01 00:00:00,100017523,4
2025-01-01 00:00:00,100025474,6
2025-01-01 00:00:00,100035408,1
2025-01-01 00:00:00,100035409,0
2025-01-01 00:00:00,100041114,0
2025-01-01 00:00:00,100047030,5
2025-01-01 00:00:00,100052600,11
2025-01-01 00:00:00,100052602,0
2025-01-01 00:00:00,100052603,0
2025-01-01 00:00:00,100052605,0
2025-01-01 00:00:00,100052606,1
2025-01-01 00:00:00,100053055,0
2025-01-01 00:00:00,100053059,0
2025-01-01 00:00:00,100053210,0
2025-01-01 00:00:00,100054073,1
2025-01-01 00:00:00,100055268,2
2025-01-01 00:00:00,100056188,12
2025-01-01 00:00:00,300014985,8
2025-01-01 00:00:00,300014986,11
2025-01-01 00:00:00,300014993,1
2025-01-01 00:00:00,300014994,1
2025-01-01 00:00:00,300014995,31
2025-01-01 00:00:00,300014996,5
2025-01-01 00:00:00,300020478,4
2025-01-01 00:00:00,300020679,12
2025-01-01 00:00:00,300020816,6
2025-01-01 00:00:00,300020817,3
2025-01-01 00:00:00,300021685,0
2025-01-01 00:00:00,300028650,1
2025-01-01 01:00:00,100001753,4
2025-01-01 01:00:00,100003032,25
2025-01-01 01:00:00,100003040,0
2025-01-01 01:00:00,100003041,2
2025-01-01 01:00:00,100003042,1
2025-01-01 01:00:00,100004575,0
2025-01-01 01:00:00,100007390,116
2025-01-01 01:00:00,100011747,14
2025-01-01 01:00:00,100011783,4
2025-01-01 01:00:00,100012217,18
2025-01-01 01:00:00,100012218,2
2025-01-01 01:00:00,100017441,5
2025-01-01 01:00:00,100017523,2
2025-01-01 01:00:00,100025474,17
2025-01-01 01:00:00,100035408,5
2025-01-01 01:00:00,100035409,0
2025-01-01 01:00:00,100041114,0
2025-01-01 01:00:00,100047030,7
2025-01-01 01:00:00,100052600,13
2025-01-01 01:00:00,100052602,0
2025-01-01 01:00:00,100052603,1
2025-01-01 01:00:00,100052605,1
2025-01-01 01:00:00,100052606,4
2025-01-01 01:00:00,100053055,0
2025-01-01 01:00:00,100053059,2
2025-01-01 01:00:00,100053210,1
2025-01-01 01:00:00,100054073,1
2025-01-01 01:00:00,100055268,2
2025-01-01 01:00:00,100056188,15
2025-01-01 01:00:00,300014985,16
2025-01-01 01:00:00,300014986,16
2025-01-01 01:00:00,300014993,4
2025-01-01 01:00:00,300014994,3
2025-01-01 01:00:00,300014995,26
2025-01-01 01:00:00,300014996,8
2025-01-01 01:00:00,300020478,5
2025-01-01 01:00:00,300020679,17
2025-01-01 01:00:00,300020816,18
2025-01-01 01:00:00,300020817,11
2025-01-01 01:00:00,300021685,0
2025-01-01 01:00:00,300028650,7
2025-01-01 02:00:00,100001753,3
2025-01-01 02:00:00,100003032,21
2025-01-01 02:00:00,100003040,0
2025-01-01 02:00:00,100003041,8
2025-01-01 02:00:00,100003042,6
2025-01-01 02:00:00,100004575,0
2025-01-01 02:00:00,100007390,232
2025-01-01 02:00:00,100011747,6
2025-01-01 02:00:00,100011783,5
2025-01-01 02:00:00,100012217,16
2025-01-01 02:00:00,100012218,2
2025-01-01 02:00:00,100017441,5
2025-01-01 02:00:00,100017523,2
2025-01-01 02:00:00,100025474,26
2025-01-01 02:00:00,100035408,0
2025-01-01 02:00:00,100035409,0
2025-01-01 02:00:00,100041114,0
2025-01-01 02:00:00,100047030,10
2025-01-01 02:00:00,100052600,9
2025-01-01 02:00:00,100052602,0
2025-01-01 02:00:00,100052603,8
2025-01-01 02:00:00,100052605,0
2025-01-01 02:00:00,100052606,5
2025-01-01 02:00:00,100053055,0
2025-01-01 02:00:00,100053059,1
2025-01-01 02:00:00,100053210,4
2025-01-01 02:00:00,100054073,2
2025-01-01 02:00:00,100055268,3
2025-01-01 02:00:00,100056188,16
2025-01-01 02:00:00,300014985,25
2025-01-01 02:00:00,300014986,21
2025-01-01 02:00:00,300014993,3
2025-01-01 02:00:00,300014994,7
2025-01-01 02:00:00,300014995,10
2025-01-01 02:00:00,300014996,12
2025-01-01 02:00:00,300020478,4
2025-01-01 02:00:00,300020679,21
2025-01-01 02:00:00,300020816,10
2025-01-01 02:00:00,300020817,7
2025-01-01 02:00:00,300021685,0
2025-01-01 02:00:00,300028650,8
2025-01-01 03:00:00,100001753,5
2025-01-01 03:00:00,100003032,26
2025-01-01 03:00:00,100003040,0
2025-01-01 03:00:00,100003041,1
2025-01-01 03:00:00,100003042,4
2025-01-01 03:00:00,100004575,0
2025-01-01 03:00:00,100007390,243
2025-01-01 03:00:00,100011747,4
2025-01-01 03:00:00,100011783,4
2025-01-01 03:00:00,100012217,12
2025-01-01 03:00:00,100012218,2
2025-01-01 03:00:00,100017441,4
2025-01-01 03:00:00,100017523,4
2025-01-01 03:00:00,100025474,22
2025-01-01 03:00:00,100035408,0
2025-01-01 03:00:00,100035409,0
2025-01-01 03:00:00,100041114,0
2025-01-01 03:00:00,100047030,10
2025-01-01 03:00:00,100052600,6
2025-01-01 03:00:00,100052602,0
2025-01-01 03:00:00,100052603,3
2025-01-01 03:00:00,100052605,0
2025-01-01 03:00:00,100052606,5
2025-01-01 03:00:00,100053055,0
2025-01-01 03:00:00,100053059,1
2025-01-01 03:00:00,100053210,0
2025-01-01 03:00:00,100054073,1
2025-01-01 03:00:00,100055268,1
2025-01-01 03:00:00,100056188,13
2025-01-01 03:00:00,300014985,19
2025-01-01 03:00:00,300014986,17
2025-01-01 03:00:00,300014993,3
2025-01-01 03:00:00,300014994,2
2025-01-01 03:00:00,300014995,18
2025-01-01 03:00:00,300014996,9
2025-01-01 03:00:00,300020478,4
2025-01-01 03:00:00,300020679,16
2025-01-01 03:00:00,300020816,12
2025-01-01 03:00:00,300020817,10
2025-01-01 03:00:00,300021685,0
2025-01-01 03:00:00,300028650,6
2025-01-01 04:00:00,100001753,2
2025-01-01 04:00:00,100003032,13
2025-01-01 04:00:00,100003040,0
2025-01-01 04:00:00,100003041,2
2025-01-01 04:00:00,100003042,0
2025-01-01 04:00:00,100004575,0
2025-01-01 04:00:00,100007390,252
2025-01-01 04:00:00,100011747,5
2025-01-01 04:00:00,100011783,1
2025-01-01 04:00:00,100012217,4
2025-01-01 04:00:00,100012218,0
2025-01-01 04:00:00,100017441,1
2025-01-01 04:00:00,100017523,2
2025-01-01 04:00:00,100025474,12
2025-01-01 04:00:00,100035408,1
2025-01-01 04:00:00,100035409,0
2025-01-01 04:00:00,100041114,0
2025-01-01 04:00:00,100047030,5
2025-01-01 04:00:00,100052600,6
2025-01-01 04:00:00,100052602,0
2025-01-01 04:00:00,100052603,0
2025-01-01 04:00:00,100052605,0
2025-01-01 04:00:00,100052606,0
2025-01-01 04:00:00,100053055,0
2025-01-01 04:00:00,100053059,2
2025-01-01 04:00:00,100053210,1
2025-01-01 04:00:00,100054073,1
2025-01-01 04:00:00,100055268,1
2025-01-01 04:00:00,100056188,6
2025-01-01 04:00:00,300014985,6
2025-01-01 04:00:00,300014986,10
2025-01-01 04:00:00,300014993,0
2025-01-01 04:00:00,300014994,0
2025-01-01 04:00:00,300014995,11
2025-01-01 04:00:00,300014996,2
2025-01-01 04:00:00,300020478,1
2025-01-01 04:00:00,300020679,6
2025-01-01 04:00:00,300020816,5
2025-01-01 04:00:00,300020817,6
2025-01-01 04:00:00,300021685,0
2025-01-01 04:00:00,300028650,1
2025-01-01 05:00:00,100001753,0
2025-01-01 05:00:00,100003032,7
2025-01-01 05:00:00,100003040,0
2025-01-01 05:00:00,100003041,1
2025-01-01 05:00:00,100003042,2
2025-01-01 05:00:00,100004575,0
2025-01-01 05:00:00,100007390,260
2025-01-01 05:00:00,100011747,0
2025-01-01 05:00:00,100011783,7
2025-01-01 05:00:00,100012217,5
2025-01-01 05:00:00,100012218,0
2025-01-01 05:00:00,100017441,1
2025-01-01 05:00:00,100017523,1
2025-01-01 05:00:00,100025474,5
2025-01-01 05:00:00,100035408,6
2025-01-01 05:00:00,100035409,0
2025-01-01 05:00:00,100041114,0
2025-01-01 05:00:00,100047030,2
2025-01-01 05:00:00,100052600,6
2025-01-01 05:00:00,100052602,0
2025-01-01 05:00:00,100052603,0
2025-01-01 05:00:00,100052605,0
2025-01-01 05:00:00,100052606,5
2025-01-01 05:00:00,100053055,0
2025-01-01 05:00:00,100053059,2
2025-01-01 05:00:00,100053210,1
2025-01-01 05:00:00,100054073,0
2025-01-01 05:00:00,100055268,6
2025-01-01 05:00:00,100056188,7
2025-01-01 05:00:00,300014985,2
2025-01-01 05:00:00,300014986,6
2025-01-01 05:00:00,300014993,2
2025-01-01 05:00:00,300014994,0
2025-01-01 05:00:00,300014995,4
2025-01-01 05:00:00,300014996,4
2025-01-01 05:00:00,300020478,0
2025-01-01 05:00:00,300020679,2
2025-01-01 05:00:00,300020816,1
2025-01-01 05:00:00,300020817,1
2025-01-01 05:00:00,300021685,0
2025-01-01 05:00:00,300028650,2
2025-01-01 06:00:00,100001753,2
2025-01-01 06:00:00,100003032,15
2025-01-01 06:00:00,100003040,0
2025-01-01 06:00:00,100003041,0
2025-01-01 06:00:00,100003042,3
2025-01-01 06:00:00,100004575,0
2025-01-01 06:00:00,100007390,216
2025-01-01 06:00:00,100011747,1
2025-01-01 06:00:00,100011783,2
2025-01-01 06:00:00,100012217,3
2025-01-01 06:00:00,100012218,0
2025-01-01 06:00:00,100017441,4
2025-01-01 06:00:00,100017523,0
2025-01-01 06:00:00,100025474,4
2025-01-01 06:00:00,100035408,0
2025-01-01 06:00:00,100035409,0
2025-01-01 06:00:00,100041114,0
2025-01-01 06:00:00,100047030,4
2025-01-01 06:00:00,100052600,4
2025-01-01 06:00:00,100052602,0
2025-01-01 06:00:00,100052603,0
2025-01-01 06:00:00,100052605,0
2025-01-01 06:00:00,100052606,1
2025-01-01 06:00:00,100053055,0
2025-01-01 06:00:00,100053059,1
2025-01-01 06:00:00,100053210,1
2025-01-01 06:00:00,100054073,0
2025-01-01 06:00:00,100055268,1
2025-01-01 06:00:00,100056188,5
2025-01-01 06:00:00,300014985,3
2025-01-01 06:00:00,300014986,3
2025-01-01 06:00:00,300014993,0
2025-01-01 06:00:00,300014994,1
2025-01-01 06:00:00,300014995,2
2025-01-01 06:00:00,300014996,2
2025-01-01 06:00:00,300020478,1
2025-01-01 06:00:00,300020679,4
2025-01-01 06:00:00,300020816,0
2025-01-01 06:00:00,300020817,2
2025-01-01 06:00:00,300021685,1
2025-01-01 06:00:00,300028650,2
2025-01-01 07:00:00,100001753,2
2025-01-01 07:00:00,100003032,9
2025-01-01 07:00:00,100003040,0
2025-01-01 07:00:00,100003041,4
2025-01-01 07:00:00,100003042,2
2025-01-01 07:00:00,100004575,0
2025-01-01 07:00:00,100007390,281
2025-01-01 07:00:00,100011747,0
2025-01-01 07:00:00,100011783,1
2025-01-01 07:00:00,100012217,2
2025-01-01 07:00:00,100012218,0
2025-01-01 07:00:00,100017441,1
2025-01-01 07:00:00,100017523,0
2025-01-01 07:00:00,100025474,4
2025-01-01 07:00:00,100035408,1
2025-01-01 07:00:00,100035409,0
2025-01-01 07:00:00,100041114,1
2025-01-01 07:00:00,100047030,0
2025-01-01 07:00:00,100052600,5
2025-01-01 07:00:00,100052602,0
2025-01-01 07:00:00,100052603,0
2025-01-01 07:00:00,100052605,0
2025-01-01 07:00:00,100052606,1
2025-01-01 07:00:00,100053055,0
2025-01-01 07:00:00,100053059,0
2025-01-01 07:00:00,100053210,0
2025-01-01 07:00:00,100054073,0
2025-01-01 07:00:00,100055268,0
2025-01-01 07:00:00,100056188,1
2025-01-01 07:00:00,300014985,2
2025-01-01 07:00:00,300014986,3
2025-01-01 07:00:00,300014993,0
2025-01-01 07:00:00,300014994,2
2025-01-01 07:00:00,300014995,2
2025-01-01 07:00:00,300014996,5
2025-01-01 07:00:00,300020478,2
2025-01-01 07:00:00,300020679,7
2025-01-01 07:00:00,300020816,2
2025-01-01 07:00:00,300020817,3
2025-01-01 07:00:00,300021685,0
2025-01-01 07:00:00,300028650,1
2025-01-01 08:00:00,100001753,1
2025-01-01 08:00:00,100003032,6
2025-01-01 08:00:00,100003040,0
2025-01-01 08:00:00,100003041,1
2025-01-01 08:00:00,100003042,1
2025-01-01 08:00:00,100004575,0
2025-01-01 08:00:00,100007390,42
2025-01-01 08:00:00,100011747,0
2025-01-01 08:00:00,100011783,1
2025-01-01 08:00:00,100012217,2
2025-01-01 08:00:00,100012218,0
2025-01-01 08:00:00,100017441,3
2025-01-01 08:00:00,100017523,0
2025-01-01 08:00:00,100025474,5
2025-01-01 08:00:00,100035408,0
2025-01-01 08:00:00,100035409,0
2025-01-01 08:00:00,100041114,2
2025-01-01 08:00:00,100047030,5
2025-01-01 08:00:00,100052600,2
2025-01-01 08:00:00,100052602,0
2025-01-01 08:00:00,100052603,0
2025-01-01 08:00:00,100052605,3
2025-01-01 08:00:00,100052606,0
2025-01-01 08:00:00,100053055,0
2025-01-01 08:00:00,100053059,0
2025-01-01 08:00:00,100053210,0
2025-01-01 08:00:00,100054073,1
2025-01-01 08:00:00,100055268,2
2025-01-01 08:00:00,100056188,3
2025-01-01 08:00:00,300014985,5
2025-01-01 08:00:00,300014986,1
2025-01-01 08:00:00,300014993,0
2025-01-01 08:00:00,300014994,0
2025-01-01 08:00:00,300014995,1
2025-01-01 08:00:00,300014996,6
2025-01-01 08:00:00,300020478,0
2025-01-01 08:00:00,300020679,2
2025-01-01 08:00:00,300020816,6
2025-01-01 08:00:00,300020817,0
2025-01-01 08:00:00,300021685,0
2025-01-01 08:00:00,300028650,0
2025-01-01 09:00:00,100001753,0
2025-01-01 09:00:00,100003032,3
2025-01-01 09:00:00,100003040,0
2025-01-01 09:00:00,100003041,0
2025-01-01 09:00:00,100003042,1
2025-01-01 09:00:00,100004575,0
2025-01-01 09:00:00,100007390,3
2025-01-01 09:00:00,100011747,1
2025-01-01 09:00:00,100011783,0
2025-01-01 09:00:00,100012217,3
2025-01-01 09:00:00,100012218,0
2025-01-01 09:00:00,100017441,2
2025-01-01 09:00:00,100017523,1
2025-01-01 09:00:00,100025474,5
2025-01-01 09:00:00,100035408,1
2025-01-01 09:00:00,100035409,0
2025-01-01 09:00:00,100041114,2
2025-01-01 09:00:00,100047030,0
2025-01-01 09:00:00,100052600,5
2025-01-01 09:00:00,100052602,0
2025-01-01 09:00:00,100052603,3
2025-01-01 09:00:00,100052605,0
2025-01-01 09:00:00,100052606,0
2025-01-01 09:00:00,100053055,0
2025-01-01 09:00:00,100053059,1
2025-01-01 09:00:00,100053210,0
2025-01-01 09:00:00,100054073,0
2025-01-01 09:00:00,100055268,2
2025-01-01 09:00:00,100056188,8
2025-01-01 09:00:00,300014985,3
2025-01-01 09:00:00,300014986,1
2025-01-01 09:00:00,300014993,1
2025-01-01 09:00:00,300014994,3
2025-01-01 09:00:00,300014995,1
2025-01-01 09:00:00,300014996,3
2025-01-01 09:00:00,300020478,3
2025-01-01 09:00:00,300020679,3
2025-01-01 09:00:00,300020816,1
2025-01-01 09:00:00,300020817,0
2025-01-01 09:00:00,300021685,0
2025-01-01 09:00:00,300028650,0
2025-01-01 10:00:00,100001753,0
2025-01-01 10:00:00,100003032,6
2025-01-01 10:00:00,100003040,1
2025-01-01 10:00:00,100003041,3
2025-01-01 10:00:00,100003042,6
2025-01-01 10:00:00,100004575,0
2025-01-01 10:00:00,100007390,4
2025-01-01 10:00:00,100011747,0
2025-01-01 10:00:00,100011783,6
2025-01-01 10:00:00,100012217,5
2025-01-01 10:00:00,100012218,1
2025-01-01 10:00:00,100017441,0
2025-01-01 10:00:00,100017523,0
2025-01-01 10:00:00,100025474,6
2025-01-01 10:00:00,100035408,0
2025-01-01 10:00:00,100035409,0
2025-01-01 10:00:00,100041114,0
2025-01-01 10:00:00,100047030,1
2025-01-01 10:00:00,100052600,2
2025-01-01 10:00:00,100052602,0
2025-01-01 10:00:00,100052603,0
2025-01-01 10:00:00,100052605,0
2025-01-01 10:00:00,100052606,0
2025-01-01 10:00:00,100053055,0
2025-01-01 10:00:00,100053059,1
2025-01-01 10:00:00,100053210,2
2025-01-01 10:00:00,100054073,0
2025-01-01 10:00:00,100055268,1
2025-01-01 10:00:00,100056188,1
2025-01-01 10:00:00,300014985,2
2025-01-01 10:00:00,300014986,1
2025-01-01 10:00:00,300014993,2
2025-01-01 10:00:00,300014994,2
2025-01-01 10:00:00,300014995,0
2025-01-01 10:00:00,300014996,3
2025-01-01 10:00:00,300020478,2
2025-01-01 10:00:00,300020679,6
2025-01-01 10:00:00,300020816,2
2025-01-01 10:00:00,300020817,1
2025-01-01 10:00:00,300021685,0
2025-01-01 10:00:00,300028650,2
2025-01-01 11:00:00,100001753,1
2025-01-01 11:00:00,100003032,3
2025-01-01 11:00:00,100003040,2
2025-01-01 11:00:00,100003041,3
2025-01-01 11:00:00,100003042,0
2025-01-01 11:00:00,100004575,0
2025-01-01 11:00:00,100007390,6
2025-01-01 11:00:00,100011747,2
2025-01-01 11:00:00,100011783,0
2025-01-01 11:00:00,100012217,7
2025-01-01 11:00:00,100012218,0
2025-01-01 11:00:00,100017441,1
2025-01-01 11:00:00,100017523,1
2025-01-01 11:00:00,100025474,12
2025-01-01 11:00:00,100035408,3
2025-01-01 11:00:00,100035409,0
2025-01-01 11:00:00,100041114,3
2025-01-01 11:00:00,100047030,1
2025-01-01 11:00:00,100052600,7
2025-01-01 11:00:00,100052602,0
2025-01-01 11:00:00,100052603,1
2025-01-01 11:00:00,100052605,2
2025-01-01 11:00:00,100052606,1
2025-01-01 11:00:00,100053055,0
2025-01-01 11:00:00,100053059,0
2025-01-01 11:00:00,100053210,2
2025-01-01 11:00:00,100054073,0
2025-01-01 11:00:00,100055268,2
2025-01-01 11:00:00,100056188,3
2025-01-01 11:00:00,300014985,5
2025-01-01 11:00:00,300014986,2
2025-01-01 11:00:00,300014993,3
2025-01-01 11:00:00,300014994,0
2025-01-01 11:00:00,300014995,1
2025-01-01 11:00:00,300014996,2
2025-01-01 11:00:00,300020478,2
2025-01-01 11:00:00,300020679,7
2025-01-01 11:00:00,300020816,5
2025-01-01 11:00:00,300020817,2
2025-01-01 11:00:00,300021685,0
2025-01-01 11:00:00,300028650,1
2025-01-01 12:00:00,100001753,1
2025-01-01 12:00:00,100003032,4
2025-01-01 12:00:00,100003040,1
2025-01-01 12:00:00,100003041,2
2025-01-01 12:00:00,100003042,6
2025-01-01 12:00:00,100004575,0
2025-01-01 12:00:00,100007390,12
2025-01-01 12:00:00,100011747,0
2025-01-01 12:00:00,100011783,2
2025-01-01 12:00:00,100012217,5
2025-01-01 12:00:00,100012218,9
2025-01-01 12:00:00,100017441,0
2025-01-01 12:00:00,100017523,2
2025-01-01 12:00:00,100025474,14
2025-01-01 12:00:00,100035408,0
2025-01-01 12:00:00,100035409,0
2025-01-01 12:00:00,100041114,2
2025-01-01 12:00:00,100047030,2
2025-01-01 12:00:00,100052600,9
2025-01-01 12:00:00,100052602,0
2025-01-01 12:00:00,100052603,2
2025-01-01 12:00:00,100052605,0
2025-01-01 12:00:00,100052606,1
2025-01-01 12:00:00,100053055,0
2025-01-01 12:00:00,100053059,2
2025-01-01 12:00:00,100053210,0
2025-01-01 12:00:00,100054073,0
2025-01-01 12:00:00,100055268,6
2025-01-01 12:00:00,100056188,5
2025-01-01 12:00:00,300014985,6
2025-01-01 12:00:00,300014986,4
2025-01-01 12:00:00,300014993,0
2025-01-01 12:00:00,300014994,3
2025-01-01 12:00:00,300014995,3
2025-01-01 12:00:00,300014996,2
2025-01-01 12:00:00,300020478,5
2025-01-01 12:00:00,300020679,6
2025-01-01 12:00:00,300020816,1
2025-01-01 12:00:00,300020817,1
2025-01-01 12:00:00,300021685,0
2025-01-01 12:00:00,300028650,1
2025-01-01 13:00:00,100001753,0
2025-01-01 13:00:00,100003032,10
2025-01-01 13:00:00,100003040,0
2025-01-01 13:00:00,100003041,1
2025-01-01 13:00:00,100003042,3
2025-01-01 13:00:00,100004575,0
2025-01-01 13:00:00,100007390,18
2025-01-01 13:00:00,100011747,4
2025-01-01 13:00:00,100011783,7
2025-01-01 13:00:00,100012217,9
2025-01-01 13:00:00,100012218,2
2025-01-01 13:00:00,100017441,3
2025-01-01 13:00:00,100017523,1
2025-01-01 13:00:00,100025474,8
2025-01-01 13:00:00,100035408,1
2025-01-01 13:00:00,100035409,0
2025-01-01 13:00:00,100041114,0
2025-01-01 13:00:00,100047030,4
2025-01-01 13:00:00,100052600,11
2025-01-01 13:00:00,100052602,2
2025-01-01 13:00:00,100052603,2
2025-01-01 13:00:00,100052605,1
2025-01-01 13:00:00,100052606,3
2025-01-01 13:00:00,100053055,0
2025-01-01 13:00:00,100053059,3
2025-01-01 13:00:00,100053210,3
2025-01-01 13:00:00,100054073,0
2025-01-01 13:00:00,100055268,3
2025-01-01 13:00:00,100056188,7
2025-01-01 13:00:00,300014985,2
2025-01-01 13:00:00,300014986,5
2025-01-01 13:00:00,300014993,2
2025-01-01 13:00:00,300014994,7
2025-01-01 13:00:00,300014995,14
2025-01-01 13:00:00,300014996,4
2025-01-01 13:00:00,300020478,1
2025-01-01 13:00:00,300020679,5
2025-01-01 13:00:00,300020816,3
2025-01-01 13:00:00,300020817,5
2025-01-01 13:00:00,300021685,1
2025-01-01 13:00:00,300028650,5
2025-01-01 14:00:00,100001753,2
2025-01-01 14:00:00,100003032,7
2025-01-01 14:00:00,100003040,2
2025-01-01 14:00:00,100003041,9
2025-01-01 14:00:00,100003042,3
2025-01-01 14:00:00,100004575,0
2025-01-01 14:00:00,100007390,12
2025-01-01 14:00:00,100011747,2
2025-01-01 14:00:00,100011783,3
2025-01-01 14:00:00,100012217,7
2025-01-01 14:00:00,100012218,4
2025-01-01 14:00:00,100017441,4
2025-01-01 14:00:00,100017523,0
2025-01-01 14:00:00,100025474,16
2025-01-01 14:00:00,100035408,0
2025-01-01 14:00:00,100035409,0
2025-01-01 14:00:00,100041114,2
2025-01-01 14:00:00,100047030,0
2025-01-01 14:00:00,100052600,6
2025-01-01 14:00:00,100052602,0
2025-01-01 14:00:00,100052603,0
2025-01-01 14:00:00,100052605,0
2025-01-01 14:00:00,100052606,1
2025-01-01 14:00:00,100053055,1
2025-01-01 14:00:00,100053059,1
2025-01-01 14:00:00,100053210,1
2025-01-01 14:00:00,100054073,0
2025-01-01 14:00:00,100055268,5
2025-01-01 14:00:00,100056188,6
2025-01-01 14:00:00,300014985,7
2025-01-01 14:00:00,300014986,7
2025-01-01 14:00:00,300014993,5
2025-01-01 14:00:00,300014994,3
2025-01-01 14:00:00,300014995,5
2025-01-01 14:00:00,300014996,12
2025-01-01 14:00:00,300020478,2
2025-01-01 14:00:00,300020679,11
2025-01-01 14:00:00,300020816,5
2025-01-01 14:00:00,300020817,4
2025-01-01 14:00:00,300021685,0
2025-01-01 14:00:00,300028650,5
2025-01-01 15:00:00,100001753,4
2025-01-01 15:00:00,100003032,8
2025-01-01 15:00:00,100003040,0
2025-01-01 15:00:00,100003041,7
2025-01-01 15:00:00,100003042,5
2025-01-01 15:00:00,100004575,0
2025-01-01 15:00:00,100007390,11
2025-01-01 15:00:00,100011747,4
2025-01-01 15:00:00,100011783,3
2025-01-01 15:00:00,100012217,13
2025-01-01 15:00:00,100012218,2
2025-01-01 15:00:00,100017441,7
2025-01-01 15:00:00,100017523,3
2025-01-01 15:00:00,100025474,10
2025-01-01 15:00:00,100035408,0
2025-01-01 15:00:00,100035409,0
2025-01-01 15:00:00,100041114,4
2025-01-01 15:00:00,100047030,4
2025-01-01 15:00:00,100052600,9
2025-01-01 15:00:00,100052602,1
2025-01-01 15:00:00,100052603,3
2025-01-01 15:00:00,100052605,2
2025-01-01 15:00:00,100052606,6
2025-01-01 15:00:00,100053055,0
2025-01-01 15:00:00,100053059,2
2025-01-01 15:00:00,100053210,2
2025-01-01 15:00:00,100054073,2
2025-01-01 15:00:00,100055268,3
2025-01-01 15:00:00,100056188,12
2025-01-01 15:00:00,300014985,14
2025-01-01 15:00:00,300014986,8
2025-01-01 15:00:00,300014993,2
2025-01-01 15:00:00,300014994,4
2025-01-01 15:00:00,300014995,13
2025-01-01 15:00:00,300014996,13
2025-01-01 15:00:00,300020478,1
2025-01-01 15:00:00,300020679,6
2025-01-01 15:00:00,300020816,4
2025-01-01 15:00:00,300020817,9
2025-01-01 15:00:00,300021685,1
2025-01-01 15:00:00,300028650,3
2025-01-01 16:00:00,100001753,3
2025-01-01 16:00:00,100003032,12
2025-01-01 16:00:00,100003040,0
2025-01-01 16:00:00,100003041,8
2025-01-01 16:00:00,100003042,8
2025-01-01 16:00:00,100004575,0
2025-01-01 16:00:00,100007390,10
2025-01-01 16:00:00,100011747,0
2025-01-01 16:00:00,100011783,7
2025-01-01 16:00:00,100012217,7
2025-01-01 16:00:00,100012218,1
2025-01-01 16:00:00,100017441,6
2025-01-01 16:00:00,100017523,4
2025-01-01 16:00:00,100025474,8
2025-01-01 16:00:00,100035408,6
2025-01-01 16:00:00,100035409,0
2025-01-01 16:00:00,100041114,5
2025-01-01 16:00:00,100047030,5
2025-01-01 16:00:00,100052600,5
2025-01-01 16:00:00,100052602,0
2025-01-01 16:00:00,100052603,2
2025-01-01 16:00:00,100052605,2
2025-01-01 16:00:00,100052606,4
2025-01-01 16:00:00,100053055,1
2025-01-01 16:00:00,100053059,2
2025-01-01 16:00:00,100053210,4
2025-01-01 16:00:00,100054073,0
2025-01-01 16:00:00,100055268,0
2025-01-01 16:00:00,100056188,11
2025-01-01 16:00:00,300014985,13
2025-01-01 16:00:00,300014986,12
2025-01-01 16:00:00,300014993,5
2025-01-01 16:00:00,300014994,3
2025-01-01 16:00:00,300014995,10
2025-01-01 16:00:00,300014996,10
2025-01-01 16:00:00,300020478,5
2025-01-01 16:00:00,300020679,12
2025-01-01 16:00:00,300020816,8
2025-01-01 16:00:00,300020817,10
2025-01-01 16:00:00,300021685,0
2025-01-01 16:00:00,300028650,3
2025-01-01 17:00:00,100001753,2
2025-01-01 17:00:00,100003032,9
2025-01-01 17:00:00,100003040,0
2025-01-01 17:00:00,100003041,6
2025-01-01 17:00:00,100003042,1
2025-01-01 17:00:00,100004575,0
2025-01-01 17:00:00,100007390,37
2025-01-01 17:00:00,100011747,2
2025-01-01 17:00:00,100011783,3
2025-01-01 17:00:00,100012217,14
2025-01-01 17:00:00,100012218,1
2025-01-01 17:00:00,100017441,8
2025-01-01 17:00:00,100017523,4
2025-01-01 17:00:00,100025474,10
2025-01-01 17:00:00,100035408,2
2025-01-01 17:00:00,100035409,0
2025-01-01 17:00:00,100041114,0
2025-01-01 17:00:00,100047030,3
2025-01-01 17:00:00,100052600,9
2025-01-01 17:00:00,100052602,1
2025-01-01 17:00:00,100052603,3
2025-01-01 17:00:00,100052605,0
2025-01-01 17:00:00,100052606,2
2025-01-01 17:00:00,100053055,0
2025-01-01 17:00:00,100053059,3
2025-01-01 17:00:00,100053210,1
2025-01-01 17:00:00,100054073,0
2025-01-01 17:00:00,100055268,5
2025-01-01 17:00:00,100056188,6
2025-01-01 17:00:00,300014985,9
2025-01-01 17:00:00,300014986,12
2025-01-01 17:00:00,300014993,6
2025-01-01 17:00:00,300014994,0
2025-01-01 17:00:00,300014995,15
2025-01-01 17:00:00,300014996,6
2025-01-01 17:00:00,300020478,1
2025-01-01 17:00:00,300020679,9
2025-01-01 17:00:00,300020816,6
2025-01-01 17:00:00,300020817,4
2025-01-01 17:00:00,300021685,0
2025-01-01 17:00:00,300028650,7
2025-01-01 18:00:00,100001753,2
2025-01-01 18:00:00,100003032,10
2025-01-01 18:00:00,100003040,0
2025-01-01 18:00:00,100003041,1
2025-01-01 18:00:00,100003042,3
2025-01-01 18:00:00,100004575,0
2025-01-01 18:00:00,100007390,35
2025-01-01 18:00:00,100011747,1
2025-01-01 18:00:00,100011783,7
2025-01-01 18:00:00,100012217,7
2025-01-01 18:00:00,100012218,1
2025-01-01 18:00:00,100017441,3
2025-01-01 18:00:00,100017523,0
2025-01-01 18:00:00,100025474,8
2025-01-01 18:00:00,100035408,0
2025-01-01 18:00:00,100035409,0
2025-01-01 18:00:00,100041114,1
2025-01-01 18:00:00,100047030,6
2025-01-01 18:00:00,100052600,5
2025-01-01 18:00:00,100052602,0
2025-01-01 18:00:00,100052603,0
2025-01-01 18:00:00,100052605,0
2025-01-01 18:00:00,100052606,0
2025-01-01 18:00:00,100053055,0
2025-01-01 18:00:00,100053059,3
2025-01-01 18:00:00,100053210,1
2025-01-01 18:00:00,100054073,2
2025-01-01 18:00:00,100055268,2
2025-01-01 18:00:00,100056188,6
2025-01-01 18:00:00,300014985,4
2025-01-01 18:00:00,300014986,2
2025-01-01 18:00:00,300014993,2
2025-01-01 18:00:00,300014994,1
2025-01-01 18:00:00,300014995,12
2025-01-01 18:00:00,300014996,3
2025-01-01 18:00:00,300020478,6
2025-01-01 18:00:00,300020679,4
2025-01-01 18:00:00,300020816,2
2025-01-01 18:00:00,300020817,3
2025-01-01 18:00:00,300021685,0
2025-01-01 18:00:00,300028650,2
2025-01-01 19:00:00,100001753,2
2025-01-01 19:00:00,100003032,10
2025-01-01 19:00:00,100003040,0
2025-01-01 19:00:00,100003041,4
2025-01-01 19:00:00,100003042,1
2025-01-01 19:00:00,100004575,0
2025-01-01 19:00:00,100007390,66
2025-01-01 19:00:00,100011747,0
2025-01-01 19:00:00,100011783,4
2025-01-01 19:00:00,100012217,6
2025-01-01 19:00:00,100012218,0
2025-01-01 19:00:00,100017441,4
2025-01-01 19:00:00,100017523,1
2025-01-01 19:00:00,100025474,8
2025-01-01 19:00:00,100035408,0
2025-01-01 19:00:00,100035409,0
2025-01-01 19:00:00,100041114,3
2025-01-01 19:00:00,100047030,4
2025-01-01 19:00:00,100052600,5
2025-01-01 19:00:00,100052602,1
2025-01-01 19:00:00,100052603,0
2025-01-01 19:00:00,100052605,0
2025-01-01 19:00:00,100052606,2
2025-01-01 19:00:00,100053055,0
2025-01-01 19:00:00,100053059,1
2025-01-01 19:00:00,100053210,0
2025-01-01 19:00:00,100054073,0
2025-01-01 19:00:00,100055268,1
2025-01-01 19:00:00,100056188,11
2025-01-01 19:00:00,300014985,4
2025-01-01 19:00:00,300014986,3
2025-01-01 19:00:00,300014993,4
2025-01-01 19:00:00,300014994,1
2025-01-01 19:00:00,300014995,12
2025-01-01 19:00:00,300014996,0
2025-01-01 19:00:00,300020478,1
2025-01-01 19:00:00,300020679,4
2025-01-01 19:00:00,300020816,2
2025-01-01 19:00:00,300020817,2
2025-01-01 19:00:00,300021685,0
2025-01-01 19:00:00,300028650,1
2025-01-01 20:00:00,100001753,0
2025-01-01 20:00:00,100003032,7
2025-01-01 20:00:00,100003040,0
2025-01-01 20:00:00,100003041,2
2025-01-01 20:00:00,100003042,4
2025-01-01 20:00:00,100004575,0
2025-01-01 20:00:00,100007390,55
2025-01-01 20:00:00,100011747,2
2025-01-01 20:00:00,100011783,1
2025-01-01 20:00:00,100012217,8
2025-01-01 20:00:00,100012218,1
2025-01-01 20:00:00,100017441,9
2025-01-01 20:00:00,100017523,2
2025-01-01 20:00:00,100025474,4
2025-01-01 20:00:00,100035408,5
2025-01-01 20:00:00,100035409,0
2025-01-01 20:00:00,100041114,0
2025-01-01 20:00:00,100047030,4
2025-01-01 20:00:00,100052600,3
2025-01-01 20:00:00,100052602,0
2025-01-01 20:00:00,100052603,0
2025-01-01 20:00:00,100052605,0
2025-01-01 20:00:00,100052606,2
2025-01-01 20:00:00,100053055,0
2025-01-01 20:00:00,100053059,1
2025-01-01 20:00:00,100053210,2
2025-01-01 20:00:00,100054073,0
2025-01-01 20:00:00,100055268,1
2025-01-01 20:00:00,100056188,1
2025-01-01 20:00:00,300014985,11
2025-01-01 20:00:00,300014986,2
2025-01-01 20:00:00,300014993,0
2025-01-01 20:00:00,300014994,2
2025-01-01 20:00:00,300014995,11
2025-01-01 20:00:00,300014996,6
2025-01-01 20:00:00,300020478,2
2025-01-01 20:00:00,300020679,6
2025-01-01 20:00:00,300020816,0
2025-01-01 20:00:00,300020817,3
2025-01-01 20:00:00,300021685,0
2025-01-01 20:00:00,300028650,1
2025-01-01 21:00:00,100001753,1
2025-01-01 21:00:00,100003032,3
2025-01-01 21:00:00,100003040,0
2025-01-01 21:00:00,100003041,0
2025-01-01 21:00:00,100003042,3
2025-01-01 21:00:00,100004575,0
2025-01-01 21:00:00,100007390,53
2025-01-01 21:00:00,100011747,0
2025-01-01 21:00:00,100011783,2
2025-01-01 21:00:00,100012217,6
2025-01-01 21:00:00,100012218,0
2025-01-01 21:00:00,100017441,2
2025-01-01 21:00:00,100017523,1
2025-01-01 21:00:00,100025474,4
2025-01-01 21:00:00,100035408,0
2025-01-01 21:00:00,100035409,0
2025-01-01 21:00:00,100041114,0
2025-01-01 21:00:00,100047030,1
2025-01-01 21:00:00,100052600,2
2025-01-01 21:00:00,100052602,0
2025-01-01 21:00:00,100052603,0
2025-01-01 21:00:00,100052605,1
2025-01-01 21:00:00,100052606,4
2025-01-01 21:00:00,100053055,0
2025-01-01 21:00:00,100053059,0
2025-01-01 21:00:00,100053210,0
2025-01-01 21:00:00,100054073,0
2025-01-01 21:00:00,100055268,2
2025-01-01 21:00:00,100056188,2
2025-01-01 21:00:00,300014985,3
2025-01-01 21:00:00,300014986,3
2025-01-01 21:00:00,300014993,1
2025-01-01 21:00:00,300014994,3
2025-01-01 21:00:00,300014995,3
2025-01-01 21:00:00,300014996,8
2025-01-01 21:00:00,300020478,3
2025-01-01 21:00:00,300020679,3
2025-01-01 21:00:00,300020816,1
2025-01-01 21:00:00,300020817,6
2025-01-01 21:00:00,300021685,0
2025-01-01 21:00:00,300028650,0
2025-01-01 22:00:00,100001753,2
2025-01-01 22:00:00,100003032,4
2025-01-01 22:00:00,100003040,0
2025-01-01 22:00:00,100003041,1
2025-01-01 22:00:00,100003042,2
2025-01-01 22:00:00,100004575,0
2025-01-01 22:00:00,100007390,81
2025-01-01 22:00:00,100011747,0
2025-01-01 22:00:00,100011783,1
2025-01-01 22:00:00,100012217,6
2025-01-01 22:00:00,100012218,0
2025-01-01 22:00:00,100017441,1
2025-01-01 22:00:00,100017523,1
2025-01-01 22:00:00,100025474,5
2025-01-01 22:00:00,100035408,1
2025-01-01 22:00:00,100035409,0
2025-01-01 22:00:00,100041114,0
2025-01-01 22:00:00,100047030,2
2025-01-01 22:00:00,100052600,3
2025-01-01 22:00:00,100052602,0
2025-01-01 22:00:00,100052603,1
2025-01-01 22:00:00,100052605,1
2025-01-01 22:00:00,100052606,0
2025-01-01 22:00:00,100053055,1
2025-01-01 22:00:00,100053059,0
2025-01-01 22:00:00,100053210,3
2025-01-01 22:00:00,100054073,1
2025-01-01 22:00:00,100055268,0
2025-01-01 22:00:00,100056188,8
2025-01-01 22:00:00,300014985,2
2025-01-01 22:00:00,300014986,6
2025-01-01 22:00:00,300014993,4
2025-01-01 22:00:00,300014994,6
2025-01-01 22:00:00,300014995,6
2025-01-01 22:00:00,300014996,1
2025-01-01 22:00:00,300020478,0
2025-01-01 22:00:00,300020679,4
2025-01-01 22:00:00,300020816,5
2025-01-01 22:00:00,300020817,4
2025-01-01 22:00:00,300021685,1
2025-01-01 22:00:00,300028650,1
2025-01-01 23:00:00,100001753,0
2025-01-01 23:00:00,100003032,5
2025-01-01 23:00:00,100003040,0
2025-01-01 23:00:00,100003041,1
2025-01-01 23:00:00,100003042,2
2025-01-01 23:00:00,100004575,0
2025-01-01 23:00:00,100007390,91
2025-01-01 23:00:00,100011747,0
2025-01-01 23:00:00,100011783,3
2025-01-01 23:00:00,100012217,0
2025-01-01 23:00:00,100012218,2
2025-01-01 23:00:00,100017441,1
2025-01-01 23:00:00,100017523,1
2025-01-01 23:00:00,100025474,3
2025-01-01 23:00:00,100035408,0
2025-01-01 23:00:00,100035409,0
2025-01-01 23:00:00,100041114,0
2025-01-01 23:00:00,100047030,2
2025-01-01 23:00:00,100052600,2
2025-01-01 23:00:00,100052602,0
2025-01-01 23:00:00,100052603,0
2025-01-01 23:00:00,100052605,1
2025-01-01 23:00:00,100052606,2
2025-01-01 23:00:00,100053055,0
2025-01-01 23:00:00,100053059,0
2025-01-01 23:00:00,100053210,0
2025-01-01 23:00:00,100054073,0
2025-01-01 23:00:00,100055268,1
2025-01-01 23:00:00,100056188,3
2025-01-01 23:00:00,300014985,1
2025-01-01 23:00:00,300014986,3
2025-01-01 23:00:00,300014993,0
2025-01-01 23:00:00,300014994,3
2025-01-01 23:00:00,300014995,1
2025-01-01 23:00:00,300014996,2
2025-01-01 23:00:00,300020478,2
2025-01-01 23:00:00,300020679,2
2025-01-01 23:00:00,300020816,1
2025-01-01 23:00:00,300020817,4
2025-01-01 23:00:00,300021685,0
2025-01-01 23:00:00,300028650,3
2025-01-02 00:00:00,100001753,0
2025-01-02 00:00:00,100003032,0
2025-01-02 00:00:00,100003040,0
2025-01-02 00:00:00,100003041,0
2025-01-02 00:00:00,100003042,0
2025-01-02 00:00:00,100004575,0
2025-01-02 00:00:00,100007390,94
2025-01-02 00:00:00,100011747,0
2025-01-02 00:00:00,100011783,1
2025-01-02 00:00:00,100012217,1
2025-01-02 00:00:00,100012218,2
2025-01-02 00:00:00,100017441,0
2025-01-02 00:00:00,100017523,1
2025-01-02 00:00:00,100025474,1
2025-01-02 00:00:00,100035408,1
2025-01-02 00:00:00,100035409,0
2025-01-02 00:00:00,100041114,0
2025-01-02 00:00:00,100047030,2
2025-01-02 00:00:00,100052600,2
2025-01-02 00:00:00,100052602,0
2025-01-02 00:00:00,100052603,0
2025-01-02 00:00:00,100052605,0
2025-01-02 00:00:00,100052606,0
2025-01-02 00:00:00,100053055,1
2025-01-02 00:00:00,100053059,0
2025-01-02 00:00:00,100053210,0
2025-01-02 00:00:00,100054073,0
2025-01-02 00:00:00,100055268,0
2025-01-02 00:00:00,100056188,2
2025-01-02 00:00:00,300014985,5
2025-01-02 00:00:00,300014986,1
2025-01-02 00:00:00,300014993,0
2025-01-02 00:00:00,300014994,3
2025-01-02 00:00:00,300014995,1
2025-01-02 00:00:00,300014996,1
2025-01-02 00:00:00,300020478,1
2025-01-02 00:00:00,300020679,0
2025-01-02 00:00:00,300020816,2
2025-01-02 00:00:00,300020817,0
2025-01-02 00:00:00,300021685,0
2025-01-02 00:00:00,300028650,0
2025-01-02 01:00:00,100001753,0
2025-01-02 01:00:00,100003032,1
2025-01-02 01:00:00,100003040,0
2025-01-02 01:00:00,100003041,4
2025-01-02 01:00:00,100003042,1
2025-01-02 01:00:00,100004575,0
2025-01-02 01:00:00,100007390,87
2025-01-02 01:00:00,100011747,0
2025-01-02 01:00:00,100011783,0
2025-01-02 01:00:00,100012217,0
2025-01-02 01:00:00,100012218,0
2025-01-02 01:00:00,100017441,1
2025-01-02 01:00:00,100017523,0
2025-01-02 01:00:00,100025474,0
2025-01-02 01:00:00,100035408,2
2025-01-02 01:00:00,100035409,0
2025-01-02 01:00:00,100041114,1
2025-01-02 01:00:00,100047030,0
2025-01-02 01:00:00,100052600,1
2025-01-02 01:00:00,100052602,0
2025-01-02 01:00:00,100052603,1
2025-01-02 01:00:00,100052605,0
2025-01-02 01:00:00,100052606,0
2025-01-02 01:00:00,100053055,0
2025-01-02 01:00:00,100053059,0
2025-01-02 01:00:00,100053210,0
2025-01-02 01:00:00,100054073,0
2025-01-02 01:00:00,100055268,0
2025-01-02 01:00:00,100056188,0
2025-01-02 01:00:00,300014985,1
2025-01-02 01:00:00,300014986,0
2025-01-02 01:00:00,300014993,2
2025-01-02 01:00:00,300014994,0
2025-01-02 01:00:00,300014995,3
2025-01-02 01:00:00,300014996,1
2025-01-02 01:00:00,300020478,2
2025-01-02 01:00:00,300020679,0
2025-01-02 01:00:00,300020816,0
2025-01-02 01:00:00,300020817,1
2025-01-02 01:00:00,300021685,0
2025-01-02 01:00:00,300028650,0
2025-01-02 02:00:00,100001753,0
2025-01-02 02:00:00,100003032,0
2025-01-02 02:00:00,100003040,1
2025-01-02 02:00:00,100003041,0
2025-01-02 02:00:00,100003042,0
2025-01-02 02:00:00,100004575,0
2025-01-02 02:00:00,100007390,110
2025-01-02 02:00:00,100011747,0
2025-01-02 02:00:00,100011783,0
2025-01-02 02:00:00,100012217,0
2025-01-02 02:00:00,100012218,0
2025-01-02 02:00:00,100017441,0
2025-01-02 02:00:00,100017523,0
2025-01-02 02:00:00,100025474,1
2025-01-02 02:00:00,100035408,0
2025-01-02 02:00:00,100035409,0
2025-01-02 02:00:00,100041114,0
2025-01-02 02:00:00,100047030,0
2025-01-02 02:00:00,100052600,0
2025-01-02 02:00:00,100052602,0
2025-01-02 02:00:00,100052603,1
2025-01-02 02:00:00,100052605,0
2025-01-02 02:00:00,100052606,0
2025-01-02 02:00:00,100053055,0
2025-01-02 02:00:00,100053059,0
2025-01-02 02:00:00,100053210,0
2025-01-02 02:00:00,100054073,0
2025-01-02 02:00:00,100055268,0
2025-01-02 02:00:00,100056188,9
2025-01-02 02:00:00,300014985,0
2025-01-02 02:00:00,300014986,4
2025-01-02 02:00:00,300014993,2
2025-01-02 02:00:00,300014994,0
2025-01-02 02:00:00,300014995,1
2025-01-02 02:00:00,300014996,0
2025-01-02 02:00:00,300020478,0
2025-01-02 02:00:00,300020679,1
2025-01-02 02:00:00,300020816,0
2025-01-02 02:00:00,300020817,0
2025-01-02 02:00:00,300021685,1
2025-01-02 02:00:00,300028650,0
2025-01-02 03:00:00,100001753,2
2025-01-02 03:00:00,100003032,2
2025-01-02 03:00:00,100003040,0
2025-01-02 03:00:00,100003041,0
2025-01-02 03:00:00,100003042,0
2025-01-02 03:00:00,100004575,0
2025-01-02 03:00:00,100007390,118
2025-01-02 03:00:00,100011747,0
2025-01-02 03:00:00,100011783,0
2025-01-02 03:00:00,100012217,0
2025-01-02 03:00:00,100012218,0
2025-01-02 03:00:00,100017441,0
2025-01-02 03:00:00,100017523,0
2025-01-02 03:00:00,100025474,0
2025-01-02 03:00:00,100035408,1
2025-01-02 03:00:00,100035409,0
2025-01-02 03:00:00,100041114,0
2025-01-02 03:00:00,100047030,1
2025-01-02 03:00:00,100052600,0
2025-01-02 03:00:00,100052602,0
2025-01-02 03:00:00,100052603,0
2025-01-02 03:00:00,100052605,0
2025-01-02 03:00:00,100052606,0
2025-01-02 03:00:00,100053055,0
2025-01-02 03:00:00,100053059,0
2025-01-02 03:00:00,100053210,0
2025-01-02 03:00:00,100054073,0
2025-01-02 03:00:00,100055268,1
2025-01-02 03:00:00,100056188,0
2025-01-02 03:00:00,300014985,1
2025-01-02 03:00:00,300014986,0
2025-01-02 03:00:00,300014993,0
2025-01-02 03:00:00,300014994,0
2025-01-02 03:00:00,300014995,0
2025-01-02 03:00:00,300014996,1
2025-01-02 03:00:00,300020478,1
2025-01-02 03:00:00,300020679,1
2025-01-02 03:00:00,300020816,0
2025-01-02 03:00:00,300020817,1
2025-01-02 03:00:00,300021685,0
2025-01-02 03:00:00,300028650,0
2025-01-02 04:00:00,100001753,0
2025-01-02 04:00:00,100003032,0
2025-01-02 04:00:00,100003040,0
2025-01-02 04:00:00,100003041,0
2025-01-02 04:00:00,100003042,0
2025-01-02 04:00:00,100004575,0
2025-01-02 04:00:00,100007390,107
2025-01-02 04:00:00,100011747,0
2025-01-02 04:00:00,100011783,2
2025-01-02 04:00:00,100012217,0
2025-01-02 04:00:00,100012218,0
2025-01-02 04:00:00,100017441,0
2025-01-02 04:00:00,100017523,0
2025-01-02 04:00:00,100025474,1
2025-01-02 04:00:00,100035408,0
2025-01-02 04:00:00,100035409,0
2025-01-02 04:00:00,100041114,0
2025-01-02 04:00:00,100047030,0
2025-01-02 04:00:00,100052600,1
2025-01-02 04:00:00,100052602,0
2025-01-02 04:00:00,100052603,0
2025-01-02 04:00:00,100052605,0
2025-01-02 04:00:00,100052606,0
2025-01-02 04:00:00,100053055,0
2025-01-02 04:00:00,100053059,1
2025-01-02 04:00:00,100053210,0
2025-01-02 04:00:00,100054073,0
2025-01-02 04:00:00,100055268,1
2025-01-02 04:00:00,100056188,1
2025-01-02 04:00:00,300014985,0
2025-01-02 04:00:00,300014986,0
2025-01-02 04:00:00,300014993,0
2025-01-02 04:00:00,300014994,0
2025-01-02 04:00:00,300014995,0
2025-01-02 04:00:00,300014996,0
2025-01-02 04:00:00,300020478,0
2025-01-02 04:00:00,300020679,6
2025-01-02 04:00:00,300020816,0
2025-01-02 04:00:00,300020817,0
2025-01-02 04:00:00,300021685,0
2025-01-02 04:00:00,300028650,1
2025-01-02 05:00:00,100001753,1
2025-01-02 05:00:00,100003032,2
2025-01-02 05:00:00,100003040,0
2025-01-02 05:00:00,100003041,0
2025-01-02 05:00:00,100003042,0
2025-01-02 05:00:00,100004575,0
2025-01-02 05:00:00,100007390,122
2025-01-02 05:00:00,100011747,0
2025-01-02 05:00:00,100011783,1
2025-01-02 05:00:00,100012217,1
2025-01-02 05:00:00,100012218,0
2025-01-02 05:00:00,100017441,2
2025-01-02 05:00:00,100017523,0
2025-01-02 05:00:00,100025474,1
2025-01-02 05:00:00,100035408,0
2025-01-02 05:00:00,100035409,0
2025-01-02 05:00:00,100041114,0
2025-01-02 05:00:00,100047030,1
2025-01-02 05:00:00,100052600,1
2025-01-02 05:00:00,100052602,0
2025-01-02 05:00:00,100052603,0
2025-01-02 05:00:00,100052605,0
2025-01-02 05:00:00,100052606,0
2025-01-02 05:00:00,100053055,0
2025-01-02 05:00:00,100053059,0
2025-01-02 05:00:00,100053210,2
2025-01-02 05:00:00,100054073,1
2025-01-02 05:00:00,100055268,1
2025-01-02 05:00:00,100056188,0
2025-01-02 05:00:00,300014985,1
2025-01-02 05:00:00,300014986,0
2025-01-02 05:00:00,300014993,1
2025-01-02 05:00:00,300014994,0
2025-01-02 05:00:00,300014995,0
2025-01-02 05:00:00,300014996,0
2025-01-02 05:00:00,300020478,0
2025-01-02 05:00:00,300020679,2
2025-01-02 05:00:00,300020816,0
2025-01-02 05:00:00,300020817,0
2025-01-02 05:00:00,300021685,0
2025-01-02 05:00:00,300028650,1
2025-01-02 06:00:00,100001753,3
2025-01-02 06:00:00,100003032,2
2025-01-02 06:00:00,100003040,0
2025-01-02 06:00:00,100003041,0
2025-01-02 06:00:00,100003042,1
2025-01-02 06:00:00,100004575,0
2025-01-02 06:00:00,100007390,77
2025-01-02 06:00:00,100011747,0
2025-01-02 06:00:00,100011783,1
2025-01-02 06:00:00,100012217,4
2025-01-02 06:00:00,100012218,0
2025-01-02 06:00:00,100017441,3
2025-01-02 06:00:00,100017523,1
2025-01-02 06:00:00,100025474,2
2025-01-02 06:00:00,100035408,0
2025-01-02 06:00:00,100035409,0
2025-01-02 06:00:00,100041114,0
2025-01-02 06:00:00,100047030,0
2025-01-02 06:00:00,100052600,4
2025-01-02 06:00:00,100052602,0
2025-01-02 06:00:00,100052603,1
2025-01-02 06:00:00,100052605,3
2025-01-02 06:00:00,100052606,0
2025-01-02 06:00:00,100053055,0
2025-01-02 06:00:00,100053059,0
2025-01-02 06:00:00,100053210,0
2025-01-02 06:00:00,100054073,0
2025-01-02 06:00:00,100055268,2
2025-01-02 06:00:00,100056188,3
2025-01-02 06:00:00,300014985,5
2025-01-02 06:00:00,300014986,0
2025-01-02 06:00:00,300014993,0
2025-01-02 06:00:00,300014994,2
2025-01-02 06:00:00,300014995,1
2025-01-02 06:00:00,300014996,2
2025-01-02 06:00:00,300020478,1
2025-01-02 06:00:00,300020679,4
2025-01-02 06:00:00,300020816,3
2025-01-02 06:00:00,300020817,0
2025-01-02 06:00:00,300021685,0
2025-01-02 06:00:00,300028650,0
2025-01-02 07:00:00,100001753,5
2025-01-02 07:00:00,100003032,11
2025-01-02 07:00:00,100003040,0
2025-01-02 07:00:00,100003041,2
2025-01-02 07:00:00,100003042,4
2025-01-02 07:00:00,100004575,0
2025-01-02 07:00:00,100007390,33
2025-01-02 07:00:00,100011747,1
2025-01-02 07:00:00,100011783,3
2025-01-02 07:00:00,100012217,9
2025-01-02 07:00:00,100012218,2
2025-01-02 07:00:00,100017441,6
2025-01-02 07:00:00,100017523,3
2025-01-02 07:00:00,100025474,12
2025-01-02 07:00:00,100035408,3
2025-01-02 07:00:00,100035409,0
2025-01-02 07:00:00,100041114,0
2025-01-02 07:00:00,100047030,2
2025-01-02 07:00:00,100052600,6
2025-01-02 07:00:00,100052602,0
2025-01-02 07:00:00,100052603,1
2025-01-02 07:00:00,100052605,2
2025-01-02 07:00:00,100052606,0
2025-01-02 07:00:00,100053055,0
2025-01-02 07:00:00,100053059,1
2025-01-02 07:00:00,100053210,5
2025-01-02 07:00:00,100054073,0
2025-01-02 07:00:00,100055268,3
2025-01-02 07:00:00,100056188,6
2025-01-02 07:00:00,300014985,8
2025-01-02 07:00:00,300014986,2
2025-01-02 07:00:00,300014993,4
2025-01-02 07:00:00,300014994,1
2025-01-02 07:00:00,300014995,1
2025-01-02 07:00:00,300014996,13
2025-01-02 07:00:00,300020478,4
2025-01-02 07:00:00,300020679,14
2025-01-02 07:00:00,300020816,6
2025-01-02 07:00:00,300020817,4
2025-01-02 07:00:00,300021685,0
2025-01-02 07:00:00,300028650,3
2025-01-02 08:00:00,100001753,3
2025-01-02 08:00:00,100003032,10
2025-01-02 08:00:00,100003040,0
2025-01-02 08:00:00,100003041,7
2025-01-02 08:00:00,100003042,8
2025-01-02 08:00:00,100004575,0
2025-01-02 08:00:00,100007390,12
2025-01-02 08:00:00,100011747,0
2025-01-02 08:00:00,100011783,6
2025-01-02 08:00:00,100012217,6
2025-01-02 08:00:00,100012218,0
2025-01-02 08:00:00,100017441,17
2025-01-02 08:00:00,100017523,3
2025-01-02 08:00:00,100025474,12
2025-01-02 08:00:00,100035408,1
2025-01-02 08:00:00,100035409,0
2025-01-02 08:00:00,100041114,3
2025-01-02 08:00:00,100047030,9
2025-01-02 08:00:00,100052600,10
2025-01-02 08:00:00,100052602,0
2025-01-02 08:00:00,100052603,1
2025-01-02 08:00:00,100052605,0
2025-01-02 08:00:00,100052606,5
2025-01-02 08:00:00,100053055,2
2025-01-02 08:00:00,100053059,3
2025-01-02 08:00:00,100053210,0
2025-01-02 08:00:00,100054073,0
2025-01-02 08:00:00,100055268,8
2025-01-02 08:00:00,100056188,7
2025-01-02 08:00:00,300014985,17
2025-01-02 08:00:00,300014986,9
2025-01-02 08:00:00,300014993,3
2025-01-02 08:00:00,300014994,3
2025-01-02 08:00:00,300014995,2
2025-01-02 08:00:00,300014996,19
2025-01-02 08:00:00,300020478,6
2025-01-02 08:00:00,300020679,5
2025-01-02 08:00:00,300020816,8
2025-01-02 08:00:00,300020817,5
2025-01-02 08:00:00,300021685,0
2025-01-02 08:00:00,300028650,3
2025-01-02 09:00:00,100001753,3
2025-01-02 09:00:00,100003032,16
2025-01-02 09:00:00,100003040,0
2025-01-02 09:00:00,100003041,3
2025-01-02 09:00:00,100003042,6
2025-01-02 09:00:00,100004575,0
2025-01-02 09:00:00,100007390,10
2025-01-02 09:00:00,100011747,1
2025-01-02 09:00:00,100011783,8
2025-01-02 09:00:00,100012217,9
2025-01-02 09:00:00,100012218,2
2025-01-02 09:00:00,100017441,11
2025-01-02 09:00:00,100017523,4
2025-01-02 09:00:00,100025474,13
2025-01-02 09:00:00,100035408,1
2025-01-02 09:00:00,100035409,0
2025-01-02 09:00:00,100041114,0
2025-01-02 09:00:00,100047030,8
2025-01-02 09:00:00,100052600,10
2025-01-02 09:00:00,100052602,0
2025-01-02 09:00:00,100052603,3
2025-01-02 09:00:00,100052605,2
2025-01-02 09:00:00,100052606,2
2025-01-02 09:00:00,100053055,0
2025-01-02 09:00:00,100053059,1
2025-01-02 09:00:00,100053210,2
2025-01-02 09:00:00,100054073,2
2025-01-02 09:00:00,100055268,3
2025-01-02 09:00:00,100056188,5
2025-01-02 09:00:00,300014985,11
2025-01-02 09:00:00,300014986,4
2025-01-02 09:00:00,300014993,3
2025-01-02 09:00:00,300014994,3
2025-01-02 09:00:00,300014995,13
2025-01-02 09:00:00,300014996,14
2025-01-02 09:00:00,300020478,3
2025-01-02 09:00:00,300020679,9
2025-01-02 09:00:00,300020816,6
2025-01-02 09:00:00,300020817,3
2025-01-02 09:00:00,300021685,0
2025-01-02 09:00:00,300028650,4
2025-01-02 10:00:00,100001753,3
2025-01-02 10:00:00,100003032,6
2025-01-02 10:00:00,100003040,1
2025-01-02 10:00:00,100003041,5
2025-01-02 10:00:00,100003042,13
2025-01-02 10:00:00,100004575,0
2025-01-02 10:00:00,100007390,20
2025-01-02 10:00:00,100011747,4
2025-01-02 10:00:00,100011783,6
2025-01-02 10:00:00,100012217,8
2025-01-02 10:00:00,100012218,0
2025-01-02 10:00:00,100017441,14
2025-01-02 10:00:00,100017523,1
2025-01-02 10:00:00,100025474,7
2025-01-02 10:00:00,100035408,6
2025-01-02 10:00:00,100035409,0
2025-01-02 10:00:00,100041114,0
2025-01-02 10:00:00,100047030,3
2025-01-02 10:00:00,100052600,9
2025-01-02 10:00:00,100052602,0
2025-01-02 10:00:00,100052603,1
2025-01-02 10:00:00,100052605,0
2025-01-02 10:00:00,100052606,6
2025-01-02 10:00:00,100053055,0
2025-01-02 10:00:00,100053059,1
2025-01-02 10:00:00,100053210,1
2025-01-02 10:00:00,100054073,2
2025-01-02 10:00:00,100055268,2
2025-01-02 10:00:00,100056188,5
2025-01-02 10:00:00,300014985,16
2025-01-02 10:00:00,300014986,9
2025-01-02 10:00:00,300014993,1
2025-01-02 10:00:00,300014994,1
2025-01-02 10:00:00,300014995,8
2025-01-02 10:00:00,300014996,13
2025-01-02 10:00:00,300020478,3
2025-01-02 10:00:00,300020679,21
2025-01-02 10:00:00,300020816,8
2025-01-02 10:00:00,300020817,5
2025-01-02 10:00:00,300021685,0
2025-01-02 10:00:00,300028650,7
2025-01-02 11:00:00,100001753,7
2025-01-02 11:00:00,100003032,12
2025-01-02 11:00:00,100003040,1
2025-01-02 11:00:00,100003041,8
2025-01-02 11:00:00,100003042,7
2025-01-02 11:00:00,100004575,0
2025-01-02 11:00:00,100007390,15
2025-01-02 11:00:00,100011747,0
2025-01-02 11:00:00,100011783,5
2025-01-02 11:00:00,100012217,10
2025-01-02 11:00:00,100012218,0
2025-01-02 11:00:00,100017441,8
2025-01-02 11:00:00,100017523,2
2025-01-02 11:00:00,100025474,23
2025-01-02 11:00:00,100035408,5
2025-01-02 11:00:00,100035409,0
2025-01-02 11:00:00,100041114,2
2025-01-02 11:00:00,100047030,3
2025-01-02 11:00:00,100052600,9
2025-01-02 11:00:00,100052602,2
2025-01-02 11:00:00,100052603,2
2025-01-02 11:00:00,100052605,2
2025-01-02 11:00:00,100052606,7
2025-01-02 11:00:00,100053055,0
2025-01-02 11:00:00,100053059,6
2025-01-02 11:00:00,100053210,2
2025-01-02 11:00:00,100054073,3
2025-01-02 11:00:00,100055268,4
2025-01-02 11:00:00,100056188,14
2025-01-02 11:00:00,300014985,13
2025-01-02 11:00:00,300014986,8
2025-01-02 11:00:00,300014993,1
2025-01-02 11:00:00,300014994,2
2025-01-02 11:00:00,300014995,8
2025-01-02 11:00:00,300014996,9
2025-01-02 11:00:00,300020478,10
2025-01-02 11:00:00,300020679,12
2025-01-02 11:00:00,300020816,9
2025-01-02 11:00:00,300020817,6
2025-01-02 11:00:00,300021685,0
2025-01-02 11:00:00,300028650,10
2025-01-02 12:00:00,100001753,4
2025-01-02 12:00:00,100003032,10
2025-01-02 12:00:00,100003040,2
2025-01-02 12:00:00,100003041,7
2025-01-02 12:00:00,100003042,5
2025-01-02 12:00:00,100004575,0
2025-01-02 12:00:00,100007390,15
2025-01-02 12:00:00,100011747,3
2025-01-02 12:00:00,100011783,2
2025-01-02 12:00:00,100012217,30
2025-01-02 12:00:00,100012218,0
2025-01-02 12:00:00,100017441,11
2025-01-02 12:00:00,100017523,2
2025-01-02 12:00:00,100025474,20
2025-01-02 12:00:00,100035408,1
2025-01-02 12:00:00,100035409,0
2025-01-02 12:00:00,100041114,3
2025-01-02 12:00:00,100047030,2
2025-01-02 12:00:00,100052600,16
2025-01-02 12:00:00,100052602,2
2025-01-02 12:00:00,100052603,4
2025-01-02 12:00:00,100052605,2
2025-01-02 12:00:00,100052606,3
2025-01-02 12:00:00,100053055,1
2025-01-02 12:00:00,100053059,4
2025-01-02 12:00:00,100053210,3
2025-01-02 12:00:00,100054073,2
2025-01-02 12:00:00,100055268,4
2025-01-02 12:00:00,100056188,11
2025-01-02 12:00:00,300014985,13
2025-01-02 12:00:00,300014986,12
2025-01-02 12:00:00,300014993,2
2025-01-02 12:00:00,300014994,0
2025-01-02 12:00:00,300014995,14
2025-01-02 12:00:00,300014996,21
2025-01-02 12:00:00,300020478,8
2025-01-02 12:00:00,300020679,19
2025-01-02 12:00:00,300020816,10
2025-01-02 12:00:00,300020817,5
2025-01-02 12:00:00,300021685,0
2025-01-02 12:00:00,300028650,7
2025-01-02 13:00:00,100001753,3
2025-01-02 13:00:00,100003032,7
2025-01-02 13:00:00,100003040,0
2025-01-02 13:00:00,100003041,4
2025-01-02 13:00:00,100003042,1
2025-01-02 13:00:00,100004575,0
2025-01-02 13:00:00,100007390,27
2025-01-02 13:00:00,100011747,2
2025-01-02 13:00:00,100011783,5
2025-01-02 13:00:00,100012217,15
2025-01-02 13:00:00,100012218,0
2025-01-02 13:00:00,100017441,14
2025-01-02 13:00:00,100017523,3
2025-01-02 13:00:00,100025474,23
2025-01-02 13:00:00,100035408,2
2025-01-02 13:00:00,100035409,0
2025-01-02 13:00:00,100041114,3
2025-01-02 13:00:00,100047030,5
2025-01-02 13:00:00,100052600,7
2025-01-02 13:00:00,100052602,0
2025-01-02 13:00:00,100052603,2
2025-01-02 13:00:00,100052605,0
2025-01-02 13:00:00,100052606,6
2025-01-02 13:00:00,100053055,0
2025-01-02 13:00:00,100053059,1
2025-01-02 13:00:00,100053210,1
2025-01-02 13:00:00,100054073,0
2025-01-02 13:00:00,100055268,2
2025-01-02 13:00:00,100056188,13
2025-01-02 13:00:00,300014985,23
2025-01-02 13:00:00,300014986,14
2025-01-02 13:00:00,300014993,5
2025-01-02 13:00:00,300014994,6
2025-01-02 13:00:00,300014995,10
2025-01-02 13:00:00,300014996,13
2025-01-02 13:00:00,300020478,8
2025-01-02 13:00:00,300020679,19
2025-01-02 13:00:00,300020816,11
2025-01-02 13:00:00,300020817,6
2025-01-02 13:00:00,300021685,0
2025-01-02 13:00:00,300028650,10
2025-01-02 14:00:00,100001753,5
2025-01-02 14:00:00,100003032,17
2025-01-02 14:00:00,100003040,0
2025-01-02 14:00:00,100003041,4
2025-01-02 14:00:00,100003042,10
2025-01-02 14:00:00,100004575,0
2025-01-02 14:00:00,100007390,19
2025-01-02 14:00:00,100011747,4
2025-01-02 14:00:00,100011783,7
2025-01-02 14:00:00,100012217,15
2025-01-02 14:00:00,100012218,0
2025-01-02 14:00:00,100017441,8
2025-01-02 14:00:00,100017523,3
2025-01-02 14:00:00,100025474,30
2025-01-02 14:00:00,100035408,4
2025-01-02 14:00:00,100035409,0
2025-01-02 14:00:00,100041114,1
2025-01-02 14:00:00,100047030,2
2025-01-02 14:00:00,100052600,17
2025-01-02 14:00:00,100052602,0
2025-01-02 14:00:00,100052603,6
2025-01-02 14:00:00,100052605,2
2025-01-02 14:00:00,100052606,3
2025-01-02 14:00:00,100053055,0
2025-01-02 14:00:00,100053059,3
2025-01-02 14:00:00,100053210,3
2025-01-02 14:00:00,100054073,3
2025-01-02 14:00:00,100055268,5
2025-01-02 14:00:00,100056188,21
2025-01-02 14:00:00,300014985,21
2025-01-02 14:00:00,300014986,11
2025-01-02 14:00:00,300014993,7
2025-01-02 14:00:00,300014994,3
2025-01-02 14:00:00,300014995,20
2025-01-02 14:00:00,300014996,12
2025-01-02 14:00:00,300020478,6
2025-01-02 14:00:00,300020679,25
2025-01-02 14:00:00,300020816,13
2025-01-02 14:00:00,300020817,5
2025-01-02 14:00:00,300021685,0
2025-01-02 14:00:00,300028650,10
2025-01-02 15:00:00,100001753,5
2025-01-02 15:00:00,100003032,25
2025-01-02 15:00:00,100003040,1
2025-01-02 15:00:00,100003041,6
2025-01-02 15:00:00,100003042,7
2025-01-02 15:00:00,100004575,0
2025-01-02 15:00:00,100007390,33
2025-01-02 15:00:00,100011747,2
2025-01-02 15:00:00,100011783,6
2025-01-02 15:00:00,100012217,11
2025-01-02 15:00:00,100012218,0
2025-01-02 15:00:00,100017441,16
2025-01-02 15:00:00,100017523,4
2025-01-02 15:00:00,100025474,33
2025-01-02 15:00:00,100035408,3
2025-01-02 15:00:00,100035409,0
2025-01-02 15:00:00,100041114,3
2025-01-02 15:00:00,100047030,3
2025-01-02 15:00:00,100052600,13
2025-01-02 15:00:00,100052602,0
2025-01-02 15:00:00,100052603,3
2025-01-02 15:00:00,100052605,2
2025-01-02 15:00:00,100052606,6
2025-01-02 15:00:00,100053055,2
2025-01-02 15:00:00,100053059,7
2025-01-02 15:00:00,100053210,2
2025-01-02 15:00:00,100054073,1
2025-01-02 15:00:00,100055268,6
2025-01-02 15:00:00,100056188,25
2025-01-02 15:00:00,300014985,16
2025-01-02 15:00:00,300014986,13
2025-01-02 15:00:00,300014993,2
2025-01-02 15:00:00,300014994,5
2025-01-02 15:00:00,300014995,23
2025-01-02 15:00:00,300014996,16
2025-01-02 15:00:00,300020478,10
2025-01-02 15:00:00,300020679,25
2025-01-02 15:00:00,300020816,17
2025-01-02 15:00:00,300020817,8
2025-01-02 15:00:00,300021685,1
2025-01-02 15:00:00,300028650,8
2025-01-02 16:00:00,100001753,6
2025-01-02 16:00:00,100003032,21
2025-01-02 16:00:00,100003040,2
2025-01-02 16:00:00,100003041,6
2025-01-02 16:00:00,100003042,9
2025-01-02 16:00:00,100004575,0
2025-01-02 16:00:00,100007390,37
2025-01-02 16:00:00,100011747,2
2025-01-02 16:00:00,100011783,4
2025-01-02 16:00:00,100012217,22
2025-01-02 16:00:00,100012218,0
2025-01-02 16:00:00,100017441,12
2025-01-02 16:00:00,100017523,2
2025-01-02 16:00:00,100025474,42
2025-01-02 16:00:00,100035408,4
2025-01-02 16:00:00,100035409,0
2025-01-02 16:00:00,100041114,2
2025-01-02 16:00:00,100047030,8
2025-01-02 16:00:00,100052600,18
2025-01-02 16:00:00,100052602,0
2025-01-02 16:00:00,100052603,3
2025-01-02 16:00:00,100052605,5
2025-01-02 16:00:00,100052606,4
2025-01-02 16:00:00,100053055,1
2025-01-02 16:00:00,100053059,7
2025-01-02 16:00:00,100053210,2
2025-01-02 16:00:00,100054073,3
2025-01-02 16:00:00,100055268,9
2025-01-02 16:00:00,100056188,16
2025-01-02 16:00:00,300014985,21
2025-01-02 16:00:00,300014986,25
2025-01-02 16:00:00,300014993,8
2025-01-02 16:00:00,300014994,5
2025-01-02 16:00:00,300014995,28
2025-01-02 16:00:00,300014996,18
2025-01-02 16:00:00,300020478,9
2025-01-02 16:00:00,300020679,32
2025-01-02 16:00:00,300020816,14
2025-01-02 16:00:00,300020817,13
2025-01-02 16:00:00,300021685,0
2025-01-02 16:00:00,300028650,7
2025-01-02 17:00:00,100001753,6
2025-01-02 17:00:00,100003032,16
2025-01-02 17:00:00,100003040,0
2025-01-02 17:00:00,100003041,8
2025-01-02 17:00:00,100003042,7
2025-01-02 17:00:00,100004575,0
2025-01-02 17:00:00,100007390,116
2025-01-02 17:00:00,100011747,3
2025-01-02 17:00:00,100011783,7
2025-01-02 17:00:00,100012217,18
2025-01-02 17:00:00,100012218,0
2025-01-02 17:00:00,100017441,16
2025-01-02 17:00:00,100017523,5
2025-01-02 17:00:00,100025474,45
2025-01-02 17:00:00,100035408,7
2025-01-02 17:00:00,100035409,0
2025-01-02 17:00:00,100041114,1
2025-01-02 17:00:00,100047030,4
2025-01-02 17:00:00,100052600,14
2025-01-02 17:00:00,100052602,0
2025-01-02 17:00:00,100052603,3
2025-01-02 17:00:00,100052605,0
2025-01-02 17:00:00,100052606,3
2025-01-02 17:00:00,100053055,0
2025-01-02 17:00:00,100053059,5
2025-01-02 17:00:00,100053210,0
2025-01-02 17:00:00,100054073,0
2025-01-02 17:00:00,100055268,3
2025-01-02 17:00:00,100056188,19
2025-01-02 17:00:00,300014985,27
2025-01-02 17:00:00,300014986,20
2025-01-02 17:00:00,300014993,1
2025-01-02 17:00:00,300014994,5
2025-01-02 17:00:00,300014995,39
2025-01-02 17:00:00,300014996,19
2025-01-02 17:00:00,300020478,7
2025-01-02 17:00:00,300020679,28
2025-01-02 17:00:00,300020816,23
2025-01-02 17:00:00,300020817,13
2025-01-02 17:00:00,300021685,0
2025-01-02 17:00:00,300028650,7
2025-01-02 18:00:00,100001753,1
2025-01-02 18:00:00,100003032,9
2025-01-02 18:00:00,100003040,1
2025-01-02 18:00:00,100003041,7
2025-01-02 18:00:00,100003042,14
2025-01-02 18:00:00,100004575,0
2025-01-02 18:00:00,100007390,105
2025-01-02 18:00:00,100011747,5
2025-01-02 18:00:00,100011783,5
2025-01-02 18:00:00,100012217,15
2025-01-02 18:00:00,100012218,0
2025-01-02 18:00:00,100017441,17
2025-01-02 18:00:00,100017523,5
2025-01-02 18:00:00,100025474,23
2025-01-02 18:00:00,100035408,2
2025-01-02 18:00:00,100035409,0
2025-01-02 18:00:00,100041114,4
2025-01-02 18:00:00,100047030,4
2025-01-02 18:00:00,100052600,8
2025-01-02 18:00:00,100052602,0
2025-01-02 18:00:00,100052603,2
2025-01-02 18:00:00,100052605,0
2025-01-02 18:00:00,100052606,4
2025-01-02 18:00:00,100053055,2
2025-01-02 18:00:00,100053059,6
2025-01-02 18:00:00,100053210,3
2025-01-02 18:00:00,100054073,3
2025-01-02 18:00:00,100055268,1
2025-01-02 18:00:00,100056188,10
2025-01-02 18:00:00,300014985,14
2025-01-02 18:00:00,300014986,22
2025-01-02 18:00:00,300014993,1
2025-01-02 18:00:00,300014994,1
2025-01-02 18:00:00,300014995,14
2025-01-02 18:00:00,300014996,20
2025-01-02 18:00:00,300020478,6
2025-01-02 18:00:00,300020679,30
2025-01-02 18:00:00,300020816,7
2025-01-02 18:00:00,300020817,14
2025-01-02 18:00:00,300021685,0
2025-01-02 18:00:00,300028650,3
2025-01-02 19:00:00,100001753,2
2025-01-02 19:00:00,100003032,9
2025-01-02 19:00:00,100003040,0
2025-01-02 19:00:00,100003041,8
2025-01-02 19:00:00,100003042,8
2025-01-02 19:00:00,100004575,0
2025-01-02 19:00:00,100007390,113
2025-01-02 19:00:00,100011747,2
2025-01-02 19:00:00,100011783,3
2025-01-02 19:00:00,100012217,9
2025-01-02 19:00:00,100012218,0
2025-01-02 19:00:00,100017441,4
2025-01-02 19:00:00,100017523,2
2025-01-02 19:00:00,100025474,14
2025-01-02 19:00:00,100035408,1
2025-01-02 19:00:00,100035409,0
2025-01-02 19:00:00,100041114,0
2025-01-02 19:00:00,100047030,1
2025-01-02 19:00:00,100052600,7
2025-01-02 19:00:00,100052602,0
2025-01-02 19:00:00,100052603,1
2025-01-02 19:00:00,100052605,4
2025-01-02 19:00:00,100052606,8
2025-01-02 19:00:00,100053055,0
2025-01-02 19:00:00,100053059,4
2025-01-02 19:00:00,100053210,1
2025-01-02 19:00:00,100054073,1
2025-01-02 19:00:00,100055268,9
2025-01-02 19:00:00,100056188,10
2025-01-02 19:00:00,300014985,14
2025-01-02 19:00:00,300014986,13
2025-01-02 19:00:00,300014993,3
2025-01-02 19:00:00,300014994,1
2025-01-02 19:00:00,300014995,14
2025-01-02 19:00:00,300014996,8
2025-01-02 19:00:00,300020478,3
2025-01-02 19:00:00,300020679,14
2025-01-02 19:00:00,300020816,10
2025-01-02 19:00:00,300020817,8
2025-01-02 19:00:00,300021685,0
2025-01-02 19:00:00,300028650,5
2025-01-02 20:00:00,100001753,3
2025-01-02 20:00:00,100003032,9
2025-01-02 20:00:00,100003040,0
2025-01-02 20:00:00,100003041,6
2025-01-02 20:00:00,100003042,5
2025-01-02 20:00:00,100004575,0
2025-01-02 20:00:00,100007390,100
2025-01-02 20:00:00,100011747,3
2025-01-02 20:00:00,100011783,12
2025-01-02 20:00:00,100012217,8
2025-01-02 20:00:00,100012218,0
2025-01-02 20:00:00,100017441,8
2025-01-02 20:00:00,100017523,0
2025-01-02 20:00:00,100025474,17
2025-01-02 20:00:00,100035408,0
2025-01-02 20:00:00,100035409,0
2025-01-02 20:00:00,100041114,0
2025-01-02 20:00:00,100047030,3
2025-01-02 20:00:00,100052600,10
2025-01-02 20:00:00,100052602,0
2025-01-02 20:00:00,100052603,0
2025-01-02 20:00:00,100052605,0
2025-01-02 20:00:00,100052606,1
2025-01-02 20:00:00,100053055,0
2025-01-02 20:00:00,100053059,2
2025-01-02 20:00:00,100053210,1
2025-01-02 20:00:00,100054073,0
2025-01-02 20:00:00,100055268,3
2025-01-02 20:00:00,100056188,5
2025-01-02 20:00:00,300014985,5
2025-01-02 20:00:00,300014986,9
2025-01-02 20:00:00,300014993,2
2025-01-02 20:00:00,300014994,2
2025-01-02 20:00:00,300014995,10
2025-01-02 20:00:00,300014996,8
2025-01-02 20:00:00,300020478,9
2025-01-02 20:00:00,300020679,10
2025-01-02 20:00:00,300020816,6
2025-01-02 20:00:00,300020817,2
2025-01-02 20:00:00,300021685,0
2025-01-02 20:00:00,300028650,5
2025-01-02 21:00:00,100001753,7
2025-01-02 21:00:00,100003032,7
2025-01-02 21:00:00,100003040,0
2025-01-02 21:00:00,100003041,1
2025-01-02 21:00:00,100003042,3
2025-01-02 21:00:00,100004575,0
2025-01-02 21:00:00,100007390,180
2025-01-02 21:00:00,100011747,2
2025-01-02 21:00:00,100011783,3
2025-01-02 21:00:00,100012217,6
2025-01-02 21:00:00,100012218,0
2025-01-02 21:00:00,100017441,9
2025-01-02 21:00:00,100017523,0
2025-01-02 21:00:00,100025474,21
2025-01-02 21:00:00,100035408,0
2025-01-02 21:00:00,100035409,0
2025-01-02 21:00:00,100041114,0
2025-01-02 21:00:00,100047030,4
2025-01-02 21:00:00,100052600,5
2025-01-02 21:00:00,100052602,0
2025-01-02 21:00:00,100052603,1
2025-01-02 21:00:00,100052605,0
2025-01-02 21:00:00,100052606,4
2025-01-02 21:00:00,100053055,0
2025-01-02 21:00:00,100053059,2
2025-01-02 21:00:00,100053210,1
2025-01-02 21:00:00,100054073,2
2025-01-02 21:00:00,100055268,4
2025-01-02 21:00:00,100056188,6
2025-01-02 21:00:00,300014985,5
2025-01-02 21:00:00,300014986,7
2025-01-02 21:00:00,300014993,3
2025-01-02 21:00:00,300014994,1
2025-01-02 21:00:00,300014995,13
2025-01-02 21:00:00,300014996,5
2025-01-02 21:00:00,300020478,3
2025-01-02 21:00:00,300020679,8
2025-01-02 21:00:00,300020816,7
2025-01-02 21:00:00,300020817,3
2025-01-02 21:00:00,300021685,0
2025-01-02 21:00:00,300028650,3
2025-01-02 22:00:00,100001753,2
2025-01-02 22:00:00,100003032,8
2025-01-02 22:00:00,100003040,0
2025-01-02 22:00:00,100003041,1
2025-01-02 22:00:00,100003042,2
2025-01-02 22:00:00,100004575,0
2025-01-02 22:00:00,100007390,222
2025-01-02 22:00:00,100011747,1
2025-01-02 22:00:00,100011783,3
2025-01-02 22:00:00,100012217,8
2025-01-02 22:00:00,100012218,0
2025-01-02 22:00:00,100017441,0
2025-01-02 22:00:00,100017523,1
2025-01-02 22:00:00,100025474,34
2025-01-02 22:00:00,100035408,2
2025-01-02 22:00:00,100035409,0
2025-01-02 22:00:00,100041114,0
2025-01-02 22:00:00,100047030,1
2025-01-02 22:00:00,100052600,6
2025-01-02 22:00:00,100052602,0
2025-01-02 22:00:00,100052603,1
2025-01-02 22:00:00,100052605,1
2025-01-02 22:00:00,100052606,2
2025-01-02 22:00:00,100053055,0
2025-01-02 22:00:00,100053059,1
2025-01-02 22:00:00,100053210,0
2025-01-02 22:00:00,100054073,1
2025-01-02 22:00:00,100055268,3
2025-01-02 22:00:00,100056188,10
2025-01-02 22:00:00,300014985,5
2025-01-02 22:00:00,300014986,10
2025-01-02 22:00:00,300014993,0
2025-01-02 22:00:00,300014994,0
2025-01-02 22:00:00,300014995,16
2025-01-02 22:00:00,300014996,1
2025-01-02 22:00:00,300020478,0
2025-01-02 22:00:00,300020679,7
2025-01-02 22:00:00,300020816,3
2025-01-02 22:00:00,300020817,2
2025-01-02 22:00:00,300021685,0
2025-01-02 22:00:00,300028650,0
2025-01-02 23:00:00,100001753,2
2025-01-02 23:00:00,100003032,5
2025-01-02 23:00:00,100003040,0
2025-01-02 23:00:00,100003041,4
2025-01-02 23:00:00,100003042,2
2025-01-02 23:00:00,100004575,0
2025-01-02 23:00:00,100007390,165
2025-01-02 23:00:00,100011747,0
2025-01-02 23:00:00,100011783,1
2025-01-02 23:00:00,100012217,3
2025-01-02 23:00:00,100012218,0
2025-01-02 23:00:00,100017441,2
2025-01-02 23:00:00,100017523,0
2025-01-02 23:00:00,100025474,7
2025-01-02 23:00:00,100035408,2
2025-01-02 23:00:00,100035409,0
2025-01-02 23:00:00,100041114,0
2025-01-02 23:00:00,100047030,1
2025-01-02 23:00:00,100052600,6
2025-01-02 23:00:00,100052602,0
2025-01-02 23:00:00,100052603,0
2025-01-02 23:00:00,100052605,0
2025-01-02 23:00:00,100052606,1
2025-01-02 23:00:00,100053055,2
2025-01-02 23:00:00,100053059,0
2025-01-02 23:00:00,100053210,0
2025-01-02 23:00:00,100054073,0
2025-01-02 23:00:00,100055268,0
2025-01-02 23:00:00,100056188,8
2025-01-02 23:00:00,300014985,3
2025-01-02 23:00:00,300014986,4
2025-01-02 23:00:00,300014993,1
2025-01-02 23:00:00,300014994,3
2025-01-02 23:00:00,300014995,8
2025-01-02 23:00:00,300014996,2
2025-01-02 23:00:00,300020478,0
2025-01-02 23:00:00,300020679,5
2025-01-02 23:00:00,300020816,2
2025-01-02 23:00:00,300020817,4
2025-01-02 23:00:00,300021685,0
2025-01-02 23:00:00,300028650,0
2025-01-03 00:00:00,100001753,1
2025-01-03 00:00:00,100003032,5
2025-01-03 00:00:00,100003040,0
2025-01-03 00:00:00,100003041,1
2025-01-03 00:00:00,100003042,0
2025-01-03 00:00:00,100004575,0
2025-01-03 00:00:00,100007390,152
2025-01-03 00:00:00,100011747,2
2025-01-03 00:00:00,100011783,0
2025-01-03 00:00:00,100012217,1
2025-01-03 00:00:00,100012218,0
2025-01-03 00:00:00,100017441,0
2025-01-03 00:00:00,100017523,1
2025-01-03 00:00:00,100025474,4
2025-01-03 00:00:00,100035408,1
2025-01-03 00:00:00,100035409,0
2025-01-03 00:00:00,100041114,0
2025-01-03 00:00:00,100047030,1
2025-01-03 00:00:00,100052600,2
2025-01-03 00:00:00,100052602,0
2025-01-03 00:00:00,100052603,0
2025-01-03 00:00:00,100052605,0
2025-01-03 00:00:00,100052606,2
2025-01-03 00:00:00,100053055,0
2025-01-03 00:00:00,100053059,0
2025-01-03 00:00:00,100053210,0
2025-01-03 00:00:00,100054073,0
2025-01-03 00:00:00,100055268,1
2025-01-03 00:00:00,100056188,9
2025-01-03 00:00:00,300014985,1
2025-01-03 00:00:00,300014986,3
2025-01-03 00:00:00,300014993,0
2025-01-03 00:00:00,300014994,0
2025-01-03 00:00:00,300014995,7
2025-01-03 00:00:00,300014996,2
2025-01-03 00:00:00,300020478,0
2025-01-03 00:00:00,300020679,2
2025-01-03 00:00:00,300020816,3
2025-01-03 00:00:00,300020817,1
2025-01-03 00:00:00,300021685,0
2025-01-03 00:00:00,300028650,1
2025-01-03 01:00:00,100001753,1
2025-01-03 01:00:00,100003032,0
2025-01-03 01:00:00,100003040,0
2025-01-03 01:00:00,100003041,1
2025-01-03 01:00:00,100003042,0
2025-01-03 01:00:00,100004575,0
2025-01-03 01:00:00,100007390,178
2025-01-03 01:00:00,100011747,1
2025-01-03 01:00:00,100011783,0
2025-01-03 01:00:00,100012217,0
2025-01-03 01:00:00,100012218,0
2025-01-03 01:00:00,100017441,1
2025-01-03 01:00:00,100017523,0
2025-01-03 01:00:00,100025474,0
2025-01-03 01:00:00,100035408,0
2025-01-03 01:00:00,100035409,0
2025-01-03 01:00:00,100041114,0
2025-01-03 01:00:00,100047030,0
2025-01-03 01:00:00,100052600,5
2025-01-03 01:00:00,100052602,0
2025-01-03 01:00:00,100052603,3
2025-01-03 01:00:00,100052605,0
2025-01-03 01:00:00,100052606,1
2025-01-03 01:00:00,100053055,0
2025-01-03 01:00:00,100053059,0
2025-01-03 01:00:00,100053210,0
2025-01-03 01:00:00,100054073,0
2025-01-03 01:00:00,100055268,1
2025-01-03 01:00:00,100056188,0
2025-01-03 01:00:00,300014985,4
2025-01-03 01:00:00,300014986,4
2025-01-03 01:00:00,300014993,1
2025-01-03 01:00:00,300014994,0
2025-01-03 01:00:00,300014995,2
2025-01-03 01:00:00,300014996,2
2025-01-03 01:00:00,300020478,0
2025-01-03 01:00:00,300020679,0
2025-01-03 01:00:00,300020816,0
2025-01-03 01:00:00,300020817,0
2025-01-03 01:00:00,300021685,0
2025-01-03 01:00:00,300028650,2
2025-01-03 02:00:00,100001753,0
2025-01-03 02:00:00,100003032,1
2025-01-03 02:00:00,100003040,0
2025-01-03 02:00:00,100003041,1
2025-01-03 02:00:00,100003042,1
2025-01-03 02:00:00,100004575,0
2025-01-03 02:00:00,100007390,185
2025-01-03 02:00:00,100011747,0
2025-01-03 02:00:00,100011783,0
2025-01-03 02:00:00,100012217,0
2025-01-03 02:00:00,100012218,0
2025-01-03 02:00:00,100017441,0
2025-01-03 02:00:00,100017523,0
2025-01-03 02:00:00,100025474,3
2025-01-03 02:00:00,100035408,0
2025-01-03 02:00:00,100035409,0
2025-01-03 02:00:00,100041114,0
2025-01-03 02:00:00,100047030,1
2025-01-03 02:00:00,100052600,1
2025-01-03 02:00:00,100052602,0
2025-01-03 02:00:00,100052603,0
2025-01-03 02:00:00,100052605,0
2025-01-03 02:00:00,100052606,0
2025-01-03 02:00:00,100053055,0
2025-01-03 02:00:00,100053059,0
2025-01-03 02:00:00,100053210,0
2025-01-03 02:00:00,100054073,0
2025-01-03 02:00:00,100055268,1
2025-01-03 02:00:00,100056188,0
2025-01-03 02:00:00,300014985,2
2025-01-03 02:00:00,300014986,2
2025-01-03 02:00:00,300014993,3
2025-01-03 02:00:00,300014994,0
2025-01-03 02:00:00,300014995,0
2025-01-03 02:00:00,300014996,2
2025-01-03 02:00:00,300020478,0
2025-01-03 02:00:00,300020679,2
2025-01-03 02:00:00,300020816,1
2025-01-03 02:00:00,300020817,1
2025-01-03 02:00:00,300021685,0
2025-01-03 02:00:00,300028650,0
2025-01-03 03:00:00,100001753,0
2025-01-03 03:00:00,100003032,2
2025-01-03 03:00:00,100003040,0
2025-01-03 03:00:00,100003041,0
2025-01-03 03:00:00,100003042,0
2025-01-03 03:00:00,100004575,0
2025-01-03 03:00:00,100007390,195
2025-01-03 03:00:00,100011747,1
2025-01-03 03:00:00,100011783,0
2025-01-03 03:00:00,100012217,2
2025-01-03 03:00:00,100012218,0
2025-01-03 03:00:00,100017441,1
2025-01-03 03:00:00,100017523,0
2025-01-03 03:00:00,100025474,2
2025-01-03 03:00:00,100035408,0
2025-01-03 03:00:00,100035409,0
2025-01-03 03:00:00,100041114,0
2025-01-03 03:00:00,100047030,4
2025-01-03 03:00:00,100052600,0
2025-01-03 03:00:00,100052602,0
2025-01-03 03:00:00,100052603,0
2025-01-03 03:00:00,100052605,0
2025-01-03 03:00:00,100052606,0
2025-01-03 03:00:00,100053055,0
2025-01-03 03:00:00,100053059,0
2025-01-03 03:00:00,100053210,0
2025-01-03 03:00:00,100054073,0
2025-01-03 03:00:00,100055268,0
2025-01-03 03:00:00,100056188,0
2025-01-03 03:00:00,300014985,0
2025-01-03 03:00:00,300014986,0
2025-01-03 03:00:00,300014993,0
2025-01-03 03:00:00,300014994,1
2025-01-03 03:00:00,300014995,0
2025-01-03 03:00:00,300014996,0
2025-01-03 03:00:00,300020478,0
2025-01-03 03:00:00,300020679,1
2025-01-03 03:00:00,300020816,2
2025-01-03 03:00:00,300020817,0
2025-01-03 03:00:00,300021685,0
2025-01-03 03:00:00,300028650,0
2025-01-03 04:00:00,100001753,1
2025-01-03 04:00:00,100003032,1
2025-01-03 04:00:00,100003040,0
2025-01-03 04:00:00,100003041,0
2025-01-03 04:00:00,100003042,0
2025-01-03 04:00:00,100004575,0
2025-01-03 04:00:00,100007390,162
2025-01-03 04:00:00,100011747,0
2025-01-03 04:00:00,100011783,0
2025-01-03 04:00:00,100012217,0
2025-01-03 04:00:00,100012218,0
2025-01-03 04:00:00,100017441,0
2025-01-03 04:00:00,100017523,0
2025-01-03 04:00:00,100025474,0
2025-01-03 04:00:00,100035408,0
2025-01-03 04:00:00,100035409,0
2025-01-03 04:00:00,100041114,0
2025-01-03 04:00:00,100047030,0
2025-01-03 04:00:00,100052600,0
2025-01-03 04:00:00,100052602,0
2025-01-03 04:00:00,100052603,0
2025-01-03 04:00:00,100052605,0
2025-01-03 04:00:00,100052606,0
2025-01-03 04:00:00,100053055,0
2025-01-03 04:00:00,100053059,1
2025-01-03 04:00:00,100053210,1
2025-01-03 04:00:00,100054073,0
2025-01-03 04:00:00,100055268,0
2025-01-03 04:00:00,100056188,1
2025-01-03 04:00:00,300014985,3
2025-01-03 04:00:00,300014986,0
2025-01-03 04:00:00,300014993,0
2025-01-03 04:00:00,300014994,1
2025-01-03 04:00:00,300014995,0
2025-01-03 04:00:00,300014996,2
2025-01-03 04:00:00,300020478,0
2025-01-03 04:00:00,300020679,0
2025-01-03 04:00:00,300020816,2
2025-01-03 04:00:00,300020817,0
2025-01-03 04:00:00,300021685,1
2025-01-03 04:00:00,300028650,0
2025-01-03 05:00:00,100001753,1
2025-01-03 05:00:00,100003032,1
2025-01-03 05:00:00,100003040,0
2025-01-03 05:00:00,100003041,0
2025-01-03 05:00:00,100003042,0
2025-01-03 05:00:00,100004575,0
2025-01-03 05:00:00,100007390,162
2025-01-03 05:00:00,100011747,0
2025-01-03 05:00:00,100011783,2
2025-01-03 05:00:00,100012217,1
2025-01-03 05:00:00,100012218,0
2025-01-03 05:00:00,100017441,0
2025-01-03 05:00:00,100017523,0
2025-01-03 05:00:00,100025474,3
2025-01-03 05:00:00,100035408,1
2025-01-03 05:00:00,100035409,0
2025-01-03 05:00:00,100041114,0
2025-01-03 05:00:00,100047030,0
2025-01-03 05:00:00,100052600,2
2025-01-03 05:00:00,100052602,0
2025-01-03 05:00:00,100052603,0
2025-01-03 05:00:00,100052605,0
2025-01-03 05:00:00,100052606,1
2025-01-03 05:00:00,100053055,0
2025-01-03 05:00:00,100053059,0
2025-01-03 05:00:00,100053210,0
2025-01-03 05:00:00,100054073,1
2025-01-03 05:00:00,100055268,1
2025-01-03 05:00:00,100056188,0
2025-01-03 05:00:00,300014985,3
2025-01-03 05:00:00,300014986,2
2025-01-03 05:00:00,300014993,2
2025-01-03 05:00:00,300014994,0
2025-01-03 05:00:00,300014995,3
2025-01-03 05:00:00,300014996,2
2025-01-03 05:00:00,300020478,0
2025-01-03 05:00:00,300020679,3
2025-01-03 05:00:00,300020816,0
2025-01-03 05:00:00,300020817,0
2025-01-03 05:00:00,300021685,0
2025-01-03 05:00:00,300028650,0
2025-01-03 06:00:00,100001753,4
2025-01-03 06:00:00,100003032,5
2025-01-03 06:00:00,100003040,0
2025-01-03 06:00:00,100003041,4
2025-01-03 06:00:00,100003042,1
2025-01-03 06:00:00,100004575,0
2025-01-03 06:00:00,100007390,195
2025-01-03 06:00:00,100011747,1
2025-01-03 06:00:00,100011783,4
2025-01-03 06:00:00,100012217,4
2025-01-03 06:00:00,100012218,0
2025-01-03 06:00:00,100017441,4
2025-01-03 06:00:00,100017523,2
2025-01-03 06:00:00,100025474,22
2025-01-03 06:00:00,100035408,1
2025-01-03 06:00:00,100035409,0
2025-01-03 06:00:00,100041114,2
2025-01-03 06:00:00,100047030,2
2025-01-03 06:00:00,100052600,2
2025-01-03 06:00:00,100052602,0
2025-01-03 06:00:00,100052603,1
2025-01-03 06:00:00,100052605,4
2025-01-03 06:00:00,100052606,1
2025-01-03 06:00:00,100053055,0
2025-01-03 06:00:00,100053059,2
2025-01-03 06:00:00,100053210,3
2025-01-03 06:00:00,100054073,1
2025-01-03 06:00:00,100055268,0
2025-01-03 06:00:00,100056188,7
2025-01-03 06:00:00,300014985,7
2025-01-03 06:00:00,300014986,1
2025-01-03 06:00:00,300014993,1
2025-01-03 06:00:00,300014994,0
2025-01-03 06:00:00,300014995,1
2025-01-03 06:00:00,300014996,6
2025-01-03 06:00:00,300020478,1
2025-01-03 06:00:00,300020679,12
2025-01-03 06:00:00,300020816,2
2025-01-03 06:00:00,300020817,1
2025-01-03 06:00:00,300021685,0
2025-01-03 06:00:00,300028650,3
2025-01-03 07:00:00,100001753,2
2025-01-03 07:00:00,100003032,16
2025-01-03 07:00:00,100003040,0
2025-01-03 07:00:00,100003041,6
2025-01-03 07:00:00,100003042,8
2025-01-03 07:00:00,100004575,0
2025-01-03 07:00:00,100007390,224
2025-01-03 07:00:00,100011747,0
2025-01-03 07:00:00,100011783,6
2025-01-03 07:00:00,100012217,9
2025-01-03 07:00:00,100012218,0
2025-01-03 07:00:00,100017441,12
2025-01-03 07:00:00,100017523,2
2025-01-03 07:00:00,100025474,23
2025-01-03 07:00:00,100035408,2
2025-01-03 07:00:00,100035409,0
2025-01-03 07:00:00,100041114,2
2025-01-03 07:00:00,100047030,2
2025-01-03 07:00:00,100052600,11
2025-01-03 07:00:00,100052602,0
2025-01-03 07:00:00,100052603,3
2025-01-03 07:00:00,100052605,0
2025-01-03 07:00:00,100052606,1
2025-01-03 07:00:00,100053055,0
2025-01-03 07:00:00,100053059,3
2025-01-03 07:00:00,100053210,0
2025-01-03 07:00:00,100054073,1
2025-01-03 07:00:00,100055268,9
2025-01-03 07:00:00,100056188,6
2025-01-03 07:00:00,300014985,8
2025-01-03 07:00:00,300014986,4
2025-01-03 07:00:00,300014993,4
2025-01-03 07:00:00,300014994,5
2025-01-03 07:00:00,300014995,2
2025-01-03 07:00:00,300014996,21
2025-01-03 07:00:00,300020478,7
2025-01-03 07:00:00,300020679,15
2025-01-03 07:00:00,300020816,4
2025-01-03 07:00:00,300020817,6
2025-01-03 07:00:00,300021685,0
2025-01-03 07:00:00,300028650,3
2025-01-03 08:00:00,100001753,6
2025-01-03 08:00:00,100003032,25
2025-01-03 08:00:00,100003040,0
2025-01-03 08:00:00,100003041,9
2025-01-03 08:00:00,100003042,9
2025-01-03 08:00:00,100004575,0
2025-01-03 08:00:00,100007390,28
2025-01-03 08:00:00,100011747,2
2025-01-03 08:00:00,100011783,3
2025-01-03 08:00:00,100012217,10
2025-01-03 08:00:00,100012218,0
2025-01-03 08:00:00,100017441,20
2025-01-03 08:00:00,100017523,7
2025-01-03 08:00:00,100025474,30
2025-01-03 08:00:00,100035408,2
2025-01-03 08:00:00,100035409,0
2025-01-03 08:00:00,100041114,4
2025-01-03 08:00:00,100047030,11
2025-01-03 08:00:00,100052600,11
2025-01-03 08:00:00,100052602,0
2025-01-03 08:00:00,100052603,3
2025-01-03 08:00:00,100052605,2
2025-01-03 08:00:00,100052606,2
2025-01-03 08:00:00,100053055,1
2025-01-03 08:00:00,100053059,3
2025-01-03 08:00:00,100053210,1
2025-01-03 08:00:00,100054073,0
2025-01-03 08:00:00,100055268,4
2025-01-03 08:00:00,100056188,9
2025-01-03 08:00:00,300014985,26
2025-01-03 08:00:00,300014986,8
2025-01-03 08:00:00,300014993,5
2025-01-03 08:00:00,300014994,3
2025-01-03 08:00:00,300014995,1
2025-01-03 08:00:00,300014996,20
2025-01-03 08:00:00,300020478,10
2025-01-03 08:00:00,300020679,24
2025-01-03 08:00:00,300020816,9
2025-01-03 08:00:00,300020817,4
2025-01-03 08:00:00,300021685,0
2025-01-03 08:00:00,300028650,3
2025-01-03 09:00:00,100001753,6
2025-01-03 09:00:00,100003032,17
2025-01-03 09:00:00,100003040,0
2025-01-03 09:00:00,100003041,5
2025-01-03 09:00:00,100003042,5
2025-01-03 09:00:00,100004575,0
2025-01-03 09:00:00,100007390,9
2025-01-03 09:00:00,100011747,2
2025-01-03 09:00:00,100011783,9
2025-01-03 09:00:00,100012217,15
2025-01-03 09:00:00,100012218,0
2025-01-03 09:00:00,100017441,7
2025-01-03 09:00:00,100017523,2
2025-01-03 09:00:00,100025474,11
2025-01-03 09:00:00,100035408,4
2025-01-03 09:00:00,100035409,0
2025-01-03 09:00:00,100041114,2
2025-01-03 09:00:00,100047030,5
2025-01-03 09:00:00,100052600,11
2025-01-03 09:00:00,100052602,0
2025-01-03 09:00:00,100052603,4
2025-01-03 09:00:00,100052605,1
2025-01-03 09:00:00,100052606,10
2025-01-03 09:00:00,100053055,1
2025-01-03 09:00:00,100053059,3
2025-01-03 09:00:00,100053210,4
2025-01-03 09:00:00,100054073,2
2025-01-03 09:00:00,100055268,2
2025-01-03 09:00:00,100056188,8
2025-01-03 09:00:00,300014985,10
2025-01-03 09:00:00,300014986,6
2025-01-03 09:00:00,300014993,1
2025-01-03 09:00:00,300014994,2
2025-01-03 09:00:00,300014995,11
2025-01-03 09:00:00,300014996,16
2025-01-03 09:00:00,300020478,6
2025-01-03 09:00:00,300020679,20
2025-01-03 09:00:00,300020816,7
2025-01-03 09:00:00,300020817,8
2025-01-03 09:00:00,300021685,0
2025-01-03 09:00:00,300028650,1
2025-01-03 10:00:00,100001753,5
2025-01-03 10:00:00,100003032,16
2025-01-03 10:00:00,100003040,0
2025-01-03 10:00:00,100003041,4
2025-01-03 10:00:00,100003042,8
2025-01-03 10:00:00,100004575,0
2025-01-03 10:00:00,100007390,13
2025-01-03 10:00:00,100011747,4
2025-01-03 10:00:00,100011783,6
2025-01-03 10:00:00,100012217,13
2025-01-03 10:00:00,100012218,0
2025-01-03 10:00:00,100017441,12
2025-01-03 10:00:00,100017523,4
2025-01-03 10:00:00,100025474,16
2025-01-03 10:00:00,100035408,6
2025-01-03 10:00:00,100035409,1
2025-01-03 10:00:00,100041114,0
2025-01-03 10:00:00,100047030,3
2025-01-03 10:00:00,100052600,13
2025-01-03 10:00:00,100052602,2
2025-01-03 10:00:00,100052603,5
2025-01-03 10:00:00,100052605,2
2025-01-03 10:00:00,100052606,1
2025-01-03 10:00:00,100053055,3
2025-01-03 10:00:00,100053059,4
2025-01-03 10:00:00,100053210,4
2025-01-03 10:00:00,100054073,1
2025-01-03 10:00:00,100055268,2
2025-01-03 10:00:00,100056188,9
2025-01-03 10:00:00,300014985,11
2025-01-03 10:00:00,300014986,10
2025-01-03 10:00:00,300014993,2
2025-01-03 10:00:00,300014994,1
2025-01-03 10:00:00,300014995,8
2025-01-03 10:00:00,300014996,10
2025-01-03 10:00:00,300020478,4
2025-01-03 10:00:00,300020679,19
2025-01-03 10:00:00,300020816,9
2025-01-03 10:00:00,300020817,6
2025-01-03 10:00:00,300021685,0
2025-01-03 10:00:00,300028650,4
2025-01-03 11:00:00,100001753,5
2025-01-03 11:00:00,100003032,15
2025-01-03 11:00:00,100003040,0
2025-01-03 11:00:00,100003041,5
2025-01-03 11:00:00,100003042,7
2025-01-03 11:00:00,100004575,0
2025-01-03 11:00:00,100007390,14
2025-01-03 11:00:00,100011747,2
2025-01-03 11:00:00,100011783,7
2025-01-03 11:00:00,100012217,11
2025-01-03 11:00:00,100012218,0
2025-01-03 11:00:00,100017441,10
2025-01-03 11:00:00,100017523,7
2025-01-03 11:00:00,100025474,81
2025-01-03 11:00:00,100035408,1
2025-01-03 11:00:00,100035409,0
2025-01-03 11:00:00,100041114,4
2025-01-03 11:00:00,100047030,8
2025-01-03 11:00:00,100052600,10
2025-01-03 11:00:00,100052602,0
2025-01-03 11:00:00,100052603,3
2025-01-03 11:00:00,100052605,2
2025-01-03 11:00:00,100052606,3
2025-01-03 11:00:00,100053055,0
2025-01-03 11:00:00,100053059,4
2025-01-03 11:00:00,100053210,3
2025-01-03 11:00:00,100054073,1
2025-01-03 11:00:00,100055268,2
2025-01-03 11:00:00,100056188,10
2025-01-03 11:00:00,300014985,22
2025-01-03 11:00:00,300014986,14
2025-01-03 11:00:00,300014993,3
2025-01-03 11:00:00,300014994,4
2025-01-03 11:00:00,300014995,19
2025-01-03 11:00:00,300014996,17
2025-01-03 11:00:00,300020478,7
2025-01-03 11:00:00,300020679,28
2025-01-03 11:00:00,300020816,11
2025-01-03 11:00:00,300020817,4
2025-01-03 11:00:00,300021685,0
2025-01-03 11:00:00,300028650,10
2025-01-03 12:00:00,100001753,5
2025-01-03 12:00:00,100003032,19
2025-01-03 12:00:00,100003040,3
2025-01-03 12:00:00,100003041,8
2025-01-03 12:00:00,100003042,10
2025-01-03 12:00:00,100004575,0
2025-01-03 12:00:00,100007390,25
2025-01-03 12:00:00,100011747,1
2025-01-03 12:00:00,100011783,7
2025-01-03 12:00:00,100012217,13
2025-01-03 12:00:00,100012218,0
2025-01-03 12:00:00,100017441,8
2025-01-03 12:00:00,100017523,6
2025-01-03 12:00:00,100025474,75
2025-01-03 12:00:00,100035408,5
2025-01-03 12:00:00,100035409,0
2025-01-03 12:00:00,100041114,4
2025-01-03 12:00:00,100047030,1
2025-01-03 12:00:00,100052600,10
2025-01-03 12:00:00,100052602,1
2025-01-03 12:00:00,100052603,10
2025-01-03 12:00:00,100052605,0
2025-01-03 12:00:00,100052606,2
2025-01-03 12:00:00,100053055,0
2025-01-03 12:00:00,100053059,5
2025-01-03 12:00:00,100053210,3
2025-01-03 12:00:00,100054073,0
2025-01-03 12:00:00,100055268,5
2025-01-03 12:00:00,100056188,11
2025-01-03 12:00:00,300014985,27
2025-01-03 12:00:00,300014986,14
2025-01-03 12:00:00,300014993,8
2025-01-03 12:00:00,300014994,3
2025-01-03 12:00:00,300014995,12
2025-01-03 12:00:00,300014996,21
2025-01-03 12:00:00,300020478,5
2025-01-03 12:00:00,300020679,28
2025-01-03 12:00:00,300020816,13
2025-01-03 12:00:00,300020817,5
2025-01-03 12:00:00,300021685,0
2025-01-03 12:00:00,300028650,8
2025-01-03 13:00:00,100001753,2
2025-01-03 13:00:00,100003032,20
2025-01-03 13:00:00,100003040,0
2025-01-03 13:00:00,100003041,6
2025-01-03 13:00:00,100003042,5
2025-01-03 13:00:00,100004575,0
2025-01-03 13:00:00,100007390,26
2025-01-03 13:00:00,100011747,2
2025-01-03 13:00:00,100011783,3
2025-01-03 13:00:00,100012217,14
2025-01-03 13:00:00,100012218,0
2025-01-03 13:00:00,100017441,10
2025-01-03 13:00:00,100017523,5
2025-01-03 13:00:00,100025474,168
2025-01-03 13:00:00,100035408,6
2025-01-03 13:00:00,100035409,0
2025-01-03 13:00:00,100041114,5
2025-01-03 13:00:00,100047030,5
2025-01-03 13:00:00,100052600,12
2025-01-03 13:00:00,100052602,2
2025-01-03 13:00:00,100052603,9
2025-01-03 13:00:00,100052605,0
2025-01-03 13:00:00,100052606,2
2025-01-03 13:00:00,100053055,2
2025-01-03 13:00:00,100053059,6
2025-01-03 13:00:00,100053210,3
2025-01-03 13:00:00,100054073,3
2025-01-03 13:00:00,100055268,1
2025-01-03 13:00:00,100056188,9
2025-01-03 13:00:00,300014985,27
2025-01-03 13:00:00,300014986,21
2025-01-03 13:00:00,300014993,5
2025-01-03 13:00:00,300014994,3
2025-01-03 13:00:00,300014995,27
2025-01-03 13:00:00,300014996,10
2025-01-03 13:00:00,300020478,2
2025-01-03 13:00:00,300020679,30
2025-01-03 13:00:00,300020816,11
2025-01-03 13:00:00,300020817,10
2025-01-03 13:00:00,300021685,0
2025-01-03 13:00:00,300028650,10
2025-01-03 14:00:00,100001753,5
2025-01-03 14:00:00,100003032,20
2025-01-03 14:00:00,100003040,1
2025-01-03 14:00:00,100003041,3
2025-01-03 14:00:00,100003042,3
2025-01-03 14:00:00,100004575,0
2025-01-03 14:00:00,100007390,27
2025-01-03 14:00:00,100011747,1
2025-01-03 14:00:00,100011783,5
2025-01-03 14:00:00,100012217,22
2025-01-03 14:00:00,100012218,0
2025-01-03 14:00:00,100017441,11
2025-01-03 14:00:00,100017523,3
2025-01-03 14:00:00,100025474,149
2025-01-03 14:00:00,100035408,10
2025-01-03 14:00:00,100035409,0
2025-01-03 14:00:00,100041114,5
2025-01-03 14:00:00,100047030,5
2025-01-03 14:00:00,100052600,18
2025-01-03 14:00:00,100052602,1
2025-01-03 14:00:00,100052603,8
2025-01-03 14:00:00,100052605,3
2025-01-03 14:00:00,100052606,5
2025-01-03 14:00:00,100053055,1
2025-01-03 14:00:00,100053059,11
2025-01-03 14:00:00,100053210,6
2025-01-03 14:00:00,100054073,6
2025-01-03 14:00:00,100055268,6
2025-01-03 14:00:00,100056188,14
2025-01-03 14:00:00,300014985,13
2025-01-03 14:00:00,300014986,18
2025-01-03 14:00:00,300014993,5
2025-01-03 14:00:00,300014994,9
2025-01-03 14:00:00,300014995,24
2025-01-03 14:00:00,300014996,25
2025-01-03 14:00:00,300020478,6
2025-01-03 14:00:00,300020679,42
2025-01-03 14:00:00,300020816,14
2025-01-03 14:00:00,300020817,12
2025-01-03 14:00:00,300021685,1
2025-01-03 14:00:00,300028650,12
2025-01-03 15:00:00,100001753,9
2025-01-03 15:00:00,100003032,37
2025-01-03 15:00:00,100003040,1
2025-01-03 15:00:00,100003041,11
2025-01-03 15:00:00,100003042,6
2025-01-03 15:00:00,100004575,0
2025-01-03 15:00:00,100007390,24
2025-01-03 15:00:00,100011747,2
2025-01-03 15:00:00,100011783,9
2025-01-03 15:00:00,100012217,24
2025-01-03 15:00:00,100012218,0
2025-01-03 15:00:00,100017441,26
2025-01-03 15:00:00,100017523,4
2025-01-03 15:00:00,100025474,74
2025-01-03 15:00:00,100035408,4
2025-01-03 15:00:00,100035409,0
2025-01-03 15:00:00,100041114,6
2025-01-03 15:00:00,100047030,7
2025-01-03 15:00:00,100052600,11
2025-01-03 15:00:00,100052602,0
2025-01-03 15:00:00,100052603,7
2025-01-03 15:00:00,100052605,3
2025-01-03 15:00:00,100052606,7
2025-01-03 15:00:00,100053055,1
2025-01-03 15:00:00,100053059,9
2025-01-03 15:00:00,100053210,6
2025-01-03 15:00:00,100054073,1
2025-01-03 15:00:00,100055268,13
2025-01-03 15:00:00,100056188,22
2025-01-03 15:00:00,300014985,22
2025-01-03 15:00:00,300014986,21
2025-01-03 15:00:00,300014993,10
2025-01-03 15:00:00,300014994,10
2025-01-03 15:00:00,300014995,36
2025-01-03 15:00:00,300014996,21
2025-01-03 15:00:00,300020478,11
2025-01-03 15:00:00,300020679,37
2025-01-03 15:00:00,300020816,20
2025-01-03 15:00:00,300020817,14
2025-01-03 15:00:00,300021685,1
2025-01-03 15:00:00,300028650,5
2025-01-03 16:00:00,100001753,6
2025-01-03 16:00:00,100003032,38
2025-01-03 16:00:00,100003040,2
2025-01-03 16:00:00,100003041,13
2025-01-03 16:00:00,100003042,10
2025-01-03 16:00:00,100004575,0
2025-01-03 16:00:00,100007390,42
2025-01-03 16:00:00,100011747,4
2025-01-03 16:00:00,100011783,14
2025-01-03 16:00:00,100012217,20
2025-01-03 16:00:00,100012218,0
2025-01-03 16:00:00,100017441,21
2025-01-03 16:00:00,100017523,3
2025-01-03 16:00:00,100025474,35
2025-01-03 16:00:00,100035408,4
2025-01-03 16:00:00,100035409,0
2025-01-03 16:00:00,100041114,3
2025-01-03 16:00:00,100047030,4
2025-01-03 16:00:00,100052600,27
2025-01-03 16:00:00,100052602,0
2025-01-03 16:00:00,100052603,5
2025-01-03 16:00:00,100052605,2
2025-01-03 16:00:00,100052606,5
2025-01-03 16:00:00,100053055,0
2025-01-03 16:00:00,100053059,10
2025-01-03 16:00:00,100053210,0
2025-01-03 16:00:00,100054073,5
2025-01-03 16:00:00,100055268,8
2025-01-03 16:00:00,100056188,29
2025-01-03 16:00:00,300014985,17
2025-01-03 16:00:00,300014986,21
2025-01-03 16:00:00,300014993,10
2025-01-03 16:00:00,300014994,7
2025-01-03 16:00:00,300014995,37
2025-01-03 16:00:00,300014996,21
2025-01-03 16:00:00,300020478,15
2025-01-03 16:00:00,300020679,36
2025-01-03 16:00:00,300020816,18
2025-01-03 16:00:00,300020817,10
2025-01-03 16:00:00,300021685,0
2025-01-03 16:00:00,300028650,13
2025-01-03 17:00:00,100001753,5
2025-01-03 17:00:00,100003032,32
2025-01-03 17:00:00,100003040,0
2025-01-03 17:00:00,100003041,14
2025-01-03 17:00:00,100003042,12
2025-01-03 17:00:00,100004575,0
2025-01-03 17:00:00,100007390,142
2025-01-03 17:00:00,100011747,6
2025-01-03 17:00:00,100011783,10
2025-01-03 17:00:00,100012217,23
2025-01-03 17:00:00,100012218,0
2025-01-03 17:00:00,100017441,17
2025-01-03 17:00:00,100017523,4
2025-01-03 17:00:00,100025474,35
2025-01-03 17:00:00,100035408,6
2025-01-03 17:00:00,100035409,0
2025-01-03 17:00:00,100041114,2
2025-01-03 17:00:00,100047030,1
2025-01-03 17:00:00,100052600,23
2025-01-03 17:00:00,100052602,0
2025-01-03 17:00:00,100052603,8
2025-01-03 17:00:00,100052605,0
2025-01-03 17:00:00,100052606,5
2025-01-03 17:00:00,100053055,1
2025-01-03 17:00:00,100053059,3
2025-01-03 17:00:00,100053210,0
2025-01-03 17:00:00,100054073,0
2025-01-03 17:00:00,100055268,15
2025-01-03 17:00:00,100056188,21
2025-01-03 17:00:00,300014985,25
2025-01-03 17:00:00,300014986,23
2025-01-03 17:00:00,300014993,4
2025-01-03 17:00:00,300014994,7
2025-01-03 17:00:00,300014995,40
2025-01-03 17:00:00,300014996,13
2025-01-03 17:00:00,300020478,9
2025-01-03 17:00:00,300020679,36
2025-01-03 17:00:00,300020816,10
2025-01-03 17:00:00,300020817,11
2025-01-03 17:00:00,300021685,0
2025-01-03 17:00:00,300028650,10
2025-01-03 18:00:00,100001753,4
2025-01-03 18:00:00,100003032,16
2025-01-03 18:00:00,100003040,1
2025-01-03 18:00:00,100003041,11
2025-01-03 18:00:00,100003042,5
2025-01-03 18:00:00,100004575,0
2025-01-03 18:00:00,100007390,107
2025-01-03 18:00:00,100011747,2
2025-01-03 18:00:00,100011783,4
2025-01-03 18:00:00,100012217,16
2025-01-03 18:00:00,100012218,0
2025-01-03 18:00:00,100017441,12
2025-01-03 18:00:00,100017523,7
2025-01-03 18:00:00,100025474,37
2025-01-03 18:00:00,100035408,4
2025-01-03 18:00:00,100035409,0
2025-01-03 18:00:00,100041114,1
2025-01-03 18:00:00,100047030,3
2025-01-03 18:00:00,100052600,19
2025-01-03 18:00:00,100052602,0
2025-01-03 18:00:00,100052603,4
2025-01-03 18:00:00,100052605,0
2025-01-03 18:00:00,100052606,2
2025-01-03 18:00:00,100053055,1
2025-01-03 18:00:00,100053059,5
2025-01-03 18:00:00,100053210,0
2025-01-03 18:00:00,100054073,1
2025-01-03 18:00:00,100055268,3
2025-01-03 18:00:00,100056188,21
2025-01-03 18:00:00,300014985,16
2025-01-03 18:00:00,300014986,31
2025-01-03 18:00:00,300014993,3
2025-01-03 18:00:00,300014994,4
2025-01-03 18:00:00,300014995,26
2025-01-03 18:00:00,300014996,12
2025-01-03 18:00:00,300020478,7
2025-01-03 18:00:00,300020679,27
2025-01-03 18:00:00,300020816,12
2025-01-03 18:00:00,300020817,18
2025-01-03 18:00:00,300021685,0
2025-01-03 18:00:00,300028650,6
2025-01-03 19:00:00,100001753,3
2025-01-03 19:00:00,100003032,16
2025-01-03 19:00:00,100003040,0
2025-01-03 19:00:00,100003041,6
2025-01-03 19:00:00,100003042,7
2025-01-03 19:00:00,100004575,0
2025-01-03 19:00:00,100007390,113
2025-01-03 19:00:00,100011747,1
2025-01-03 19:00:00,100011783,1
2025-01-03 19:00:00,100012217,13
2025-01-03 19:00:00,100012218,0
2025-01-03 19:00:00,100017441,7
2025-01-03 19:00:00,100017523,7
2025-01-03 19:00:00,100025474,48
2025-01-03 19:00:00,100035408,3
2025-01-03 19:00:00,100035409,0
2025-01-03 19:00:00,100041114,1
2025-01-03 19:00:00,100047030,4
2025-01-03 19:00:00,100052600,8
2025-01-03 19:00:00,100052602,0
2025-01-03 19:00:00,100052603,8
2025-01-03 19:00:00,100052605,2
2025-01-03 19:00:00,100052606,0
2025-01-03 19:00:00,100053055,0
2025-01-03 19:00:00,100053059,4
2025-01-03 19:00:00,100053210,2
2025-01-03 19:00:00,100054073,2
2025-01-03 19:00:00,100055268,0
2025-01-03 19:00:00,100056188,14
2025-01-03 19:00:00,300014985,24
2025-01-03 19:00:00,300014986,15
2025-01-03 19:00:00,300014993,3
2025-01-03 19:00:00,300014994,3
2025-01-03 19:00:00,300014995,18
2025-01-03 19:00:00,300014996,8
2025-01-03 19:00:00,300020478,3
2025-01-03 19:00:00,300020679,17
2025-01-03 19:00:00,300020816,17
2025-01-03 19:00:00,300020817,9
2025-01-03 19:00:00,300021685,0
2025-01-03 19:00:00,300028650,6
2025-01-03 20:00:00,100001753,1
2025-01-03 20:00:00,100003032,9
2025-01-03 20:00:00,100003040,0
2025-01-03 20:00:00,100003041,3
2025-01-03 20:00:00,100003042,8
2025-01-03 20:00:00,100004575,0
2025-01-03 20:00:00,100007390,90
2025-01-03 20:00:00,100011747,2
2025-01-03 20:00:00,100011783,0
2025-01-03 20:00:00,100012217,7
2025-01-03 20:00:00,100012218,0
2025-01-03 20:00:00,100017441,3
2025-01-03 20:00:00,100017523,0
2025-01-03 20:00:00,100025474,20
2025-01-03 20:00:00,100035408,2
2025-01-03 20:00:00,100035409,0
2025-01-03 20:00:00,100041114,1
2025-01-03 20:00:00,100047030,3
2025-01-03 20:00:00,100052600,3
2025-01-03 20:00:00,100052602,0
2025-01-03 20:00:00,100052603,6
2025-01-03 20:00:00,100052605,0
2025-01-03 20:00:00,100052606,2
2025-01-03 20:00:00,100053055,0
2025-01-03 20:00:00,100053059,1
2025-01-03 20:00:00,100053210,2
2025-01-03 20:00:00,100054073,3
2025-01-03 20:00:00,100055268,1
2025-01-03 20:00:00,100056188,10
2025-01-03 20:00:00,300014985,8
2025-01-03 20:00:00,300014986,9
2025-01-03 20:00:00,300014993,1
2025-01-03 20:00:00,300014994,3
2025-01-03 20:00:00,300014995,18
2025-01-03 20:00:00,300014996,13
2025-01-03 20:00:00,300020478,4
2025-01-03 20:00:00,300020679,7
2025-01-03 20:00:00,300020816,10
2025-01-03 20:00:00,300020817,7
2025-01-03 20:00:00,300021685,0
2025-01-03 20:00:00,300028650,5
2025-01-03 21:00:00,100001753,3
2025-01-03 21:00:00,100003032,7
2025-01-03 21:00:00,100003040,1
2025-01-03 21:00:00,100003041,1
2025-01-03 21:00:00,100003042,3
2025-01-03 21:00:00,100004575,0
2025-01-03 21:00:00,100007390,152
2025-01-03 21:00:00,100011747,2
2025-01-03 21:00:00,100011783,4
2025-01-03 21:00:00,100012217,4
2025-01-03 21:00:00,100012218,0
2025-01-03 21:00:00,100017441,5
2025-01-03 21:00:00,100017523,3
2025-01-03 21:00:00,100025474,16
2025-01-03 21:00:00,100035408,0
2025-01-03 21:00:00,100035409,0
2025-01-03 21:00:00,100041114,3
2025-01-03 21:00:00,100047030,3
2025-01-03 21:00:00,100052600,6
2025-01-03 21:00:00,100052602,0
2025-01-03 21:00:00,100052603,1
2025-01-03 21:00:00,100052605,0
2025-01-03 21:00:00,100052606,2
2025-01-03 21:00:00,100053055,0
2025-01-03 21:00:00,100053059,0
2025-01-03 21:00:00,100053210,3
2025-01-03 21:00:00,100054073,0
2025-01-03 21:00:00,100055268,4
2025-01-03 21:00:00,100056188,8
2025-01-03 21:00:00,300014985,10
2025-01-03 21:00:00,300014986,13
2025-01-03 21:00:00,300014993,2
2025-01-03 21:00:00,300014994,3
2025-01-03 21:00:00,300014995,5
2025-01-03 21:00:00,300014996,9
2025-01-03 21:00:00,300020478,1
2025-01-03 21:00:00,300020679,12
2025-01-03 21:00:00,300020816,7
2025-01-03 21:00:00,300020817,4
2025-01-03 21:00:00,300021685,0
2025-01-03 21:00:00,300028650,5
2025-01-03 22:00:00,100001753,3
2025-01-03 22:00:00,100003032,5
2025-01-03 22:00:00,100003040,1
2025-01-03 22:00:00,100003041,1
2025-01-03 22:00:00,100003042,2
2025-01-03 22:00:00,100004575,0
2025-01-03 22:00:00,100007390,149
2025-01-03 22:00:00,100011747,5
2025-01-03 22:00:00,100011783,1
2025-01-03 22:00:00,100012217,6
2025-01-03 22:00:00,100012218,0
2025-01-03 22:00:00,100017441,8
2025-01-03 22:00:00,100017523,1
2025-01-03 22:00:00,100025474,11
2025-01-03 22:00:00,100035408,2
2025-01-03 22:00:00,100035409,0
2025-01-03 22:00:00,100041114,0
2025-01-03 22:00:00,100047030,4
2025-01-03 22:00:00,100052600,6
2025-01-03 22:00:00,100052602,0
2025-01-03 22:00:00,100052603,1
2025-01-03 22:00:00,100052605,0
2025-01-03 22:00:00,100052606,6
2025-01-03 22:00:00,100053055,0
2025-01-03 22:00:00,100053059,0
2025-01-03 22:00:00,100053210,0
2025-01-03 22:00:00,100054073,3
2025-01-03 22:00:00,100055268,1
2025-01-03 22:00:00,100056188,6
2025-01-03 22:00:00,300014985,6
2025-01-03 22:00:00,300014986,11
2025-01-03 22:00:00,300014993,1
2025-01-03 22:00:00,300014994,4
2025-01-03 22:00:00,300014995,8
2025-01-03 22:00:00,300014996,1
2025-01-03 22:00:00,300020478,3
2025-01-03 22:00:00,300020679,9
2025-01-03 22:00:00,300020816,4
2025-01-03 22:00:00,300020817,5
2025-01-03 22:00:00,300021685,0
2025-01-03 22:00:00,300028650,7
2025-01-03 23:00:00,100001753,2
2025-01-03 23:00:00,100003032,9
2025-01-03 23:00:00,100003040,0
2025-01-03 23:00:00,100003041,2
2025-01-03 23:00:00,100003042,1
2025-01-03 23:00:00,100004575,0
2025-01-03 23:00:00,100007390,114
2025-01-03 23:00:00,100011747,4
2025-01-03 23:00:00,100011783,4
2025-01-03 23:00:00,100012217,4
2025-01-03 23:00:00,100012218,0
2025-01-03 23:00:00,100017441,2
2025-01-03 23:00:00,100017523,1
2025-01-03 23:00:00,100025474,10
2025-01-03 23:00:00,100035408,0
2025-01-03 23:00:00,100035409,0
2025-01-03 23:00:00,100041114,0
2025-01-03 23:00:00,100047030,0
2025-01-03 23:00:00,100052600,6
2025-01-03 23:00:00,100052602,0
2025-01-03 23:00:00,100052603,1
2025-01-03 23:00:00,100052605,0
2025-01-03 23:00:00,100052606,0
2025-01-03 23:00:00,100053055,0
2025-01-03 23:00:00,100053059,2
2025-01-03 23:00:00,100053210,0
2025-01-03 23:00:00,100054073,2
2025-01-03 23:00:00,100055268,1
2025-01-03 23:00:00,100056188,9
2025-01-03 23:00:00,300014985,5
2025-01-03 23:00:00,300014986,6
2025-01-03 23:00:00,300014993,1
2025-01-03 23:00:00,300014994,0
2025-01-03 23:00:00,300014995,9
2025-01-03 23:00:00,300014996,4
2025-01-03 23:00:00,300020478,2
2025-01-03 23:00:00,300020679,13
2025-01-03 23:00:00,300020816,2
2025-01-03 23:00:00,300020817,4
2025-01-03 23:00:00,300021685,0
2025-01-03 23:00:00,300028650,4
2025-01-04 00:00:00,100001753,0
2025-01-04 00:00:00,100003032,5
2025-01-04 00:00:00,100003040,0
2025-01-04 00:00:00,100003041,1
2025-01-04 00:00:00,100003042,1
2025-01-04 00:00:00,100004575,0
2025-01-04 00:00:00,100007390,72
2025-01-04 00:00:00,100011747,0
2025-01-04 00:00:00,100011783,2
2025-01-04 00:00:00,100012217,6
2025-01-04 00:00:00,100012218,0
2025-01-04 00:00:00,100017441,2
2025-01-04 00:00:00,100017523,1
2025-01-04 00:00:00,100025474,6
2025-01-04 00:00:00,100035408,2
2025-01-04 00:00:00,100035409,0
2025-01-04 00:00:00,100041114,0
2025-01-04 00:00:00,100047030,1
2025-01-04 00:00:00,100052600,6
2025-01-04 00:00:00,100052602,0
2025-01-04 00:00:00,100052603,1
2025-01-04 00:00:00,100052605,0
2025-01-04 00:00:00,100052606,0
2025-01-04 00:00:00,100053055,1
2025-01-04 00:00:00,100053059,0
2025-01-04 00:00:00,100053210,1
2025-01-04 00:00:00,100054073,2
2025-01-04 00:00:00,100055268,0
2025-01-04 00:00:00,100056188,5
2025-01-04 00:00:00,300014985,9
2025-01-04 00:00:00,300014986,3
2025-01-04 00:00:00,300014993,2
2025-01-04 00:00:00,300014994,1
2025-01-04 00:00:00,300014995,2
2025-01-04 00:00:00,300014996,3
2025-01-04 00:00:00,300020478,2
2025-01-04 00:00:00,300020679,6
2025-01-04 00:00:00,300020816,2
2025-01-04 00:00:00,300020817,3
2025-01-04 00:00:00,300021685,0
2025-01-04 00:00:00,300028650,1
2025-01-04 01:00:00,100001753,4
2025-01-04 01:00:00,100003032,1
2025-01-04 01:00:00,100003040,0
2025-01-04 01:00:00,100003041,5
2025-01-04 01:00:00,100003042,1
2025-01-04 01:00:00,100004575,0
2025-01-04 01:00:00,100007390,58
2025-01-04 01:00:00,100011747,0
2025-01-04 01:00:00,100011783,0
2025-01-04 01:00:00,100012217,2
2025-01-04 01:00:00,100012218,0
2025-01-04 01:00:00,100017441,4
2025-01-04 01:00:00,100017523,0
2025-01-04 01:00:00,100025474,1
2025-01-04 01:00:00,100035408,1
2025-01-04 01:00:00,100035409,0
2025-01-04 01:00:00,100041114,0
2025-01-04 01:00:00,100047030,4
2025-01-04 01:00:00,100052600,5
2025-01-04 01:00:00,100052602,0
2025-01-04 01:00:00,100052603,1
2025-01-04 01:00:00,100052605,0
2025-01-04 01:00:00,100052606,0
2025-01-04 01:00:00,100053055,0
2025-01-04 01:00:00,100053059,2
2025-01-04 01:00:00,100053210,1
2025-01-04 01:00:00,100054073,1
2025-01-04 01:00:00,100055268,2
2025-01-04 01:00:00,100056188,2
2025-01-04 01:00:00,300014985,3
2025-01-04 01:00:00,300014986,6
2025-01-04 01:00:00,300014993,1
2025-01-04 01:00:00,300014994,0
2025-01-04 01:00:00,300014995,2
2025-01-04 01:00:00,300014996,3
2025-01-04 01:00:00,300020478,1
2025-01-04 01:00:00,300020679,2
2025-01-04 01:00:00,300020816,3
2025-01-04 01:00:00,300020817,3
2025-01-04 01:00:00,300021685,0
2025-01-04 01:00:00,300028650,1
2025-01-04 02:00:00,100001753,2
2025-01-04 02:00:00,100003032,2
2025-01-04 02:00:00,100003040,0
2025-01-04 02:00:00,100003041,0
2025-01-04 02:00:00,100003042,0
2025-01-04 02:00:00,100004575,0
2025-01-04 02:00:00,100007390,19
2025-01-04 02:00:00,100011747,0
2025-01-04 02:00:00,100011783,0
2025-01-04 02:00:00,100012217,0
2025-01-04 02:00:00,100012218,0
2025-01-04 02:00:00,100017441,0
2025-01-04 02:00:00,100017523,0
2025-01-04 02:00:00,100025474,4
2025-01-04 02:00:00,100035408,1
2025-01-04 02:00:00,100035409,0
2025-01-04 02:00:00,100041114,0
2025-01-04 02:00:00,100047030,0
2025-01-04 02:00:00,100052600,2
2025-01-04 02:00:00,100052602,0
2025-01-04 02:00:00,100052603,2
2025-01-04 02:00:00,100052605,0
2025-01-04 02:00:00,100052606,2
2025-01-04 02:00:00,100053055,0
2025-01-04 02:00:00,100053059,1
2025-01-04 02:00:00,100053210,0
2025-01-04 02:00:00,100054073,0
2025-01-04 02:00:00,100055268,0
2025-01-04 02:00:00,100056188,2
2025-01-04 02:00:00,300014985,0
2025-01-04 02:00:00,300014986,1
2025-01-04 02:00:00,300014993,0
2025-01-04 02:00:00,300014994,0
2025-01-04 02:00:00,300014995,1
2025-01-04 02:00:00,300014996,0
2025-01-04 02:00:00,300020478,0
2025-01-04 02:00:00,300020679,1
2025-01-04 02:00:00,300020816,0
2025-01-04 02:00:00,300020817,0
2025-01-04 02:00:00,300021685,0
2025-01-04 02:00:00,300028650,0
2025-01-04 03:00:00,100001753,0
2025-01-04 03:00:00,100003032,1
2025-01-04 03:00:00,100003040,0
2025-01-04 03:00:00,100003041,0
2025-01-04 03:00:00,100003042,0
2025-01-04 03:00:00,100004575,0
2025-01-04 03:00:00,100007390,11
2025-01-04 03:00:00,100011747,1
2025-01-04 03:00:00,100011783,0
2025-01-04 03:00:00,100012217,0
2025-01-04 03:00:00,100012218,0
2025-01-04 03:00:00,100017441,0
2025-01-04 03:00:00,100017523,0
2025-01-04 03:00:00,100025474,1
2025-01-04 03:00:00,100035408,0
2025-01-04 03:00:00,100035409,0
2025-01-04 03:00:00,100041114,0
2025-01-04 03:00:00,100047030,1
2025-01-04 03:00:00,100052600,1
2025-01-04 03:00:00,100052602,0
2025-01-04 03:00:00,100052603,0
2025-01-04 03:00:00,100052605,0
2025-01-04 03:00:00,100052606,0
2025-01-04 03:00:00,100053055,0
2025-01-04 03:00:00,100053059,1
2025-01-04 03:00:00,100053210,0
2025-01-04 03:00:00,100054073,0
2025-01-04 03:00:00,100055268,0
2025-01-04 03:00:00,100056188,4
2025-01-04 03:00:00,300014985,1
2025-01-04 03:00:00,300014986,2
2025-01-04 03:00:00,300014993,0
2025-01-04 03:00:00,300014994,0
2025-01-04 03:00:00,300014995,1
2025-01-04 03:00:00,300014996,0
2025-01-04 03:00:00,300020478,0
2025-01-04 03:00:00,300020679,1
2025-01-04 03:00:00,300020816,0
2025-01-04 03:00:00,300020817,1
2025-01-04 03:00:00,300021685,0
2025-01-04 03:00:00,300028650,1
2025-01-04 04:00:00,100001753,0
2025-01-04 04:00:00,100003032,1
2025-01-04 04:00:00,100003040,1
2025-01-04 04:00:00,100003041,0
2025-01-04 04:00:00,100003042,0
2025-01-04 04:00:00,100004575,0
2025-01-04 04:00:00,100007390,7
2025-01-04 04:00:00,100011747,0
2025-01-04 04:00:00,100011783,1
2025-01-04 04:00:00,100012217,0
2025-01-04 04:00:00,100012218,0
2025-01-04 04:00:00,100017441,0
2025-01-04 04:00:00,100017523,0
2025-01-04 04:00:00,100025474,0
2025-01-04 04:00:00,100035408,0
2025-01-04 04:00:00,100035409,0
2025-01-04 04:00:00,100041114,0
2025-01-04 04:00:00,100047030,0
2025-01-04 04:00:00,100052600,0
2025-01-04 04:00:00,100052602,0
2025-01-04 04:00:00,100052603,0
2025-01-04 04:00:00,100052605,0
2025-01-04 04:00:00,100052606,1
2025-01-04 04:00:00,100053055,0
2025-01-04 04:00:00,100053059,1
2025-01-04 04:00:00,100053210,0
2025-01-04 04:00:00,100054073,0
2025-01-04 04:00:00,100055268,0
2025-01-04 04:00:00,100056188,2
2025-01-04 04:00:00,300014985,1
2025-01-04 04:00:00,300014986,0
2025-01-04 04:00:00,300014993,0
2025-01-04 04:00:00,300014994,0
2025-01-04 04:00:00,300014995,0
2025-01-04 04:00:00,300014996,1
2025-01-04 04:00:00,300020478,1
2025-01-04 04:00:00,300020679,0
2025-01-04 04:00:00,300020816,0
2025-01-04 04:00:00,300020817,0
2025-01-04 04:00:00,300021685,0
2025-01-04 04:00:00,300028650,0
2025-01-04 05:00:00,100001753,1
2025-01-04 05:00:00,100003032,2
2025-01-04 05:00:00,100003040,0
2025-01-04 05:00:00,100003041,0
2025-01-04 05:00:00,100003042,0
2025-01-04 05:00:00,100004575,0
2025-01-04 05:00:00,100007390,15
2025-01-04 05:00:00,100011747,0
2025-01-04 05:00:00,100011783,0
2025-01-04 05:00:00,100012217,0
2025-01-04 05:00:00,100012218,0
2025-01-04 05:00:00,100017441,0
2025-01-04 05:00:00,100017523,0
2025-01-04 05:00:00,100025474,1
2025-01-04 05:00:00,100035408,1
2025-01-04 05:00:00,100035409,0
2025-01-04 05:00:00,100041114,0
2025-01-04 05:00:00,100047030,1
2025-01-04 05:00:00,100052600,0
2025-01-04 05:00:00,100052602,0
2025-01-04 05:00:00,100052603,0
2025-01-04 05:00:00,100052605,0
2025-01-04 05:00:00,100052606,0
2025-01-04 05:00:00,100053055,0
2025-01-04 05:00:00,100053059,0
2025-01-04 05:00:00,100053210,0
2025-01-04 05:00:00,100054073,0
2025-01-04 05:00:00,100055268,1
2025-01-04 05:00:00,100056188,0
2025-01-04 05:00:00,300014985,2
2025-01-04 05:00:00,300014986,1
2025-01-04 05:00:00,300014993,0
2025-01-04 05:00:00,300014994,1
2025-01-04 05:00:00,300014995,0
2025-01-04 05:00:00,300014996,5
2025-01-04 05:00:00,300020478,0
2025-01-04 05:00:00,300020679,3
2025-01-04 05:00:00,300020816,2
2025-01-04 05:00:00,300020817,0
2025-01-04 05:00:00,300021685,0
2025-01-04 05:00:00,300028650,1
2025-01-04 06:00:00,100001753,0
2025-01-04 06:00:00,100003032,1
2025-01-04 06:00:00,100003040,0
2025-01-04 06:00:00,100003041,2
2025-01-04 06:00:00,100003042,1
2025-01-04 06:00:00,100004575,0
2025-01-04 06:00:00,100007390,20
2025-01-04 06:00:00,100011747,0
2025-01-04 06:00:00,100011783,0
2025-01-04 06:00:00,100012217,5
2025-01-04 06:00:00,100012218,0
2025-01-04 06:00:00,100017441,4
2025-01-04 06:00:00,100017523,0
2025-01-04 06:00:00,100025474,5
2025-01-04 06:00:00,100035408,0
2025-01-04 06:00:00,100035409,0
2025-01-04 06:00:00,100041114,0
2025-01-04 06:00:00,100047030,1
2025-01-04 06:00:00,100052600,0
2025-01-04 06:00:00,100052602,0
2025-01-04 06:00:00,100052603,0
2025-01-04 06:00:00,100052605,1
2025-01-04 06:00:00,100052606,0
2025-01-04 06:00:00,100053055,0
2025-01-04 06:00:00,100053059,0
2025-01-04 06:00:00,100053210,0
2025-01-04 06:00:00,100054073,0
2025-01-04 06:00:00,100055268,1
2025-01-04 06:00:00,100056188,0
2025-01-04 06:00:00,300014985,2
2025-01-04 06:00:00,300014986,1
2025-01-04 06:00:00,300014993,0
2025-01-04 06:00:00,300014994,1
2025-01-04 06:00:00,300014995,1
2025-01-04 06:00:00,300014996,2
2025-01-04 06:00:00,300020478,0
2025-01-04 06:00:00,300020679,6
2025-01-04 06:00:00,300020816,1
2025-01-04 06:00:00,300020817,1
2025-01-04 06:00:00,300021685,0
2025-01-04 06:00:00,300028650,0
2025-01-04 07:00:00,100001753,1
2025-01-04 07:00:00,100003032,3
2025-01-04 07:00:00,100003040,1
2025-01-04 07:00:00,100003041,0
2025-01-04 07:00:00,100003042,2
2025-01-04 07:00:00,100004575,0
2025-01-04 07:00:00,100007390,16
2025-01-04 07:00:00,100011747,1
2025-01-04 07:00:00,100011783,3
2025-01-04 07:00:00,100012217,1
2025-01-04 07:00:00,100012218,0
2025-01-04 07:00:00,100017441,1
2025-01-04 07:00:00,100017523,1
2025-01-04 07:00:00,100025474,3
2025-01-04 07:00:00,100035408,0
2025-01-04 07:00:00,100035409,0
2025-01-04 07:00:00,100041114,0
2025-01-04 07:00:00,100047030,0
2025-01-04 07:00:00,100052600,3
2025-01-04 07:00:00,100052602,0
2025-01-04 07:00:00,100052603,0
2025-01-04 07:00:00,100052605,0
2025-01-04 07:00:00,100052606,0
2025-01-04 07:00:00,100053055,0
2025-01-04 07:00:00,100053059,2
2025-01-04 07:00:00,100053210,0
2025-01-04 07:00:00,100054073,0
2025-01-04 07:00:00,100055268,2
2025-01-04 07:00:00,100056188,4
2025-01-04 07:00:00,300014985,5
2025-01-04 07:00:00,300014986,1
2025-01-04 07:00:00,300014993,1
2025-01-04 07:00:00,300014994,1
2025-01-04 07:00:00,300014995,0
2025-01-04 07:00:00,300014996,2
2025-01-04 07:00:00,300020478,1
2025-01-04 07:00:00,300020679,8
2025-01-04 07:00:00,300020816,2
2025-01-04 07:00:00,300020817,1
2025-01-04 07:00:00,300021685,0
2025-01-04 07:00:00,300028650,2
2025-01-04 08:00:00,100001753,2
2025-01-04 08:00:00,100003032,4
2025-01-04 08:00:00,100003040,0
2025-01-04 08:00:00,100003041,6
2025-01-04 08:00:00,100003042,3
2025-01-04 08:00:00,100004575,0
2025-01-04 08:00:00,100007390,7
2025-01-04 08:00:00,100011747,0
2025-01-04 08:00:00,100011783,0
2025-01-04 08:00:00,100012217,3
2025-01-04 08:00:00,100012218,0
2025-01-04 08:00:00,100017441,3
2025-01-04 08:00:00,100017523,0
2025-01-04 08:00:00,100025474,14
2025-01-04 08:00:00,100035408,0
2025-01-04 08:00:00,100035409,0
2025-01-04 08:00:00,100041114,1
2025-01-04 08:00:00,100047030,0
2025-01-04 08:00:00,100052600,5
2025-01-04 08:00:00,100052602,0
2025-01-04 08:00:00,100052603,0
2025-01-04 08:00:00,100052605,0
2025-01-04 08:00:00,100052606,0
2025-01-04 08:00:00,100053055,0
2025-01-04 08:00:00,100053059,1
2025-01-04 08:00:00,100053210,0
2025-01-04 08:00:00,100054073,1
2025-01-04 08:00:00,100055268,2
2025-01-04 08:00:00,100056188,3
2025-01-04 08:00:00,300014985,5
2025-01-04 08:00:00,300014986,4
2025-01-04 08:00:00,300014993,3
2025-01-04 08:00:00,300014994,4
2025-01-04 08:00:00,300014995,1
2025-01-04 08:00:00,300014996,2
2025-01-04 08:00:00,300020478,1
2025-01-04 08:00:00,300020679,9
2025-01-04 08:00:00,300020816,4
2025-01-04 08:00:00,300020817,5
2025-01-04 08:00:00,300021685,0
2025-01-04 08:00:00,300028650,2
2025-01-04 09:00:00,100001753,1
2025-01-04 09:00:00,100003032,6
2025-01-04 09:00:00,100003040,0
2025-01-04 09:00:00,100003041,4
2025-01-04 09:00:00,100003042,6
2025-01-04 09:00:00,100004575,0
2025-01-04 09:00:00,100007390,11
2025-01-04 09:00:00,100011747,0
2025-01-04 09:00:00,100011783,1
2025-01-04 09:00:00,100012217,3
2025-01-04 09:00:00,100012218,0
2025-01-04 09:00:00,100017441,5
2025-01-04 09:00:00,100017523,1
2025-01-04 09:00:00,100025474,15
2025-01-04 09:00:00,100035408,6
2025-01-04 09:00:00,100035409,0
2025-01-04 09:00:00,100041114,2
2025-01-04 09:00:00,100047030,4
2025-01-04 09:00:00,100052600,5
2025-01-04 09:00:00,100052602,0
2025-01-04 09:00:00,100052603,2
2025-01-04 09:00:00,100052605,1
2025-01-04 09:00:00,100052606,2
2025-01-04 09:00:00,100053055,1
2025-01-04 09:00:00,100053059,1
2025-01-04 09:00:00,100053210,2
2025-01-04 09:00:00,100054073,0
2025-01-04 09:00:00,100055268,0
2025-01-04 09:00:00,100056188,3
2025-01-04 09:00:00,300014985,10
2025-01-04 09:00:00,300014986,6
2025-01-04 09:00:00,300014993,4
2025-01-04 09:00:00,300014994,0
2025-01-04 09:00:00,300014995,3
2025-01-04 09:00:00,300014996,11
2025-01-04 09:00:00,300020478,1
2025-01-04 09:00:00,300020679,20
2025-01-04 09:00:00,300020816,9
2025-01-04 09:00:00,300020817,2
2025-01-04 09:00:00,300021685,0
2025-01-04 09:00:00,300028650,2
2025-01-04 10:00:00,100001753,2
2025-01-04 10:00:00,100003032,15
2025-01-04 10:00:00,100003040,0
2025-01-04 10:00:00,100003041,2
2025-01-04 10:00:00,100003042,8
2025-01-04 10:00:00,100004575,0
2025-01-04 10:00:00,100007390,16
2025-01-04 10:00:00,100011747,0
2025-01-04 10:00:00,100011783,0
2025-01-04 10:00:00,100012217,12
2025-01-04 10:00:00,100012218,0
2025-01-04 10:00:00,100017441,7
2025-01-04 10:00:00,100017523,1
2025-01-04 10:00:00,100025474,29
2025-01-04 10:00:00,100035408,2
2025-01-04 10:00:00,100035409,0
2025-01-04 10:00:00,100041114,2
2025-01-04 10:00:00,100047030,2
2025-01-04 10:00:00,100052600,9
2025-01-04 10:00:00,100052602,0
2025-01-04 10:00:00,100052603,2
2025-01-04 10:00:00,100052605,1
2025-01-04 10:00:00,100052606,3
2025-01-04 10:00:00,100053055,0
2025-01-04 10:00:00,100053059,1
2025-01-04 10:00:00,100053210,1
2025-01-04 10:00:00,100054073,0
2025-01-04 10:00:00,100055268,2
2025-01-04 10:00:00,100056188,8
2025-01-04 10:00:00,300014985,16
2025-01-04 10:00:00,300014986,10
2025-01-04 10:00:00,300014993,3
2025-01-04 10:00:00,300014994,0
2025-01-04 10:00:00,300014995,9
2025-01-04 10:00:00,300014996,8
2025-01-04 10:00:00,300020478,1
2025-01-04 10:00:00,300020679,26
2025-01-04 10:00:00,300020816,4
2025-01-04 10:00:00,300020817,3
2025-01-04 10:00:00,300021685,0
2025-01-04 10:00:00,300028650,5
2025-01-04 11:00:00,100001753,2
2025-01-04 11:00:00,100003032,14
2025-01-04 11:00:00,100003040,0
2025-01-04 11:00:00,100003041,3
2025-01-04 11:00:00,100003042,4
2025-01-04 11:00:00,100004575,0
2025-01-04 11:00:00,100007390,14
2025-01-04 11:00:00,100011747,0
2025-01-04 11:00:00,100011783,1
2025-01-04 11:00:00,100012217,6
2025-01-04 11:00:00,100012218,0
2025-01-04 11:00:00,100017441,4
2025-01-04 11:00:00,100017523,1
2025-01-04 11:00:00,100025474,31
2025-01-04 11:00:00,100035408,1
2025-01-04 11:00:00,100035409,0
2025-01-04 11:00:00,100041114,1
2025-01-04 11:00:00,100047030,2
2025-01-04 11:00:00,100052600,15
2025-01-04 11:00:00,100052602,0
2025-01-04 11:00:00,100052603,1
2025-01-04 11:00:00,100052605,3
2025-01-04 11:00:00,100052606,5
2025-01-04 11:00:00,100053055,1
2025-01-04 11:00:00,100053059,1
2025-01-04 11:00:00,100053210,0
2025-01-04 11:00:00,100054073,0
2025-01-04 11:00:00,100055268,5
2025-01-04 11:00:00,100056188,7
2025-01-04 11:00:00,300014985,12
2025-01-04 11:00:00,300014986,12
2025-01-04 11:00:00,300014993,2
2025-01-04 11:00:00,300014994,3
2025-01-04 11:00:00,300014995,11
2025-01-04 11:00:00,300014996,9
2025-01-04 11:00:00,300020478,7
2025-01-04 11:00:00,300020679,26
2025-01-04 11:00:00,300020816,7
2025-01-04 11:00:00,300020817,6
2025-01-04 11:00:00,300021685,0
2025-01-04 11:00:00,300028650,5
2025-01-04 12:00:00,100001753,2
2025-01-04 12:00:00,100003032,10
2025-01-04 12:00:00,100003040,2
2025-01-04 12:00:00,100003041,0
2025-01-04 12:00:00,100003042,0
2025-01-04 12:00:00,100004575,0
2025-01-04 12:00:00,100007390,16
2025-01-04 12:00:00,100011747,1
2025-01-04 12:00:00,100011783,6
2025-01-04 12:00:00,100012217,19
2025-01-04 12:00:00,100012218,0
2025-01-04 12:00:00,100017441,4
2025-01-04 12:00:00,100017523,1
2025-01-04 12:00:00,100025474,22
2025-01-04 12:00:00,100035408,2
2025-01-04 12:00:00,100035409,0
2025-01-04 12:00:00,100041114,0
2025-01-04 12:00:00,100047030,0
2025-01-04 12:00:00,100052600,7
2025-01-04 12:00:00,100052602,0
2025-01-04 12:00:00,100052603,0
2025-01-04 12:00:00,100052605,0
2025-01-04 12:00:00,100052606,3
2025-01-04 12:00:00,100053055,0
2025-01-04 12:00:00,100053059,4
2025-01-04 12:00:00,100053210,3
2025-01-04 12:00:00,100054073,0
2025-01-04 12:00:00,100055268,2
2025-01-04 12:00:00,100056188,9
2025-01-04 12:00:00,300014985,9
2025-01-04 12:00:00,300014986,8
2025-01-04 12:00:00,300014993,1
2025-01-04 12:00:00,300014994,1
2025-01-04 12:00:00,300014995,10
2025-01-04 12:00:00,300014996,12
2025-01-04 12:00:00,300020478,2
2025-01-04 12:00:00,300020679,24
2025-01-04 12:00:00,300020816,6
2025-01-04 12:00:00,300020817,9
2025-01-04 12:00:00,300021685,0
2025-01-04 12:00:00,300028650,6
2025-01-04 13:00:00,100001753,0
2025-01-04 13:00:00,100003032,10
2025-01-04 13:00:00,100003040,0
2025-01-04 13:00:00,100003041,2
2025-01-04 13:00:00,100003042,4
2025-01-04 13:00:00,100004575,0
2025-01-04 13:00:00,100007390,21
2025-01-04 13:00:00,100011747,2
2025-01-04 13:00:00,100011783,3
2025-01-04 13:00:00,100012217,11
2025-01-04 13:00:00,100012218,0
2025-01-04 13:00:00,100017441,4
2025-01-04 13:00:00,100017523,2
2025-01-04 13:00:00,100025474,48
2025-01-04 13:00:00,100035408,3
2025-01-04 13:00:00,100035409,0
2025-01-04 13:00:00,100041114,1
2025-01-04 13:00:00,100047030,4
2025-01-04 13:00:00,100052600,10
2025-01-04 13:00:00,100052602,0
2025-01-04 13:00:00,100052603,1
2025-01-04 13:00:00,100052605,0
2025-01-04 13:00:00,100052606,1
2025-01-04 13:00:00,100053055,0
2025-01-04 13:00:00,100053059,4
2025-01-04 13:00:00,100053210,2
2025-01-04 13:00:00,100054073,0
2025-01-04 13:00:00,100055268,6
2025-01-04 13:00:00,100056188,13
2025-01-04 13:00:00,300014985,13
2025-01-04 13:00:00,300014986,16
2025-01-04 13:00:00,300014993,1
2025-01-04 13:00:00,300014994,2
2025-01-04 13:00:00,300014995,21
2025-01-04 13:00:00,300014996,14
2025-01-04 13:00:00,300020478,3
2025-01-04 13:00:00,300020679,28
2025-01-04 13:00:00,300020816,12
2025-01-04 13:00:00,300020817,5
2025-01-04 13:00:00,300021685,0
2025-01-04 13:00:00,300028650,8
2025-01-04 14:00:00,100001753,2
2025-01-04 14:00:00,100003032,12
2025-01-04 14:00:00,100003040,0
2025-01-04 14:00:00,100003041,4
2025-01-04 14:00:00,100003042,5
2025-01-04 14:00:00,100004575,0
2025-01-04 14:00:00,100007390,11
2025-01-04 14:00:00,100011747,4
2025-01-04 14:00:00,100011783,6
2025-01-04 14:00:00,100012217,6
2025-01-04 14:00:00,100012218,0
2025-01-04 14:00:00,100017441,8
2025-01-04 14:00:00,100017523,5
2025-01-04 14:00:00,100025474,33
2025-01-04 14:00:00,100035408,1
2025-01-04 14:00:00,100035409,0
2025-01-04 14:00:00,100041114,2
2025-01-04 14:00:00,100047030,2
2025-01-04 14:00:00,100052600,10
2025-01-04 14:00:00,100052602,0
2025-01-04 14:00:00,100052603,3
2025-01-04 14:00:00,100052605,0
2025-01-04 14:00:00,100052606,4
2025-01-04 14:00:00,100053055,0
2025-01-04 14:00:00,100053059,1
2025-01-04 14:00:00,100053210,2
2025-01-04 14:00:00,100054073,0
2025-01-04 14:00:00,100055268,6
2025-01-04 14:00:00,100056188,7
2025-01-04 14:00:00,300014985,14
2025-01-04 14:00:00,300014986,9
2025-01-04 14:00:00,300014993,3
2025-01-04 14:00:00,300014994,1
2025-01-04 14:00:00,300014995,12
2025-01-04 14:00:00,300014996,12
2025-01-04 14:00:00,300020478,5
2025-01-04 14:00:00,300020679,35
2025-01-04 14:00:00,300020816,10
2025-01-04 14:00:00,300020817,2
2025-01-04 14:00:00,300021685,0
2025-01-04 14:00:00,300028650,4
2025-01-04 15:00:00,100001753,4
2025-01-04 15:00:00,100003032,20
2025-01-04 15:00:00,100003040,0
2025-01-04 15:00:00,100003041,5
2025-01-04 15:00:00,100003042,6
2025-01-04 15:00:00,100004575,0
2025-01-04 15:00:00,100007390,11
2025-01-04 15:00:00,100011747,2
2025-01-04 15:00:00,100011783,11
2025-01-04 15:00:00,100012217,12
2025-01-04 15:00:00,100012218,0
2025-01-04 15:00:00,100017441,7
2025-01-04 15:00:00,100017523,4
2025-01-04 15:00:00,100025474,21
2025-01-04 15:00:00,100035408,3
2025-01-04 15:00:00,100035409,0
2025-01-04 15:00:00,100041114,2
2025-01-04 15:00:00,100047030,1
2025-01-04 15:00:00,100052600,6
2025-01-04 15:00:00,100052602,0
2025-01-04 15:00:00,100052603,1
2025-01-04 15:00:00,100052605,0
2025-01-04 15:00:00,100052606,1
2025-01-04 15:00:00,100053055,0
2025-01-04 15:00:00,100053059,2
2025-01-04 15:00:00,100053210,3
2025-01-04 15:00:00,100054073,1
2025-01-04 15:00:00,100055268,2
2025-01-04 15:00:00,100056188,13
2025-01-04 15:00:00,300014985,12
2025-01-04 15:00:00,300014986,12
2025-01-04 15:00:00,300014993,0
2025-01-04 15:00:00,300014994,1
2025-01-04 15:00:00,300014995,19
2025-01-04 15:00:00,300014996,13
2025-01-04 15:00:00,300020478,9
2025-01-04 15:00:00,300020679,18
2025-01-04 15:00:00,300020816,10
2025-01-04 15:00:00,300020817,4
2025-01-04 15:00:00,300021685,0
2025-01-04 15:00:00,300028650,4
2025-01-04 16:00:00,100001753,2
2025-01-04 16:00:00,100003032,18
2025-01-04 16:00:00,100003040,0
2025-01-04 16:00:00,100003041,9
2025-01-04 16:00:00,100003042,6
2025-01-04 16:00:00,100004575,0
2025-01-04 16:00:00,100007390,14
2025-01-04 16:00:00,100011747,0
2025-01-04 16:00:00,100011783,4
2025-01-04 16:00:00,100012217,17
2025-01-04 16:00:00,100012218,0
2025-01-04 16:00:00,100017441,7
2025-01-04 16:00:00,100017523,0
2025-01-04 16:00:00,100025474,25
2025-01-04 16:00:00,100035408,4
2025-01-04 16:00:00,100035409,0
2025-01-04 16:00:00,100041114,1
2025-01-04 16:00:00,100047030,6
2025-01-04 16:00:00,100052600,18
2025-01-04 16:00:00,100052602,0
2025-01-04 16:00:00,100052603,5
2025-01-04 16:00:00,100052605,1
2025-01-04 16:00:00,100052606,0
2025-01-04 16:00:00,100053055,0
2025-01-04 16:00:00,100053059,2
2025-01-04 16:00:00,100053210,3
2025-01-04 16:00:00,100054073,3
2025-01-04 16:00:00,100055268,2
2025-01-04 16:00:00,100056188,14
2025-01-04 16:00:00,300014985,17
2025-01-04 16:00:00,300014986,19
2025-01-04 16:00:00,300014993,3
2025-01-04 16:00:00,300014994,2
2025-01-04 16:00:00,300014995,16
2025-01-04 16:00:00,300014996,17
2025-01-04 16:00:00,300020478,2
2025-01-04 16:00:00,300020679,24
2025-01-04 16:00:00,300020816,11
2025-01-04 16:00:00,300020817,7
2025-01-04 16:00:00,300021685,0
2025-01-04 16:00:00,300028650,5
2025-01-04 17:00:00,100001753,2
2025-01-04 17:00:00,100003032,17
2025-01-04 17:00:00,100003040,0
2025-01-04 17:00:00,100003041,6
2025-01-04 17:00:00,100003042,7
2025-01-04 17:00:00,100004575,0
2025-01-04 17:00:00,100007390,54
2025-01-04 17:00:00,100011747,1
2025-01-04 17:00:00,100011783,4
2025-01-04 17:00:00,100012217,8
2025-01-04 17:00:00,100012218,0
2025-01-04 17:00:00,100017441,7
2025-01-04 17:00:00,100017523,2
2025-01-04 17:00:00,100025474,31
2025-01-04 17:00:00,100035408,9
2025-01-04 17:00:00,100035409,0
2025-01-04 17:00:00,100041114,2
2025-01-04 17:00:00,100047030,5
2025-01-04 17:00:00,100052600,8
2025-01-04 17:00:00,100052602,0
2025-01-04 17:00:00,100052603,1
2025-01-04 17:00:00,100052605,0
2025-01-04 17:00:00,100052606,7
2025-01-04 17:00:00,100053055,0
2025-01-04 17:00:00,100053059,1
2025-01-04 17:00:00,100053210,2
2025-01-04 17:00:00,100054073,2
2025-01-04 17:00:00,100055268,2
2025-01-04 17:00:00,100056188,10
2025-01-04 17:00:00,300014985,9
2025-01-04 17:00:00,300014986,9
2025-01-04 17:00:00,300014993,1
2025-01-04 17:00:00,300014994,5
2025-01-04 17:00:00,300014995,14
2025-01-04 17:00:00,300014996,14
2025-01-04 17:00:00,300020478,1
2025-01-04 17:00:00,300020679,12
2025-01-04 17:00:00,300020816,7
2025-01-04 17:00:00,300020817,6
2025-01-04 17:00:00,300021685,0
2025-01-04 17:00:00,300028650,6
2025-01-04 18:00:00,100001753,2
2025-01-04 18:00:00,100003032,11
2025-01-04 18:00:00,100003040,1
2025-01-04 18:00:00,100003041,6
2025-01-04 18:00:00,100003042,6
2025-01-04 18:00:00,100004575,0
2025-01-04 18:00:00,100007390,46
2025-01-04 18:00:00,100011747,0
2025-01-04 18:00:00,100011783,1
2025-01-04 18:00:00,100012217,13
2025-01-04 18:00:00,100012218,0
2025-01-04 18:00:00,100017441,11
2025-01-04 18:00:00,100017523,0
2025-01-04 18:00:00,100025474,28
2025-01-04 18:00:00,100035408,0
2025-01-04 18:00:00,100035409,0
2025-01-04 18:00:00,100041114,0
2025-01-04 18:00:00,100047030,4
2025-01-04 18:00:00,100052600,6
2025-01-04 18:00:00,100052602,0
2025-01-04 18:00:00,100052603,3
2025-01-04 18:00:00,100052605,2
2025-01-04 18:00:00,100052606,2
2025-01-04 18:00:00,100053055,0
2025-01-04 18:00:00,100053059,2
2025-01-04 18:00:00,100053210,1
2025-01-04 18:00:00,100054073,1
2025-01-04 18:00:00,100055268,4
2025-01-04 18:00:00,100056188,8
2025-01-04 18:00:00,300014985,15
2025-01-04 18:00:00,300014986,14
2025-01-04 18:00:00,300014993,4
2025-01-04 18:00:00,300014994,2
2025-01-04 18:00:00,300014995,10
2025-01-04 18:00:00,300014996,6
2025-01-04 18:00:00,300020478,1
2025-01-04 18:00:00,300020679,19
2025-01-04 18:00:00,300020816,7
2025-01-04 18:00:00,300020817,10
2025-01-04 18:00:00,300021685,0
2025-01-04 18:00:00,300028650,3
2025-01-04 19:00:00,100001753,1
2025-01-04 19:00:00,100003032,9
2025-01-04 19:00:00,100003040,0
2025-01-04 19:00:00,100003041,6
2025-01-04 19:00:00,100003042,3
2025-01-04 19:00:00,100004575,0
2025-01-04 19:00:00,100007390,58
2025-01-04 19:00:00,100011747,1
2025-01-04 19:00:00,100011783,2
2025-01-04 19:00:00,100012217,13
2025-01-04 19:00:00,100012218,0
2025-01-04 19:00:00,100017441,3
2025-01-04 19:00:00,100017523,0
2025-01-04 19:00:00,100025474,21
2025-01-04 19:00:00,100035408,3
2025-01-04 19:00:00,100035409,0
2025-01-04 19:00:00,100041114,0
2025-01-04 19:00:00,100047030,2
2025-01-04 19:00:00,100052600,5
2025-01-04 19:00:00,100052602,0
2025-01-04 19:00:00,100052603,0
2025-01-04 19:00:00,100052605,1
2025-01-04 19:00:00,100052606,0
2025-01-04 19:00:00,100053055,0
2025-01-04 19:00:00,100053059,0
2025-01-04 19:00:00,100053210,0
2025-01-04 19:00:00,100054073,0
2025-01-04 19:00:00,100055268,1
2025-01-04 19:00:00,100056188,6
2025-01-04 19:00:00,300014985,15
2025-01-04 19:00:00,300014986,16
2025-01-04 19:00:00,300014993,0
2025-01-04 19:00:00,300014994,1
2025-01-04 19:00:00,300014995,10
2025-01-04 19:00:00,300014996,12
2025-01-04 19:00:00,300020478,2
2025-01-04 19:00:00,300020679,8
2025-01-04 19:00:00,300020816,6
2025-01-04 19:00:00,300020817,10
2025-01-04 19:00:00,300021685,0
2025-01-04 19:00:00,300028650,0
2025-01-04 20:00:00,100001753,0
2025-01-04 20:00:00,100003032,8
2025-01-04 20:00:00,100003040,0
2025-01-04 20:00:00,100003041,3
2025-01-04 20:00:00,100003042,2
2025-01-04 20:00:00,100004575,0
2025-01-04 20:00:00,100007390,58
2025-01-04 20:00:00,100011747,1
2025-01-04 20:00:00,100011783,0
2025-01-04 20:00:00,100012217,3
2025-01-04 20:00:00,100012218,0
2025-01-04 20:00:00,100017441,2
2025-01-04 20:00:00,100017523,1
2025-01-04 20:00:00,100025474,8
2025-01-04 20:00:00,100035408,3
2025-01-04 20:00:00,100035409,0
2025-01-04 20:00:00,100041114,0
2025-01-04 20:00:00,100047030,0
2025-01-04 20:00:00,100052600,7
2025-01-04 20:00:00,100052602,0
2025-01-04 20:00:00,100052603,1
2025-01-04 20:00:00,100052605,1
2025-01-04 20:00:00,100052606,1
2025-01-04 20:00:00,100053055,1
2025-01-04 20:00:00,100053059,0
2025-01-04 20:00:00,100053210,3
2025-01-04 20:00:00,100054073,1
2025-01-04 20:00:00,100055268,2
2025-01-04 20:00:00,100056188,3
2025-01-04 20:00:00,300014985,8
2025-01-04 20:00:00,300014986,5
2025-01-04 20:00:00,300014993,0
2025-01-04 20:00:00,300014994,2
2025-01-04 20:00:00,300014995,7
2025-01-04 20:00:00,300014996,6
2025-01-04 20:00:00,300020478,0
2025-01-04 20:00:00,300020679,9
2025-01-04 20:00:00,300020816,5
2025-01-04 20:00:00,300020817,4
2025-01-04 20:00:00,300021685,0
2025-01-04 20:00:00,300028650,4
2025-01-04 21:00:00,100001753,2
2025-01-04 21:00:00,100003032,11
2025-01-04 21:00:00,100003040,0
2025-01-04 21:00:00,100003041,1
2025-01-04 21:00:00,100003042,1
2025-01-04 21:00:00,100004575,0
2025-01-04 21:00:00,100007390,65
2025-01-04 21:00:00,100011747,3
2025-01-04 21:00:00,100011783,1
2025-01-04 21:00:00,100012217,1
2025-01-04 21:00:00,100012218,0
2025-01-04 21:00:00,100017441,3
2025-01-04 21:00:00,100017523,0
2025-01-04 21:00:00,100025474,13
2025-01-04 21:00:00,100035408,2
2025-01-04 21:00:00,100035409,0
2025-01-04 21:00:00,100041114,0
2025-01-04 21:00:00,100047030,0
2025-01-04 21:00:00,100052600,3
2025-01-04 21:00:00,100052602,0
2025-01-04 21:00:00,100052603,2
2025-01-04 21:00:00,100052605,0
2025-01-04 21:00:00,100052606,3
2025-01-04 21:00:00,100053055,1
2025-01-04 21:00:00,100053059,1
2025-01-04 21:00:00,100053210,0
2025-01-04 21:00:00,100054073,0
2025-01-04 21:00:00,100055268,1
2025-01-04 21:00:00,100056188,7
2025-01-04 21:00:00,300014985,4
2025-01-04 21:00:00,300014986,12
2025-01-04 21:00:00,300014993,0
2025-01-04 21:00:00,300014994,0
2025-01-04 21:00:00,300014995,11
2025-01-04 21:00:00,300014996,5
2025-01-04 21:00:00,300020478,4
2025-01-04 21:00:00,300020679,12
2025-01-04 21:00:00,300020816,5
2025-01-04 21:00:00,300020817,2
2025-01-04 21:00:00,300021685,0
2025-01-04 21:00:00,300028650,2
2025-01-04 22:00:00,100001753,2
2025-01-04 22:00:00,100003032,6
2025-01-04 22:00:00,100003040,0
2025-01-04 22:00:00,100003041,2
2025-01-04 22:00:00,100003042,2
2025-01-04 22:00:00,100004575,0
2025-01-04 22:00:00,100007390,47
2025-01-04 22:00:00,100011747,2
2025-01-04 22:00:00,100011783,2
2025-01-04 22:00:00,100012217,3
2025-01-04 22:00:00,100012218,0
2025-01-04 22:00:00,100017441,2
2025-01-04 22:00:00,100017523,0
2025-01-04 22:00:00,100025474,7
2025-01-04 22:00:00,100035408,0
2025-01-04 22:00:00,100035409,0
2025-01-04 22:00:00,100041114,0
2025-01-04 22:00:00,100047030,1
2025-01-04 22:00:00,100052600,6
2025-01-04 22:00:00,100052602,0
2025-01-04 22:00:00,100052603,0
2025-01-04 22:00:00,100052605,1
2025-01-04 22:00:00,100052606,2
2025-01-04 22:00:00,100053055,0
2025-01-04 22:00:00,100053059,0
2025-01-04 22:00:00,100053210,0
2025-01-04 22:00:00,100054073,0
2025-01-04 22:00:00,100055268,0
2025-01-04 22:00:00,100056188,2
2025-01-04 22:00:00,300014985,7
2025-01-04 22:00:00,300014986,2
2025-01-04 22:00:00,300014993,2
2025-01-04 22:00:00,300014994,0
2025-01-04 22:00:00,300014995,2
2025-01-04 22:00:00,300014996,3
2025-01-04 22:00:00,300020478,1
2025-01-04 22:00:00,300020679,6
2025-01-04 22:00:00,300020816,4
2025-01-04 22:00:00,300020817,2
2025-01-04 22:00:00,300021685,0
2025-01-04 22:00:00,300028650,3
2025-01-04 23:00:00,100001753,0
2025-01-04 23:00:00,100003032,5
2025-01-04 23:00:00,100003040,0
2025-01-04 23:00:00,100003041,1
2025-01-04 23:00:00,100003042,1
2025-01-04 23:00:00,100004575,0
2025-01-04 23:00:00,100007390,63
2025-01-04 23:00:00,100011747,1
2025-01-04 23:00:00,100011783,1
2025-01-04 23:00:00,100012217,3
2025-01-04 23:00:00,100012218,0
2025-01-04 23:00:00,100017441,6
2025-01-04 23:00:00,100017523,2
2025-01-04 23:00:00,100025474,6
2025-01-04 23:00:00,100035408,1
2025-01-04 23:00:00,100035409,0
2025-01-04 23:00:00,100041114,0
2025-01-04 23:00:00,100047030,2
2025-01-04 23:00:00,100052600,5
2025-01-04 23:00:00,100052602,0
2025-01-04 23:00:00,100052603,2
2025-01-04 23:00:00,100052605,0
2025-01-04 23:00:00,100052606,2
2025-01-04 23:00:00,100053055,0
2025-01-04 23:00:00,100053059,0
2025-01-04 23:00:00,100053210,0
2025-01-04 23:00:00,100054073,0
2025-01-04 23:00:00,100055268,2
2025-01-04 23:00:00,100056188,4
2025-01-04 23:00:00,300014985,5
2025-01-04 23:00:00,300014986,7
2025-01-04 23:00:00,300014993,0
2025-01-04 23:00:00,300014994,1
2025-01-04 23:00:00,300014995,5
2025-01-04 23:00:00,300014996,2
2025-01-04 23:00:00,300020478,1
2025-01-04 23:00:00,300020679,6
2025-01-04 23:00:00,300020816,3
2025-01-04 23:00:00,300020817,5
2025-01-04 23:00:00,300021685,0
2025-01-04 23:00:00,300028650,1
2025-01-05 00:00:00,100001753,1
2025-01-05 00:00:00,100003032,3
2025-01-05 00:00:00,100003040,0
2025-01-05 00:00:00,100003041,1
2025-01-05 00:00:00,100003042,0
2025-01-05 00:00:00,100004575,0
2025-01-05 00:00:00,100007390,26
2025-01-05 00:00:00,100011747,5
2025-01-05 00:00:00,100011783,1
2025-01-05 00:00:00,100012217,4
2025-01-05 00:00:00,100012218,0
2025-01-05 00:00:00,100017441,2
2025-01-05 00:00:00,100017523,0
2025-01-05 00:00:00,100025474,4
2025-01-05 00:00:00,100035408,0
2025-01-05 00:00:00,100035409,0
2025-01-05 00:00:00,100041114,0
2025-01-05 00:00:00,100047030,1
2025-01-05 00:00:00,100052600,2
2025-01-05 00:00:00,100052602,0
2025-01-05 00:00:00,100052603,0
2025-01-05 00:00:00,100052605,0
2025-01-05 00:00:00,100052606,0
2025-01-05 00:00:00,100053055,0
2025-01-05 00:00:00,100053059,3
2025-01-05 00:00:00,100053210,1
2025-01-05 00:00:00,100054073,0
2025-01-05 00:00:00,100055268,0
2025-01-05 00:00:00,100056188,1
2025-01-05 00:00:00,300014985,7
2025-01-05 00:00:00,300014986,7
2025-01-05 00:00:00,300014993,0
2025-01-05 00:00:00,300014994,1
2025-01-05 00:00:00,300014995,9
2025-01-05 00:00:00,300014996,5
2025-01-05 00:00:00,300020478,1
2025-01-05 00:00:00,300020679,4
2025-01-05 00:00:00,300020816,4
2025-01-05 00:00:00,300020817,1
2025-01-05 00:00:00,300021685,0
2025-01-05 00:00:00,300028650,2
2025-01-05 01:00:00,100001753,1
2025-01-05 01:00:00,100003032,0
2025-01-05 01:00:00,100003040,0
2025-01-05 01:00:00,100003041,0
2025-01-05 01:00:00,100003042,0
2025-01-05 01:00:00,100004575,0
2025-01-05 01:00:00,100007390,49
2025-01-05 01:00:00,100011747,0
2025-01-05 01:00:00,100011783,0
2025-01-05 01:00:00,100012217,2
2025-01-05 01:00:00,100012218,0
2025-01-05 01:00:00,100017441,0
2025-01-05 01:00:00,100017523,0
2025-01-05 01:00:00,100025474,5
2025-01-05 01:00:00,100035408,2
2025-01-05 01:00:00,100035409,0
2025-01-05 01:00:00,100041114,0
2025-01-05 01:00:00,100047030,1
2025-01-05 01:00:00,100052600,1
2025-01-05 01:00:00,100052602,0
2025-01-05 01:00:00,100052603,0
2025-01-05 01:00:00,100052605,0
2025-01-05 01:00:00,100052606,1
2025-01-05 01:00:00,100053055,0
2025-01-05 01:00:00,100053059,1
2025-01-05 01:00:00,100053210,2
2025-01-05 01:00:00,100054073,0
2025-01-05 01:00:00,100055268,0
2025-01-05 01:00:00,100056188,1
2025-01-05 01:00:00,300014985,3
2025-01-05 01:00:00,300014986,2
2025-01-05 01:00:00,300014993,0
2025-01-05 01:00:00,300014994,1
2025-01-05 01:00:00,300014995,3
2025-01-05 01:00:00,300014996,1
2025-01-05 01:00:00,300020478,0
2025-01-05 01:00:00,300020679,4
2025-01-05 01:00:00,300020816,1
2025-01-05 01:00:00,300020817,2
2025-01-05 01:00:00,300021685,0
2025-01-05 01:00:00,300028650,0
2025-01-05 02:00:00,100001753,0
2025-01-05 02:00:00,100003032,1
2025-01-05 02:00:00,100003040,0
2025-01-05 02:00:00,100003041,1
2025-01-05 02:00:00,100003042,1
2025-01-05 02:00:00,100004575,0
2025-01-05 02:00:00,100007390,116
2025-01-05 02:00:00,100011747,0
2025-01-05 02:00:00,100011783,0
2025-01-05 02:00:00,100012217,4
2025-01-05 02:00:00,100012218,0
2025-01-05 02:00:00,100017441,0
2025-01-05 02:00:00,100017523,1
2025-01-05 02:00:00,100025474,5
2025-01-05 02:00:00,100035408,1
2025-01-05 02:00:00,100035409,0
2025-01-05 02:00:00,100041114,0
2025-01-05 02:00:00,100047030,0
2025-01-05 02:00:00,100052600,5
2025-01-05 02:00:00,100052602,0
2025-01-05 02:00:00,100052603,0
2025-01-05 02:00:00,100052605,0
2025-01-05 02:00:00,100052606,0
2025-01-05 02:00:00,100053055,1
2025-01-05 02:00:00,100053059,0
2025-01-05 02:00:00,100053210,0
2025-01-05 02:00:00,100054073,0
2025-01-05 02:00:00,100055268,0
2025-01-05 02:00:00,100056188,0
2025-01-05 02:00:00,300014985,2
2025-01-05 02:00:00,300014986,1
2025-01-05 02:00:00,300014993,0
2025-01-05 02:00:00,300014994,0
2025-01-05 02:00:00,300014995,0
2025-01-05 02:00:00,300014996,0
2025-01-05 02:00:00,300020478,0
2025-01-05 02:00:00,300020679,2
2025-01-05 02:00:00,300020816,0
2025-01-05 02:00:00,300020817,0
2025-01-05 02:00:00,300021685,0
2025-01-05 02:00:00,300028650,0
2025-01-05 03:00:00,100001753,0
2025-01-05 03:00:00,100003032,0
2025-01-05 03:00:00,100003040,0
2025-01-05 03:00:00,100003041,0
2025-01-05 03:00:00,100003042,0
2025-01-05 03:00:00,100004575,0
2025-01-05 03:00:00,100007390,108
2025-01-05 03:00:00,100011747,0
2025-01-05 03:00:00,100011783,0
2025-01-05 03:00:00,100012217,1
2025-01-05 03:00:00,100012218,0
2025-01-05 03:00:00,100017441,0
2025-01-05 03:00:00,100017523,0
2025-01-05 03:00:00,100025474,3
2025-01-05 03:00:00,100035408,0
2025-01-05 03:00:00,100035409,0
2025-01-05 03:00:00,100041114,0
2025-01-05 03:00:00,100047030,1
2025-01-05 03:00:00,100052600,0
2025-01-05 03:00:00,100052602,0
2025-01-05 03:00:00,100052603,0
2025-01-05 03:00:00,100052605,0
2025-01-05 03:00:00,100052606,0
2025-01-05 03:00:00,100053055,0
2025-01-05 03:00:00,100053059,0
2025-01-05 03:00:00,100053210,0
2025-01-05 03:00:00,100054073,0
2025-01-05 03:00:00,100055268,0
2025-01-05 03:00:00,100056188,0
2025-01-05 03:00:00,300014985,1
2025-01-05 03:00:00,300014986,2
2025-01-05 03:00:00,300014993,0
2025-01-05 03:00:00,300014994,1
2025-01-05 03:00:00,300014995,1
2025-01-05 03:00:00,300014996,1
2025-01-05 03:00:00,300020478,0
2025-01-05 03:00:00,300020679,0
2025-01-05 03:00:00,300020816,0
2025-01-05 03:00:00,300020817,1
2025-01-05 03:00:00,300021685,0
2025-01-05 03:00:00,300028650,0
2025-01-05 04:00:00,100001753,0
2025-01-05 04:00:00,100003032,2
2025-01-05 04:00:00,100003040,0
2025-01-05 04:00:00,100003041,0
2025-01-05 04:00:00,100003042,0
2025-01-05 04:00:00,100004575,0
2025-01-05 04:00:00,100007390,82
2025-01-05 04:00:00,100011747,0
2025-01-05 04:00:00,100011783,0
2025-01-05 04:00:00,100012217,1
2025-01-05 04:00:00,100012218,0
2025-01-05 04:00:00,100017441,0
2025-01-05 04:00:00,100017523,0
2025-01-05 04:00:00,100025474,5
2025-01-05 04:00:00,100035408,1
2025-01-05 04:00:00,100035409,0
2025-01-05 04:00:00,100041114,0
2025-01-05 04:00:00,100047030,1
2025-01-05 04:00:00,100052600,2
2025-01-05 04:00:00,100052602,0
2025-01-05 04:00:00,100052603,0
2025-01-05 04:00:00,100052605,0
2025-01-05 04:00:00,100052606,1
2025-01-05 04:00:00,100053055,0
2025-01-05 04:00:00,100053059,0
2025-01-05 04:00:00,100053210,0
2025-01-05 04:00:00,100054073,0
2025-01-05 04:00:00,100055268,0
2025-01-05 04:00:00,100056188,0
2025-01-05 04:00:00,300014985,0
2025-01-05 04:00:00,300014986,1
2025-01-05 04:00:00,300014993,0
2025-01-05 04:00:00,300014994,0
2025-01-05 04:00:00,300014995,0
2025-01-05 04:00:00,300014996,0
2025-01-05 04:00:00,300020478,0
2025-01-05 04:00:00,300020679,0
2025-01-05 04:00:00,300020816,0
2025-01-05 04:00:00,300020817,1
2025-01-05 04:00:00,300021685,0
2025-01-05 04:00:00,300028650,0
2025-01-05 05:00:00,100001753,1
2025-01-05 05:00:00,100003032,3
2025-01-05 05:00:00,100003040,0
2025-01-05 05:00:00,100003041,0
2025-01-05 05:00:00,100003042,0
2025-01-05 05:00:00,100004575,0
2025-01-05 05:00:00,100007390,80
2025-01-05 05:00:00,100011747,0
2025-01-05 05:00:00,100011783,0
2025-01-05 05:00:00,100012217,0
2025-01-05 05:00:00,100012218,0
2025-01-05 05:00:00,100017441,0
2025-01-05 05:00:00,100017523,0
2025-01-05 05:00:00,100025474,1
2025-01-05 05:00:00,100035408,0
2025-01-05 05:00:00,100035409,0
2025-01-05 05:00:00,100041114,0
2025-01-05 05:00:00,100047030,0
2025-01-05 05:00:00,100052600,1
2025-01-05 05:00:00,100052602,0
2025-01-05 05:00:00,100052603,0
2025-01-05 05:00:00,100052605,0
2025-01-05 05:00:00,100052606,0
2025-01-05 05:00:00,100053055,0
2025-01-05 05:00:00,100053059,0
2025-01-05 05:00:00,100053210,0
2025-01-05 05:00:00,100054073,0
2025-01-05 05:00:00,100055268,1
2025-01-05 05:00:00,100056188,1
2025-01-05 05:00:00,300014985,2
2025-01-05 05:00:00,300014986,1
2025-01-05 05:00:00,300014993,0
2025-01-05 05:00:00,300014994,1
2025-01-05 05:00:00,300014995,1
2025-01-05 05:00:00,300014996,3
2025-01-05 05:00:00,300020478,0
2025-01-05 05:00:00,300020679,2
2025-01-05 05:00:00,300020816,0
2025-01-05 05:00:00,300020817,0
2025-01-05 05:00:00,300021685,0
2025-01-05 05:00:00,300028650,0
2025-01-05 06:00:00,100001753,1
2025-01-05 06:00:00,100003032,2
2025-01-05 06:00:00,100003040,0
2025-01-05 06:00:00,100003041,0
2025-01-05 06:00:00,100003042,1
2025-01-05 06:00:00,100004575,0
2025-01-05 06:00:00,100007390,256
2025-01-05 06:00:00,100011747,0
2025-01-05 06:00:00,100011783,0
2025-01-05 06:00:00,100012217,2
2025-01-05 06:00:00,100012218,0
2025-01-05 06:00:00,100017441,3
2025-01-05 06:00:00,100017523,0
2025-01-05 06:00:00,100025474,2
2025-01-05 06:00:00,100035408,0
2025-01-05 06:00:00,100035409,0
2025-01-05 06:00:00,100041114,0
2025-01-05 06:00:00,100047030,2
2025-01-05 06:00:00,100052600,1
2025-01-05 06:00:00,100052602,0
2025-01-05 06:00:00,100052603,0
2025-01-05 06:00:00,100052605,0
2025-01-05 06:00:00,100052606,0
2025-01-05 06:00:00,100053055,0
2025-01-05 06:00:00,100053059,0
2025-01-05 06:00:00,100053210,0
2025-01-05 06:00:00,100054073,0
2025-01-05 06:00:00,100055268,0
2025-01-05 06:00:00,100056188,2
2025-01-05 06:00:00,300014985,2
2025-01-05 06:00:00,300014986,2
2025-01-05 06:00:00,300014993,0
2025-01-05 06:00:00,300014994,2
2025-01-05 06:00:00,300014995,1
2025-01-05 06:00:00,300014996,3
2025-01-05 06:00:00,300020478,0
2025-01-05 06:00:00,300020679,3
2025-01-05 06:00:00,300020816,2
2025-01-05 06:00:00,300020817,1
2025-01-05 06:00:00,300021685,0
2025-01-05 06:00:00,300028650,0
2025-01-05 07:00:00,100001753,8
2025-01-05 07:00:00,100003032,1
2025-01-05 07:00:00,100003040,0
2025-01-05 07:00:00,100003041,0
2025-01-05 07:00:00,100003042,0
2025-01-05 07:00:00,100004575,0
2025-01-05 07:00:00,100007390,718
2025-01-05 07:00:00,100011747,1
2025-01-05 07:00:00,100011783,1
2025-01-05 07:00:00,100012217,5
2025-01-05 07:00:00,100012218,0
2025-01-05 07:00:00,100017441,1
2025-01-05 07:00:00,100017523,0
2025-01-05 07:00:00,100025474,2
2025-01-05 07:00:00,100035408,0
2025-01-05 07:00:00,100035409,0
2025-01-05 07:00:00,100041114,1
2025-01-05 07:00:00,100047030,2
2025-01-05 07:00:00,100052600,3
2025-01-05 07:00:00,100052602,0
2025-01-05 07:00:00,100052603,0
2025-01-05 07:00:00,100052605,0
2025-01-05 07:00:00,100052606,0
2025-01-05 07:00:00,100053055,0
2025-01-05 07:00:00,100053059,0
2025-01-05 07:00:00,100053210,0
2025-01-05 07:00:00,100054073,1
2025-01-05 07:00:00,100055268,2
2025-01-05 07:00:00,100056188,3
2025-01-05 07:00:00,300014985,1
2025-01-05 07:00:00,300014986,3
2025-01-05 07:00:00,300014993,1
2025-01-05 07:00:00,300014994,0
2025-01-05 07:00:00,300014995,4
2025-01-05 07:00:00,300014996,1
2025-01-05 07:00:00,300020478,1
2025-01-05 07:00:00,300020679,5
2025-01-05 07:00:00,300020816,0
2025-01-05 07:00:00,300020817,1
2025-01-05 07:00:00,300021685,0
2025-01-05 07:00:00,300028650,1
2025-01-05 08:00:00,100001753,1
2025-01-05 08:00:00,100003032,3
2025-01-05 08:00:00,100003040,0
2025-01-05 08:00:00,100003041,2
2025-01-05 08:00:00,100003042,0
2025-01-05 08:00:00,100004575,0
2025-01-05 08:00:00,100007390,108
2025-01-05 08:00:00,100011747,0
2025-01-05 08:00:00,100011783,1
2025-01-05 08:00:00,100012217,0
2025-01-05 08:00:00,100012218,0
2025-01-05 08:00:00,100017441,3
2025-01-05 08:00:00,100017523,0
2025-01-05 08:00:00,100025474,3
2025-01-05 08:00:00,100035408,1
2025-01-05 08:00:00,100035409,0
2025-01-05 08:00:00,100041114,2
2025-01-05 08:00:00,100047030,1
2025-01-05 08:00:00,100052600,2
2025-01-05 08:00:00,100052602,0
2025-01-05 08:00:00,100052603,0
2025-01-05 08:00:00,100052605,0
2025-01-05 08:00:00,100052606,0
2025-01-05 08:00:00,100053055,0
2025-01-05 08:00:00,100053059,1
2025-01-05 08:00:00,100053210,0
2025-01-05 08:00:00,100054073,0
2025-01-05 08:00:00,100055268,1
2025-01-05 08:00:00,100056188,2
2025-01-05 08:00:00,300014985,5
2025-01-05 08:00:00,300014986,2
2025-01-05 08:00:00,300014993,0
2025-01-05 08:00:00,300014994,4
2025-01-05 08:00:00,300014995,1
2025-01-05 08:00:00,300014996,1
2025-01-05 08:00:00,300020478,1
2025-01-05 08:00:00,300020679,6
2025-01-05 08:00:00,300020816,7
2025-01-05 08:00:00,300020817,0
2025-01-05 08:00:00,300021685,0
2025-01-05 08:00:00,300028650,2
2025-01-05 09:00:00,100001753,0
2025-01-05 09:00:00,100003032,5
2025-01-05 09:00:00,100003040,1
2025-01-05 09:00:00,100003041,1
2025-01-05 09:00:00,100003042,3
2025-01-05 09:00:00,100004575,0
2025-01-05 09:00:00,100007390,6
2025-01-05 09:00:00,100011747,5
2025-01-05 09:00:00,100011783,4
2025-01-05 09:00:00,100012217,4
2025-01-05 09:00:00,100012218,0
2025-01-05 09:00:00,100017441,6
2025-01-05 09:00:00,100017523,0
2025-01-05 09:00:00,100025474,19
2025-01-05 09:00:00,100035408,0
2025-01-05 09:00:00,100035409,0
2025-01-05 09:00:00,100041114,1
2025-01-05 09:00:00,100047030,1
2025-01-05 09:00:00,100052600,4
2025-01-05 09:00:00,100052602,1
2025-01-05 09:00:00,100052603,2
2025-01-05 09:00:00,100052605,0
2025-01-05 09:00:00,100052606,4
2025-01-05 09:00:00,100053055,0
2025-01-05 09:00:00,100053059,0
2025-01-05 09:00:00,100053210,2
2025-01-05 09:00:00,100054073,1
2025-01-05 09:00:00,100055268,3
2025-01-05 09:00:00,100056188,1
2025-01-05 09:00:00,300014985,7
2025-01-05 09:00:00,300014986,1
2025-01-05 09:00:00,300014993,0
2025-01-05 09:00:00,300014994,2
2025-01-05 09:00:00,300014995,1
2025-01-05 09:00:00,300014996,4
2025-01-05 09:00:00,300020478,2
2025-01-05 09:00:00,300020679,14
2025-01-05 09:00:00,300020816,6
2025-01-05 09:00:00,300020817,1
2025-01-05 09:00:00,300021685,0
2025-01-05 09:00:00,300028650,2
2025-01-05 10:00:00,100001753,1
2025-01-05 10:00:00,100003032,9
2025-01-05 10:00:00,100003040,0
2025-01-05 10:00:00,100003041,7
2025-01-05 10:00:00,100003042,8
2025-01-05 10:00:00,100004575,0
2025-01-05 10:00:00,100007390,20
2025-01-05 10:00:00,100011747,0
2025-01-05 10:00:00,100011783,9
2025-01-05 10:00:00,100012217,11
2025-01-05 10:00:00,100012218,0
2025-01-05 10:00:00,100017441,7
2025-01-05 10:00:00,100017523,0
2025-01-05 10:00:00,100025474,16
2025-01-05 10:00:00,100035408,5
2025-01-05 10:00:00,100035409,0
2025-01-05 10:00:00,100041114,1
2025-01-05 10:00:00,100047030,1
2025-01-05 10:00:00,100052600,4
2025-01-05 10:00:00,100052602,0
2025-01-05 10:00:00,100052603,4
2025-01-05 10:00:00,100052605,0
2025-01-05 10:00:00,100052606,2
2025-01-05 10:00:00,100053055,0
2025-01-05 10:00:00,100053059,2
2025-01-05 10:00:00,100053210,1
2025-01-05 10:00:00,100054073,0
2025-01-05 10:00:00,100055268,3
2025-01-05 10:00:00,100056188,6
2025-01-05 10:00:00,300014985,3
2025-01-05 10:00:00,300014986,8
2025-01-05 10:00:00,300014993,2
2025-01-05 10:00:00,300014994,6
2025-01-05 10:00:00,300014995,6
2025-01-05 10:00:00,300014996,5
2025-01-05 10:00:00,300020478,6
2025-01-05 10:00:00,300020679,21
2025-01-05 10:00:00,300020816,8
2025-01-05 10:00:00,300020817,5
2025-01-05 10:00:00,300021685,0
2025-01-05 10:00:00,300028650,4
2025-01-05 11:00:00,100001753,2
2025-01-05 11:00:00,100003032,5
2025-01-05 11:00:00,100003040,0
2025-01-05 11:00:00,100003041,8
2025-01-05 11:00:00,100003042,3
2025-01-05 11:00:00,100004575,0
2025-01-05 11:00:00,100007390,7
2025-01-05 11:00:00,100011747,0
2025-01-05 11:00:00,100011783,4
2025-01-05 11:00:00,100012217,8
2025-01-05 11:00:00,100012218,0
2025-01-05 11:00:00,100017441,6
2025-01-05 11:00:00,100017523,0
2025-01-05 11:00:00,100025474,17
2025-01-05 11:00:00,100035408,3
2025-01-05 11:00:00,100035409,0
2025-01-05 11:00:00,100041114,1
2025-01-05 11:00:00,100047030,1
2025-01-05 11:00:00,100052600,8
2025-01-05 11:00:00,100052602,0
2025-01-05 11:00:00,100052603,2
2025-01-05 11:00:00,100052605,1
2025-01-05 11:00:00,100052606,2
2025-01-05 11:00:00,100053055,0
2025-01-05 11:00:00,100053059,0
2025-01-05 11:00:00,100053210,0
2025-01-05 11:00:00,100054073,0
2025-01-05 11:00:00,100055268,3
2025-01-05 11:00:00,100056188,10
2025-01-05 11:00:00,300014985,15
2025-01-05 11:00:00,300014986,5
2025-01-05 11:00:00,300014993,2
2025-01-05 11:00:00,300014994,3
2025-01-05 11:00:00,300014995,5
2025-01-05 11:00:00,300014996,7
2025-01-05 11:00:00,300020478,4
2025-01-05 11:00:00,300020679,21
2025-01-05 11:00:00,300020816,17
2025-01-05 11:00:00,300020817,6
2025-01-05 11:00:00,300021685,0
2025-01-05 11:00:00,300028650,2
2025-01-05 12:00:00,100001753,2
2025-01-05 12:00:00,100003032,12
2025-01-05 12:00:00,100003040,2
2025-01-05 12:00:00,100003041,3
2025-01-05 12:00:00,100003042,11
2025-01-05 12:00:00,100004575,0
2025-01-05 12:00:00,100007390,17
2025-01-05 12:00:00,100011747,0
2025-01-05 12:00:00,100011783,5
2025-01-05 12:00:00,100012217,13
2025-01-05 12:00:00,100012218,0
2025-01-05 12:00:00,100017441,8
2025-01-05 12:00:00,100017523,1
2025-01-05 12:00:00,100025474,33
2025-01-05 12:00:00,100035408,4
2025-01-05 12:00:00,100035409,0
2025-01-05 12:00:00,100041114,1
2025-01-05 12:00:00,100047030,1
2025-01-05 12:00:00,100052600,2
2025-01-05 12:00:00,100052602,0
2025-01-05 12:00:00,100052603,1
2025-01-05 12:00:00,100052605,1
2025-01-05 12:00:00,100052606,0
2025-01-05 12:00:00,100053055,0
2025-01-05 12:00:00,100053059,1
2025-01-05 12:00:00,100053210,1
2025-01-05 12:00:00,100054073,1
2025-01-05 12:00:00,100055268,0
2025-01-05 12:00:00,100056188,8
2025-01-05 12:00:00,300014985,15
2025-01-05 12:00:00,300014986,8
2025-01-05 12:00:00,300014993,3
2025-01-05 12:00:00,300014994,5
2025-01-05 12:00:00,300014995,6
2025-01-05 12:00:00,300014996,14
2025-01-05 12:00:00,300020478,2
2025-01-05 12:00:00,300020679,11
2025-01-05 12:00:00,300020816,12
2025-01-05 12:00:00,300020817,4
2025-01-05 12:00:00,300021685,0
2025-01-05 12:00:00,300028650,4
2025-01-05 13:00:00,100001753,1
2025-01-05 13:00:00,100003032,10
2025-01-05 13:00:00,100003040,1
2025-01-05 13:00:00,100003041,4
2025-01-05 13:00:00,100003042,13
2025-01-05 13:00:00,100004575,0
2025-01-05 13:00:00,100007390,22
2025-01-05 13:00:00,100011747,0
2025-01-05 13:00:00,100011783,4
2025-01-05 13:00:00,100012217,9
2025-01-05 13:00:00,100012218,0
2025-01-05 13:00:00,100017441,15
2025-01-05 13:00:00,100017523,2
2025-01-05 13:00:00,100025474,32
2025-01-05 13:00:00,100035408,2
2025-01-05 13:00:00,100035409,0
2025-01-05 13:00:00,100041114,5
2025-01-05 13:00:00,100047030,3
2025-01-05 13:00:00,100052600,7
2025-01-05 13:00:00,100052602,0
2025-01-05 13:00:00,100052603,3
2025-01-05 13:00:00,100052605,1
2025-01-05 13:00:00,100052606,3
2025-01-05 13:00:00,100053055,1
2025-01-05 13:00:00,100053059,1
2025-01-05 13:00:00,100053210,5
2025-01-05 13:00:00,100054073,0
2025-01-05 13:00:00,100055268,7
2025-01-05 13:00:00,100056188,11
2025-01-05 13:00:00,300014985,18
2025-01-05 13:00:00,300014986,10
2025-01-05 13:00:00,300014993,2
2025-01-05 13:00:00,300014994,3
2025-01-05 13:00:00,300014995,16
2025-01-05 13:00:00,300014996,20
2025-01-05 13:00:00,300020478,4
2025-01-05 13:00:00,300020679,26
2025-01-05 13:00:00,300020816,13
2025-01-05 13:00:00,300020817,8
2025-01-05 13:00:00,300021685,0
2025-01-05 13:00:00,300028650,7
2025-01-05 14:00:00,100001753,1
2025-01-05 14:00:00,100003032,12
2025-01-05 14:00:00,100003040,0
2025-01-05 14:00:00,100003041,12
2025-01-05 14:00:00,100003042,11
2025-01-05 14:00:00,100004575,0
2025-01-05 14:00:00,100007390,21
2025-01-05 14:00:00,100011747,3
2025-01-05 14:00:00,100011783,3
2025-01-05 14:00:00,100012217,15
2025-01-05 14:00:00,100012218,0
2025-01-05 14:00:00,100017441,10
2025-01-05 14:00:00,100017523,2
2025-01-05 14:00:00,100025474,23
2025-01-05 14:00:00,100035408,0
2025-01-05 14:00:00,100035409,0
2025-01-05 14:00:00,100041114,3
2025-01-05 14:00:00,100047030,2
2025-01-05 14:00:00,100052600,11
2025-01-05 14:00:00,100052602,0
2025-01-05 14:00:00,100052603,4
2025-01-05 14:00:00,100052605,2
2025-01-05 14:00:00,100052606,0
2025-01-05 14:00:00,100053055,1
2025-01-05 14:00:00,100053059,5
2025-01-05 14:00:00,100053210,5
2025-01-05 14:00:00,100054073,1
2025-01-05 14:00:00,100055268,8
2025-01-05 14:00:00,100056188,13
2025-01-05 14:00:00,300014985,15
2025-01-05 14:00:00,300014986,15
2025-01-05 14:00:00,300014993,5
2025-01-05 14:00:00,300014994,3
2025-01-05 14:00:00,300014995,11
2025-01-05 14:00:00,300014996,17
2025-01-05 14:00:00,300020478,8
2025-01-05 14:00:00,300020679,25
2025-01-05 14:00:00,300020816,13
2025-01-05 14:00:00,300020817,5
2025-01-05 14:00:00,300021685,0
2025-01-05 14:00:00,300028650,3
2025-01-05 15:00:00,100001753,3
2025-01-05 15:00:00,100003032,20
2025-01-05 15:00:00,100003040,0
2025-01-05 15:00:00,100003041,12
2025-01-05 15:00:00,100003042,10
2025-01-05 15:00:00,100004575,0
2025-01-05 15:00:00,100007390,16
2025-01-05 15:00:00,100011747,0
2025-01-05 15:00:00,100011783,4
2025-01-05 15:00:00,100012217,16
2025-01-05 15:00:00,100012218,0
2025-01-05 15:00:00,100017441,11
2025-01-05 15:00:00,100017523,0
2025-01-05 15:00:00,100025474,15
2025-01-05 15:00:00,100035408,3
2025-01-05 15:00:00,100035409,0
2025-01-05 15:00:00,100041114,2
2025-01-05 15:00:00,100047030,4
2025-01-05 15:00:00,100052600,9
2025-01-05 15:00:00,100052602,0
2025-01-05 15:00:00,100052603,2
2025-01-05 15:00:00,100052605,1
2025-01-05 15:00:00,100052606,2
2025-01-05 15:00:00,100053055,1
2025-01-05 15:00:00,100053059,3
2025-01-05 15:00:00,100053210,1
2025-01-05 15:00:00,100054073,4
2025-01-05 15:00:00,100055268,7
2025-01-05 15:00:00,100056188,20
2025-01-05 15:00:00,300014985,12
2025-01-05 15:00:00,300014986,14
2025-01-05 15:00:00,300014993,1
2025-01-05 15:00:00,300014994,5
2025-01-05 15:00:00,300014995,23
2025-01-05 15:00:00,300014996,9
2025-01-05 15:00:00,300020478,5
2025-01-05 15:00:00,300020679,28
2025-01-05 15:00:00,300020816,9
2025-01-05 15:00:00,300020817,3
2025-01-05 15:00:00,300021685,0
2025-01-05 15:00:00,300028650,5
2025-01-05 16:00:00,100001753,1
2025-01-05 16:00:00,100003032,17
2025-01-05 16:00:00,100003040,2
2025-01-05 16:00:00,100003041,7
2025-01-05 16:00:00,100003042,7
2025-01-05 16:00:00,100004575,0
2025-01-05 16:00:00,100007390,16
2025-01-05 16:00:00,100011747,0
2025-01-05 16:00:00,100011783,3
2025-01-05 16:00:00,100012217,10
2025-01-05 16:00:00,100012218,0
2025-01-05 16:00:00,100017441,19
2025-01-05 16:00:00,100017523,2
2025-01-05 16:00:00,100025474,48
2025-01-05 16:00:00,100035408,0
2025-01-05 16:00:00,100035409,0
2025-01-05 16:00:00,100041114,8
2025-01-05 16:00:00,100047030,2
2025-01-05 16:00:00,100052600,6
2025-01-05 16:00:00,100052602,0
2025-01-05 16:00:00,100052603,3
2025-01-05 16:00:00,100052605,1
2025-01-05 16:00:00,100052606,2
2025-01-05 16:00:00,100053055,0
2025-01-05 16:00:00,100053059,4
2025-01-05 16:00:00,100053210,2
2025-01-05 16:00:00,100054073,2
2025-01-05 16:00:00,100055268,4
2025-01-05 16:00:00,100056188,9
2025-01-05 16:00:00,300014985,19
2025-01-05 16:00:00,300014986,14
2025-01-05 16:00:00,300014993,4
2025-01-05 16:00:00,300014994,1
2025-01-05 16:00:00,300014995,22
2025-01-05 16:00:00,300014996,9
2025-01-05 16:00:00,300020478,4
2025-01-05 16:00:00,300020679,29
2025-01-05 16:00:00,300020816,12
2025-01-05 16:00:00,300020817,8
2025-01-05 16:00:00,300021685,0
2025-01-05 16:00:00,300028650,6
2025-01-05 17:00:00,100001753,7
2025-01-05 17:00:00,100003032,18
2025-01-05 17:00:00,100003040,0
2025-01-05 17:00:00,100003041,4
2025-01-05 17:00:00,100003042,3
2025-01-05 17:00:00,100004575,0
2025-01-05 17:00:00,100007390,89
2025-01-05 17:00:00,100011747,2
2025-01-05 17:00:00,100011783,2
2025-01-05 17:00:00,100012217,11
2025-01-05 17:00:00,100012218,0
2025-01-05 17:00:00,100017441,9
2025-01-05 17:00:00,100017523,1
2025-01-05 17:00:00,100025474,111
2025-01-05 17:00:00,100035408,1
2025-01-05 17:00:00,100035409,0
2025-01-05 17:00:00,100041114,2
2025-01-05 17:00:00,100047030,3
2025-01-05 17:00:00,100052600,8
2025-01-05 17:00:00,100052602,0
2025-01-05 17:00:00,100052603,1
2025-01-05 17:00:00,100052605,0
2025-01-05 17:00:00,100052606,1
2025-01-05 17:00:00,100053055,1
2025-01-05 17:00:00,100053059,5
2025-01-05 17:00:00,100053210,0
2025-01-05 17:00:00,100054073,0
2025-01-05 17:00:00,100055268,4
2025-01-05 17:00:00,100056188,15
2025-01-05 17:00:00,300014985,13
2025-01-05 17:00:00,300014986,18
2025-01-05 17:00:00,300014993,3
2025-01-05 17:00:00,300014994,2
2025-01-05 17:00:00,300014995,24
2025-01-05 17:00:00,300014996,12
2025-01-05 17:00:00,300020478,3
2025-01-05 17:00:00,300020679,21
2025-01-05 17:00:00,300020816,6
2025-01-05 17:00:00,300020817,3
2025-01-05 17:00:00,300021685,0
2025-01-05 17:00:00,300028650,4
2025-01-05 18:00:00,100001753,0
2025-01-05 18:00:00,100003032,8
2025-01-05 18:00:00,100003040,0
2025-01-05 18:00:00,100003041,8
2025-01-05 18:00:00,100003042,3
2025-01-05 18:00:00,100004575,0
2025-01-05 18:00:00,100007390,41
2025-01-05 18:00:00,100011747,3
2025-01-05 18:00:00,100011783,2
2025-01-05 18:00:00,100012217,5
2025-01-05 18:00:00,100012218,0
2025-01-05 18:00:00,100017441,9
2025-01-05 18:00:00,100017523,0
2025-01-05 18:00:00,100025474,47
2025-01-05 18:00:00,100035408,2
2025-01-05 18:00:00,100035409,0
2025-01-05 18:00:00,100041114,1
2025-01-05 18:00:00,100047030,2
2025-01-05 18:00:00,100052600,6
2025-01-05 18:00:00,100052602,0
2025-01-05 18:00:00,100052603,1
2025-01-05 18:00:00,100052605,0
2025-01-05 18:00:00,100052606,1
2025-01-05 18:00:00,100053055,1
2025-01-05 18:00:00,100053059,0
2025-01-05 18:00:00,100053210,1
2025-01-05 18:00:00,100054073,0
2025-01-05 18:00:00,100055268,1
2025-01-05 18:00:00,100056188,2
2025-01-05 18:00:00,300014985,11
2025-01-05 18:00:00,300014986,21
2025-01-05 18:00:00,300014993,3
2025-01-05 18:00:00,300014994,1
2025-01-05 18:00:00,300014995,15
2025-01-05 18:00:00,300014996,12
2025-01-05 18:00:00,300020478,0
2025-01-05 18:00:00,300020679,23
2025-01-05 18:00:00,300020816,7
2025-01-05 18:00:00,300020817,9
2025-01-05 18:00:00,300021685,0
2025-01-05 18:00:00,300028650,2
2025-01-05 19:00:00,100001753,1
2025-01-05 19:00:00,100003032,9
2025-01-05 19:00:00,100003040,0
2025-01-05 19:00:00,100003041,8
2025-01-05 19:00:00,100003042,6
2025-01-05 19:00:00,100004575,0
2025-01-05 19:00:00,100007390,51
2025-01-05 19:00:00,100011747,0
2025-01-05 19:00:00,100011783,1
2025-01-05 19:00:00,100012217,9
2025-01-05 19:00:00,100012218,0
2025-01-05 19:00:00,100017441,4
2025-01-05 19:00:00,100017523,0
2025-01-05 19:00:00,100025474,39
2025-01-05 19:00:00,100035408,3
2025-01-05 19:00:00,100035409,0
2025-01-05 19:00:00,100041114,0
2025-01-05 19:00:00,100047030,1
2025-01-05 19:00:00,100052600,2
2025-01-05 19:00:00,100052602,0
2025-01-05 19:00:00,100052603,0
2025-01-05 19:00:00,100052605,0
2025-01-05 19:00:00,100052606,3
2025-01-05 19:00:00,100053055,0
2025-01-05 19:00:00,100053059,2
2025-01-05 19:00:00,100053210,0
2025-01-05 19:00:00,100054073,0
2025-01-05 19:00:00,100055268,1
2025-01-05 19:00:00,100056188,3
2025-01-05 19:00:00,300014985,4
2025-01-05 19:00:00,300014986,9
2025-01-05 19:00:00,300014993,4
2025-01-05 19:00:00,300014994,0
2025-01-05 19:00:00,300014995,7
2025-01-05 19:00:00,300014996,3
2025-01-05 19:00:00,300020478,5
2025-01-05 19:00:00,300020679,10
2025-01-05 19:00:00,300020816,4
2025-01-05 19:00:00,300020817,2
2025-01-05 19:00:00,300021685,0
2025-01-05 19:00:00,300028650,2
2025-01-05 20:00:00,100001753,0
2025-01-05 20:00:00,100003032,5
2025-01-05 20:00:00,100003040,0
2025-01-05 20:00:00,100003041,5
2025-01-05 20:00:00,100003042,2
2025-01-05 20:00:00,100004575,0
2025-01-05 20:00:00,100007390,79
2025-01-05 20:00:00,100011747,0
2025-01-05 20:00:00,100011783,1
2025-01-05 20:00:00,100012217,4
2025-01-05 20:00:00,100012218,0
2025-01-05 20:00:00,100017441,3
2025-01-05 20:00:00,100017523,0
2025-01-05 20:00:00,100025474,51
2025-01-05 20:00:00,100035408,1
2025-01-05 20:00:00,100035409,0
2025-01-05 20:00:00,100041114,0
2025-01-05 20:00:00,100047030,4
2025-01-05 20:00:00,100052600,3
2025-01-05 20:00:00,100052602,0
2025-01-05 20:00:00,100052603,0
2025-01-05 20:00:00,100052605,0
2025-01-05 20:00:00,100052606,3
2025-01-05 20:00:00,100053055,0
2025-01-05 20:00:00,100053059,0
2025-01-05 20:00:00,100053210,1
2025-01-05 20:00:00,100054073,0
2025-01-05 20:00:00,100055268,2
2025-01-05 20:00:00,100056188,0
2025-01-05 20:00:00,300014985,4
2025-01-05 20:00:00,300014986,6
2025-01-05 20:00:00,300014993,1
2025-01-05 20:00:00,300014994,1
2025-01-05 20:00:00,300014995,10
2025-01-05 20:00:00,300014996,6
2025-01-05 20:00:00,300020478,2
2025-01-05 20:00:00,300020679,11
2025-01-05 20:00:00,300020816,3
2025-01-05 20:00:00,300020817,4
2025-01-05 20:00:00,300021685,0
2025-01-05 20:00:00,300028650,2
2025-01-05 21:00:00,100001753,2
2025-01-05 21:00:00,100003032,7
2025-01-05 21:00:00,100003040,0
2025-01-05 21:00:00,100003041,2
2025-01-05 21:00:00,100003042,4
2025-01-05 21:00:00,100004575,0
2025-01-05 21:00:00,100007390,130
2025-01-05 21:00:00,100011747,0
2025-01-05 21:00:00,100011783,0
2025-01-05 21:00:00,100012217,7
2025-01-05 21:00:00,100012218,0
2025-01-05 21:00:00,100017441,7
2025-01-05 21:00:00,100017523,0
2025-01-05 21:00:00,100025474,24
2025-01-05 21:00:00,100035408,2
2025-01-05 21:00:00,100035409,0
2025-01-05 21:00:00,100041114,0
2025-01-05 21:00:00,100047030,0
2025-01-05 21:00:00,100052600,1
2025-01-05 21:00:00,100052602,0
2025-01-05 21:00:00,100052603,0
2025-01-05 21:00:00,100052605,0
2025-01-05 21:00:00,100052606,2
2025-01-05 21:00:00,100053055,0
2025-01-05 21:00:00,100053059,1
2025-01-05 21:00:00,100053210,0
2025-01-05 21:00:00,100054073,0
2025-01-05 21:00:00,100055268,1
2025-01-05 21:00:00,100056188,3
2025-01-05 21:00:00,300014985,2
2025-01-05 21:00:00,300014986,4
2025-01-05 21:00:00,300014993,2
2025-01-05 21:00:00,300014994,3
2025-01-05 21:00:00,300014995,8
2025-01-05 21:00:00,300014996,4
2025-01-05 21:00:00,300020478,2
2025-01-05 21:00:00,300020679,3
2025-01-05 21:00:00,300020816,1
2025-01-05 21:00:00,300020817,3
2025-01-05 21:00:00,300021685,0
2025-01-05 21:00:00,300028650,1
2025-01-05 22:00:00,100001753,2
2025-01-05 22:00:00,100003032,10
2025-01-05 22:00:00,100003040,0
2025-01-05 22:00:00,100003041,2
2025-01-05 22:00:00,100003042,2
2025-01-05 22:00:00,100004575,0
2025-01-05 22:00:00,100007390,133
2025-01-05 22:00:00,100011747,1
2025-01-05 22:00:00,100011783,1
2025-01-05 22:00:00,100012217,1
2025-01-05 22:00:00,100012218,0
2025-01-05 22:00:00,100017441,1
2025-01-05 22:00:00,100017523,0
2025-01-05 22:00:00,100025474,7
2025-01-05 22:00:00,100035408,0
2025-01-05 22:00:00,100035409,0
2025-01-05 22:00:00,100041114,0
2025-01-05 22:00:00,100047030,0
2025-01-05 22:00:00,100052600,3
2025-01-05 22:00:00,100052602,0
2025-01-05 22:00:00,100052603,1
2025-01-05 22:00:00,100052605,1
2025-01-05 22:00:00,100052606,0
2025-01-05 22:00:00,100053055,0
2025-01-05 22:00:00,100053059,0
2025-01-05 22:00:00,100053210,0
2025-01-05 22:00:00,100054073,0
2025-01-05 22:00:00,100055268,2
2025-01-05 22:00:00,100056188,5
2025-01-05 22:00:00,300014985,3
2025-01-05 22:00:00,300014986,5
2025-01-05 22:00:00,300014993,0
2025-01-05 22:00:00,300014994,1
2025-01-05 22:00:00,300014995,1
2025-01-05 22:00:00,300014996,3
2025-01-05 22:00:00,300020478,1
2025-01-05 22:00:00,300020679,5
2025-01-05 22:00:00,300020816,3
2025-01-05 22:00:00,300020817,9
2025-01-05 22:00:00,300021685,0
2025-01-05 22:00:00,300028650,2
2025-01-05 23:00:00,100001753,1
2025-01-05 23:00:00,100003032,4
2025-01-05 23:00:00,100003040,0
2025-01-05 23:00:00,100003041,1
2025-01-05 23:00:00,100003042,0
2025-01-05 23:00:00,100004575,0
2025-01-05 23:00:00,100007390,79
2025-01-05 23:00:00,100011747,1
2025-01-05 23:00:00,100011783,0
2025-01-05 23:00:00,100012217,3
2025-01-05 23:00:00,100012218,0
2025-01-05 23:00:00,100017441,2
2025-01-05 23:00:00,100017523,0
2025-01-05 23:00:00,100025474,1
2025-01-05 23:00:00,100035408,0
2025-01-05 23:00:00,100035409,0
2025-01-05 23:00:00,100041114,0
2025-01-05 23:00:00,100047030,0
2025-01-05 23:00:00,100052600,3
2025-01-05 23:00:00,100052602,0
2025-01-05 23:00:00,100052603,0
2025-01-05 23:00:00,100052605,0
2025-01-05 23:00:00,100052606,0
2025-01-05 23:00:00,100053055,0
2025-01-05 23:00:00,100053059,0
2025-01-05 23:00:00,100053210,0
2025-01-05 23:00:00,100054073,0
2025-01-05 23:00:00,100055268,0
2025-01-05 23:00:00,100056188,3
2025-01-05 23:00:00,300014985,3
2025-01-05 23:00:00,300014986,4
2025-01-05 23:00:00,300014993,0
2025-01-05 23:00:00,300014994,1
2025-01-05 23:00:00,300014995,5
2025-01-05 23:00:00,300014996,1
2025-01-05 23:00:00,300020478,1
2025-01-05 23:00:00,300020679,6
2025-01-05 23:00:00,300020816,1
2025-01-05 23:00:00,300020817,1
2025-01-05 23:00:00,300021685,0
2025-01-05 23:00:00,300028650,0
2025-01-06 00:00:00,100001753,0
2025-01-06 00:00:00,100003032,2
2025-01-06 00:00:00,100003040,0
2025-01-06 00:00:00,100003041,1
2025-01-06 00:00:00,100003042,0
2025-01-06 00:00:00,100004575,0
2025-01-06 00:00:00,100007390,98
2025-01-06 00:00:00,100011747,0
2025-01-06 00:00:00,100011783,1
2025-01-06 00:00:00,100012217,2
2025-01-06 00:00:00,100012218,0
2025-01-06 00:00:00,100017441,1
2025-01-06 00:00:00,100017523,0
2025-01-06 00:00:00,100025474,8
2025-01-06 00:00:00,100035408,3
2025-01-06 00:00:00,100035409,0
2025-01-06 00:00:00,100041114,0
2025-01-06 00:00:00,100047030,0
2025-01-06 00:00:00,100052600,0
2025-01-06 00:00:00,100052602,0
2025-01-06 00:00:00,100052603,0
2025-01-06 00:00:00,100052605,0
2025-01-06 00:00:00,100052606,0
2025-01-06 00:00:00,100053055,1
2025-01-06 00:00:00,100053059,0
2025-01-06 00:00:00,100053210,0
2025-01-06 00:00:00,100054073,0
2025-01-06 00:00:00,100055268,0
2025-01-06 00:00:00,100056188,3
2025-01-06 00:00:00,300014985,1
2025-01-06 00:00:00,300014986,6
2025-01-06 00:00:00,300014993,2
2025-01-06 00:00:00,300014994,0
2025-01-06 00:00:00,300014995,2
2025-01-06 00:00:00,300014996,3
2025-01-06 00:00:00,300020478,1
2025-01-06 00:00:00,300020679,3
2025-01-06 00:00:00,300020816,0
2025-01-06 00:00:00,300020817,2
2025-01-06 00:00:00,300021685,0
2025-01-06 00:00:00,300028650,0
2025-01-06 01:00:00,100001753,0
2025-01-06 01:00:00,100003032,0
2025-01-06 01:00:00,100003040,0
2025-01-06 01:00:00,100003041,0
2025-01-06 01:00:00,100003042,0
2025-01-06 01:00:00,100004575,0
2025-01-06 01:00:00,100007390,79
2025-01-06 01:00:00,100011747,0
2025-01-06 01:00:00,100011783,0
2025-01-06 01:00:00,100012217,1
2025-01-06 01:00:00,100012218,0
2025-01-06 01:00:00,100017441,0
2025-01-06 01:00:00,100017523,0
2025-01-06 01:00:00,100025474,11
2025-01-06 01:00:00,100035408,0
2025-01-06 01:00:00,100035409,0
2025-01-06 01:00:00,100041114,0
2025-01-06 01:00:00,100047030,0
2025-01-06 01:00:00,100052600,0
2025-01-06 01:00:00,100052602,0
2025-01-06 01:00:00,100052603,0
2025-01-06 01:00:00,100052605,0
2025-01-06 01:00:00,100052606,0
2025-01-06 01:00:00,100053055,0
2025-01-06 01:00:00,100053059,0
2025-01-06 01:00:00,100053210,0
2025-01-06 01:00:00,100054073,0
2025-01-06 01:00:00,100055268,0
2025-01-06 01:00:00,100056188,3
2025-01-06 01:00:00,300014985,1
2025-01-06 01:00:00,300014986,1
2025-01-06 01:00:00,300014993,0
2025-01-06 01:00:00,300014994,0
2025-01-06 01:00:00,300014995,1
2025-01-06 01:00:00,300014996,1
2025-01-06 01:00:00,300020478,0
2025-01-06 01:00:00,300020679,0
2025-01-06 01:00:00,300020816,0
2025-01-06 01:00:00,300020817,2
2025-01-06 01:00:00,300021685,0
2025-01-06 01:00:00,300028650,0
2025-01-06 02:00:00,100001753,0
2025-01-06 02:00:00,100003032,1
2025-01-06 02:00:00,100003040,0
2025-01-06 02:00:00,100003041,0
2025-01-06 02:00:00,100003042,0
2025-01-06 02:00:00,100004575,0
2025-01-06 02:00:00,100007390,67
2025-01-06 02:00:00,100011747,1
2025-01-06 02:00:00,100011783,0
2025-01-06 02:00:00,100012217,1
2025-01-06 02:00:00,100012218,0
2025-01-06 02:00:00,100017441,0
2025-01-06 02:00:00,100017523,0
2025-01-06 02:00:00,100025474,23
2025-01-06 02:00:00,100035408,1
2025-01-06 02:00:00,100035409,0
2025-01-06 02:00:00,100041114,0
2025-01-06 02:00:00,100047030,1
2025-01-06 02:00:00,100052600,0
2025-01-06 02:00:00,100052602,0
2025-01-06 02:00:00,100052603,0
2025-01-06 02:00:00,100052605,0
2025-01-06 02:00:00,100052606,0
2025-01-06 02:00:00,100053055,0
2025-01-06 02:00:00,100053059,0
2025-01-06 02:00:00,100053210,0
2025-01-06 02:00:00,100054073,0
2025-01-06 02:00:00,100055268,1
2025-01-06 02:00:00,100056188,0
2025-01-06 02:00:00,300014985,0
2025-01-06 02:00:00,300014986,1
2025-01-06 02:00:00,300014993,0
2025-01-06 02:00:00,300014994,0
2025-01-06 02:00:00,300014995,1
2025-01-06 02:00:00,300014996,2
2025-01-06 02:00:00,300020478,0
2025-01-06 02:00:00,300020679,0
2025-01-06 02:00:00,300020816,0
2025-01-06 02:00:00,300020817,2
2025-01-06 02:00:00,300021685,0
2025-01-06 02:00:00,300028650,0
2025-01-06 03:00:00,100001753,0
2025-01-06 03:00:00,100003032,0
2025-01-06 03:00:00,100003040,0
2025-01-06 03:00:00,100003041,0
2025-01-06 03:00:00,100003042,0
2025-01-06 03:00:00,100004575,0
2025-01-06 03:00:00,100007390,180
2025-01-06 03:00:00,100011747,0
2025-01-06 03:00:00,100011783,0
2025-01-06 03:00:00,100012217,2
2025-01-06 03:00:00,100012218,0
2025-01-06 03:00:00,100017441,0
2025-01-06 03:00:00,100017523,0
2025-01-06 03:00:00,100025474,11
2025-01-06 03:00:00,100035408,0
2025-01-06 03:00:00,100035409,0
2025-01-06 03:00:00,100041114,0
2025-01-06 03:00:00,100047030,0
2025-01-06 03:00:00,100052600,1
2025-01-06 03:00:00,100052602,0
2025-01-06 03:00:00,100052603,0
2025-01-06 03:00:00,100052605,0
2025-01-06 03:00:00,100052606,0
2025-01-06 03:00:00,100053055,0
2025-01-06 03:00:00,100053059,0
2025-01-06 03:00:00,100053210,0
2025-01-06 03:00:00,100054073,0
2025-01-06 03:00:00,100055268,0
2025-01-06 03:00:00,100056188,0
2025-01-06 03:00:00,300014985,0
2025-01-06 03:00:00,300014986,2
2025-01-06 03:00:00,300014993,0
2025-01-06 03:00:00,300014994,0
2025-01-06 03:00:00,300014995,1
2025-01-06 03:00:00,300014996,0
2025-01-06 03:00:00,300020478,0
2025-01-06 03:00:00,300020679,0
2025-01-06 03:00:00,300020816,0
2025-01-06 03:00:00,300020817,0
2025-01-06 03:00:00,300021685,0
2025-01-06 03:00:00,300028650,1
2025-01-06 04:00:00,100001753,1
2025-01-06 04:00:00,100003032,1
2025-01-06 04:00:00,100003040,0
2025-01-06 04:00:00,100003041,0
2025-01-06 04:00:00,100003042,1
2025-01-06 04:00:00,100004575,0
2025-01-06 04:00:00,100007390,167
2025-01-06 04:00:00,100011747,0
2025-01-06 04:00:00,100011783,0
2025-01-06 04:00:00,100012217,0
2025-01-06 04:00:00,100012218,0
2025-01-06 04:00:00,100017441,2
2025-01-06 04:00:00,100017523,0
2025-01-06 04:00:00,100025474,1
2025-01-06 04:00:00,100035408,2
2025-01-06 04:00:00,100035409,0
2025-01-06 04:00:00,100041114,0
2025-01-06 04:00:00,100047030,2
2025-01-06 04:00:00,100052600,0
2025-01-06 04:00:00,100052602,0
2025-01-06 04:00:00,100052603,0
2025-01-06 04:00:00,100052605,1
2025-01-06 04:00:00,100052606,0
2025-01-06 04:00:00,100053055,0
2025-01-06 04:00:00,100053059,0
2025-01-06 04:00:00,100053210,0
2025-01-06 04:00:00,100054073,0
2025-01-06 04:00:00,100055268,0
2025-01-06 04:00:00,100056188,1
2025-01-06 04:00:00,300014985,2
2025-01-06 04:00:00,300014986,1
2025-01-06 04:00:00,300014993,0
2025-01-06 04:00:00,300014994,1
2025-01-06 04:00:00,300014995,0
2025-01-06 04:00:00,300014996,1
2025-01-06 04:00:00,300020478,0
2025-01-06 04:00:00,300020679,0
2025-01-06 04:00:00,300020816,2
2025-01-06 04:00:00,300020817,0
2025-01-06 04:00:00,300021685,0
2025-01-06 04:00:00,300028650,0
2025-01-06 05:00:00,100001753,0
2025-01-06 05:00:00,100003032,3
2025-01-06 05:00:00,100003040,1
2025-01-06 05:00:00,100003041,1
2025-01-06 05:00:00,100003042,0
2025-01-06 05:00:00,100004575,0
2025-01-06 05:00:00,100007390,159
2025-01-06 05:00:00,100011747,0
2025-01-06 05:00:00,100011783,0
2025-01-06 05:00:00,100012217,1
2025-01-06 05:00:00,100012218,0
2025-01-06 05:00:00,100017441,3
2025-01-06 05:00:00,100017523,0
2025-01-06 05:00:00,100025474,2
2025-01-06 05:00:00,100035408,0
2025-01-06 05:00:00,100035409,0
2025-01-06 05:00:00,100041114,0
2025-01-06 05:00:00,100047030,0
2025-01-06 05:00:00,100052600,3
2025-01-06 05:00:00,100052602,0
2025-01-06 05:00:00,100052603,1
2025-01-06 05:00:00,100052605,2
2025-01-06 05:00:00,100052606,2
2025-01-06 05:00:00,100053055,0
2025-01-06 05:00:00,100053059,0
2025-01-06 05:00:00,100053210,0
2025-01-06 05:00:00,100054073,1
2025-01-06 05:00:00,100055268,1
2025-01-06 05:00:00,100056188,2
2025-01-06 05:00:00,300014985,3
2025-01-06 05:00:00,300014986,0
2025-01-06 05:00:00,300014993,0
2025-01-06 05:00:00,300014994,0
2025-01-06 05:00:00,300014995,0
2025-01-06 05:00:00,300014996,2
2025-01-06 05:00:00,300020478,0
2025-01-06 05:00:00,300020679,7
2025-01-06 05:00:00,300020816,2
2025-01-06 05:00:00,300020817,0
2025-01-06 05:00:00,300021685,1
2025-01-06 05:00:00,300028650,0
2025-01-06 06:00:00,100001753,10
2025-01-06 06:00:00,100003032,10
2025-01-06 06:00:00,100003040,0
2025-01-06 06:00:00,100003041,6
2025-01-06 06:00:00,100003042,7
2025-01-06 06:00:00,100004575,0
2025-01-06 06:00:00,100007390,258
2025-01-06 06:00:00,100011747,2
2025-01-06 06:00:00,100011783,6
2025-01-06 06:00:00,100012217,4
2025-01-06 06:00:00,100012218,0
2025-01-06 06:00:00,100017441,13
2025-01-06 06:00:00,100017523,0
2025-01-06 06:00:00,100025474,6
2025-01-06 06:00:00,100035408,2
2025-01-06 06:00:00,100035409,0
2025-01-06 06:00:00,100041114,2
2025-01-06 06:00:00,100047030,0
2025-01-06 06:00:00,100052600,2
2025-01-06 06:00:00,100052602,0
2025-01-06 06:00:00,100052603,1
2025-01-06 06:00:00,100052605,2
2025-01-06 06:00:00,100052606,3
2025-01-06 06:00:00,100053055,0
2025-01-06 06:00:00,100053059,0
2025-01-06 06:00:00,100053210,1
2025-01-06 06:00:00,100054073,2
2025-01-06 06:00:00,100055268,1
2025-01-06 06:00:00,100056188,7
2025-01-06 06:00:00,300014985,16
2025-01-06 06:00:00,300014986,4
2025-01-06 06:00:00,300014993,4
2025-01-06 06:00:00,300014994,6
2025-01-06 06:00:00,300014995,2
2025-01-06 06:00:00,300014996,12
2025-01-06 06:00:00,300020478,5
2025-01-06 06:00:00,300020679,18
2025-01-06 06:00:00,300020816,10
2025-01-06 06:00:00,300020817,3
2025-01-06 06:00:00,300021685,1
2025-01-06 06:00:00,300028650,3
2025-01-06 07:00:00,100001753,14
2025-01-06 07:00:00,100003032,50
2025-01-06 07:00:00,100003040,0
2025-01-06 07:00:00,100003041,16
2025-01-06 07:00:00,100003042,23
2025-01-06 07:00:00,100004575,0
2025-01-06 07:00:00,100007390,536
2025-01-06 07:00:00,100011747,4
2025-01-06 07:00:00,100011783,17
2025-01-06 07:00:00,100012217,13
2025-01-06 07:00:00,100012218,0
2025-01-06 07:00:00,100017441,35
2025-01-06 07:00:00,100017523,0
2025-01-06 07:00:00,100025474,27
2025-01-06 07:00:00,100035408,7
2025-01-06 07:00:00,100035409,0
2025-01-06 07:00:00,100041114,5
2025-01-06 07:00:00,100047030,15
2025-01-06 07:00:00,100052600,21
2025-01-06 07:00:00,100052602,1
2025-01-06 07:00:00,100052603,3
2025-01-06 07:00:00,100052605,3
2025-01-06 07:00:00,100052606,5
2025-01-06 07:00:00,100053055,1
2025-01-06 07:00:00,100053059,0
2025-01-06 07:00:00,100053210,4
2025-01-06 07:00:00,100054073,2
2025-01-06 07:00:00,100055268,11
2025-01-06 07:00:00,100056188,20
2025-01-06 07:00:00,300014985,38
2025-01-06 07:00:00,300014986,13
2025-01-06 07:00:00,300014993,11
2025-01-06 07:00:00,300014994,15
2025-01-06 07:00:00,300014995,5
2025-01-06 07:00:00,300014996,54
2025-01-06 07:00:00,300020478,12
2025-01-06 07:00:00,300020679,66
2025-01-06 07:00:00,300020816,27
2025-01-06 07:00:00,300020817,20
2025-01-06 07:00:00,300021685,0
2025-01-06 07:00:00,300028650,10
2025-01-06 08:00:00,100001753,17
2025-01-06 08:00:00,100003032,93
2025-01-06 08:00:00,100003040,3
2025-01-06 08:00:00,100003041,42
2025-01-06 08:00:00,100003042,48
2025-01-06 08:00:00,100004575,0
2025-01-06 08:00:00,100007390,97
2025-01-06 08:00:00,100011747,4
2025-01-06 08:00:00,100011783,28
2025-01-06 08:00:00,100012217,31
2025-01-06 08:00:00,100012218,0
2025-01-06 08:00:00,100017441,89
2025-01-06 08:00:00,100017523,10
2025-01-06 08:00:00,100025474,36
2025-01-06 08:00:00,100035408,17
2025-01-06 08:00:00,100035409,0
2025-01-06 08:00:00,100041114,2
2025-01-06 08:00:00,100047030,27
2025-01-06 08:00:00,100052600,37
2025-01-06 08:00:00,100052602,0
2025-01-06 08:00:00,100052603,5
2025-01-06 08:00:00,100052605,1
2025-01-06 08:00:00,100052606,7
2025-01-06 08:00:00,100053055,1
2025-01-06 08:00:00,100053059,8
2025-01-06 08:00:00,100053210,5
2025-01-06 08:00:00,100054073,3
2025-01-06 08:00:00,100055268,21
2025-01-06 08:00:00,100056188,35
2025-01-06 08:00:00,300014985,114
2025-01-06 08:00:00,300014986,34
2025-01-06 08:00:00,300014993,17
2025-01-06 08:00:00,300014994,18
2025-01-06 08:00:00,300014995,13
2025-01-06 08:00:00,300014996,108
2025-01-06 08:00:00,300020478,36
2025-01-06 08:00:00,300020679,123
2025-01-06 08:00:00,300020816,62
2025-01-06 08:00:00,300020817,20
2025-01-06 08:00:00,300021685,0
2025-01-06 08:00:00,300028650,27
2025-01-06 09:00:00,100001753,6
2025-01-06 09:00:00,100003032,47
2025-01-06 09:00:00,100003040,0
2025-01-06 09:00:00,100003041,23
2025-01-06 09:00:00,100003042,19
2025-01-06 09:00:00,100004575,0
2025-01-06 09:00:00,100007390,23
2025-01-06 09:00:00,100011747,5
2025-01-06 09:00:00,100011783,7
2025-01-06 09:00:00,100012217,15
2025-01-06 09:00:00,100012218,0
2025-01-06 09:00:00,100017441,34
2025-01-06 09:00:00,100017523,6
2025-01-06 09:00:00,100025474,36
2025-01-06 09:00:00,100035408,7
2025-01-06 09:00:00,100035409,0
2025-01-06 09:00:00,100041114,0
2025-01-06 09:00:00,100047030,25
2025-01-06 09:00:00,100052600,21
2025-01-06 09:00:00,100052602,0
2025-01-06 09:00:00,100052603,5
2025-01-06 09:00:00,100052605,3
2025-01-06 09:00:00,100052606,11
2025-01-06 09:00:00,100053055,0
2025-01-06 09:00:00,100053059,5
2025-01-06 09:00:00,100053210,5
2025-01-06 09:00:00,100054073,1
2025-01-06 09:00:00,100055268,5
2025-01-06 09:00:00,100056188,22
2025-01-06 09:00:00,300014985,68
2025-01-06 09:00:00,300014986,17
2025-01-06 09:00:00,300014993,5
2025-01-06 09:00:00,300014994,4
2025-01-06 09:00:00,300014995,17
2025-01-06 09:00:00,300014996,53
2025-01-06 09:00:00,300020478,14
2025-01-06 09:00:00,300020679,60
2025-01-06 09:00:00,300020816,27
2025-01-06 09:00:00,300020817,14
2025-01-06 09:00:00,300021685,0
2025-01-06 09:00:00,300028650,11
2025-01-06 10:00:00,100001753,5
2025-01-06 10:00:00,100003032,14
2025-01-06 10:00:00,100003040,0
2025-01-06 10:00:00,100003041,6
2025-01-06 10:00:00,100003042,14
2025-01-06 10:00:00,100004575,0
2025-01-06 10:00:00,100007390,18
2025-01-06 10:00:00,100011747,4
2025-01-06 10:00:00,100011783,8
2025-01-06 10:00:00,100012217,6
2025-01-06 10:00:00,100012218,0
2025-01-06 10:00:00,100017441,13
2025-01-06 10:00:00,100017523,2
2025-01-06 10:00:00,100025474,33
2025-01-06 10:00:00,100035408,1
2025-01-06 10:00:00,100035409,0
2025-01-06 10:00:00,100041114,0
2025-01-06 10:00:00,100047030,3
2025-01-06 10:00:00,100052600,7
2025-01-06 10:00:00,100052602,0
2025-01-06 10:00:00,100052603,3
2025-01-06 10:00:00,100052605,1
2025-01-06 10:00:00,100052606,3
2025-01-06 10:00:00,100053055,0
2025-01-06 10:00:00,100053059,4
2025-01-06 10:00:00,100053210,1
2025-01-06 10:00:00,100054073,1
2025-01-06 10:00:00,100055268,6
2025-01-06 10:00:00,100056188,7
2025-01-06 10:00:00,300014985,27
2025-01-06 10:00:00,300014986,8
2025-01-06 10:00:00,300014993,4
2025-01-06 10:00:00,300014994,2
2025-01-06 10:00:00,300014995,8
2025-01-06 10:00:00,300014996,20
2025-01-06 10:00:00,300020478,10
2025-01-06 10:00:00,300020679,18
2025-01-06 10:00:00,300020816,9
2025-01-06 10:00:00,300020817,1
2025-01-06 10:00:00,300021685,0
2025-01-06 10:00:00,300028650,2
2025-01-06 11:00:00,100001753,4
2025-01-06 11:00:00,100003032,19
2025-01-06 11:00:00,100003040,1
2025-01-06 11:00:00,100003041,14
2025-01-06 11:00:00,100003042,12
2025-01-06 11:00:00,100004575,0
2025-01-06 11:00:00,100007390,24
2025-01-06 11:00:00,100011747,2
2025-01-06 11:00:00,100011783,3
2025-01-06 11:00:00,100012217,9
2025-01-06 11:00:00,100012218,0
2025-01-06 11:00:00,100017441,14
2025-01-06 11:00:00,100017523,2
2025-01-06 11:00:00,100025474,24
2025-01-06 11:00:00,100035408,0
2025-01-06 11:00:00,100035409,0
2025-01-06 11:00:00,100041114,2
2025-01-06 11:00:00,100047030,5
2025-01-06 11:00:00,100052600,11
2025-01-06 11:00:00,100052602,0
2025-01-06 11:00:00,100052603,2
2025-01-06 11:00:00,100052605,0
2025-01-06 11:00:00,100052606,8
2025-01-06 11:00:00,100053055,0
2025-01-06 11:00:00,100053059,3
2025-01-06 11:00:00,100053210,2
2025-01-06 11:00:00,100054073,1
2025-01-06 11:00:00,100055268,1
2025-01-06 11:00:00,100056188,13
2025-01-06 11:00:00,300014985,14
2025-01-06 11:00:00,300014986,6
2025-01-06 11:00:00,300014993,1
2025-01-06 11:00:00,300014994,2
2025-01-06 11:00:00,300014995,20
2025-01-06 11:00:00,300014996,16
2025-01-06 11:00:00,300020478,11
2025-01-06 11:00:00,300020679,19
2025-01-06 11:00:00,300020816,12
2025-01-06 11:00:00,300020817,8
2025-01-06 11:00:00,300021685,0
2025-01-06 11:00:00,300028650,5
2025-01-06 12:00:00,100001753,8
2025-01-06 12:00:00,100003032,19
2025-01-06 12:00:00,100003040,1
2025-01-06 12:00:00,100003041,16
2025-01-06 12:00:00,100003042,11
2025-01-06 12:00:00,100004575,0
2025-01-06 12:00:00,100007390,33
2025-01-06 12:00:00,100011747,1
2025-01-06 12:00:00,100011783,5
2025-01-06 12:00:00,100012217,18
2025-01-06 12:00:00,100012218,0
2025-01-06 12:00:00,100017441,24
2025-01-06 12:00:00,100017523,1
2025-01-06 12:00:00,100025474,17
2025-01-06 12:00:00,100035408,7
2025-01-06 12:00:00,100035409,0
2025-01-06 12:00:00,100041114,0
2025-01-06 12:00:00,100047030,10
2025-01-06 12:00:00,100052600,13
2025-01-06 12:00:00,100052602,0
2025-01-06 12:00:00,100052603,2
2025-01-06 12:00:00,100052605,1
2025-01-06 12:00:00,100052606,2
2025-01-06 12:00:00,100053055,0
2025-01-06 12:00:00,100053059,10
2025-01-06 12:00:00,100053210,2
2025-01-06 12:00:00,100054073,2
2025-01-06 12:00:00,100055268,2
2025-01-06 12:00:00,100056188,11
2025-01-06 12:00:00,300014985,21
2025-01-06 12:00:00,300014986,25
2025-01-06 12:00:00,300014993,4
2025-01-06 12:00:00,300014994,3
2025-01-06 12:00:00,300014995,16
2025-01-06 12:00:00,300014996,16
2025-01-06 12:00:00,300020478,6
2025-01-06 12:00:00,300020679,36
2025-01-06 12:00:00,300020816,7
2025-01-06 12:00:00,300020817,7
2025-01-06 12:00:00,300021685,0
2025-01-06 12:00:00,300028650,6
2025-01-06 13:00:00,100001753,2
2025-01-06 13:00:00,100003032,29
2025-01-06 13:00:00,100003040,0
2025-01-06 13:00:00,100003041,9
2025-01-06 13:00:00,100003042,9
2025-01-06 13:00:00,100004575,0
2025-01-06 13:00:00,100007390,26
2025-01-06 13:00:00,100011747,6
2025-01-06 13:00:00,100011783,3
2025-01-06 13:00:00,100012217,11
2025-01-06 13:00:00,100012218,0
2025-01-06 13:00:00,100017441,10
2025-01-06 13:00:00,100017523,3
2025-01-06 13:00:00,100025474,10
2025-01-06 13:00:00,100035408,3
2025-01-06 13:00:00,100035409,0
2025-01-06 13:00:00,100041114,1
2025-01-06 13:00:00,100047030,3
2025-01-06 13:00:00,100052600,5
2025-01-06 13:00:00,100052602,0
2025-01-06 13:00:00,100052603,1
2025-01-06 13:00:00,100052605,1
2025-01-06 13:00:00,100052606,2
2025-01-06 13:00:00,100053055,4
2025-01-06 13:00:00,100053059,4
2025-01-06 13:00:00,100053210,4
2025-01-06 13:00:00,100054073,2
2025-01-06 13:00:00,100055268,1
2025-01-06 13:00:00,100056188,14
2025-01-06 13:00:00,300014985,27
2025-01-06 13:00:00,300014986,9
2025-01-06 13:00:00,300014993,4
2025-01-06 13:00:00,300014994,3
2025-01-06 13:00:00,300014995,16
2025-01-06 13:00:00,300014996,24
2025-01-06 13:00:00,300020478,7
2025-01-06 13:00:00,300020679,27
2025-01-06 13:00:00,300020816,16
2025-01-06 13:00:00,300020817,14
2025-01-06 13:00:00,300021685,0
2025-01-06 13:00:00,300028650,6
2025-01-06 14:00:00,100001753,4
2025-01-06 14:00:00,100003032,23
2025-01-06 14:00:00,100003040,0
2025-01-06 14:00:00,100003041,10
2025-01-06 14:00:00,100003042,10
2025-01-06 14:00:00,100004575,0
2025-01-06 14:00:00,100007390,20
2025-01-06 14:00:00,100011747,4
2025-01-06 14:00:00,100011783,3
2025-01-06 14:00:00,100012217,12
2025-01-06 14:00:00,100012218,0
2025-01-06 14:00:00,100017441,19
2025-01-06 14:00:00,100017523,4
2025-01-06 14:00:00,100025474,20
2025-01-06 14:00:00,100035408,8
2025-01-06 14:00:00,100035409,0
2025-01-06 14:00:00,100041114,1
2025-01-06 14:00:00,100047030,6
2025-01-06 14:00:00,100052600,16
2025-01-06 14:00:00,100052602,0
2025-01-06 14:00:00,100052603,0
2025-01-06 14:00:00,100052605,5
2025-01-06 14:00:00,100052606,6
2025-01-06 14:00:00,100053055,0
2025-01-06 14:00:00,100053059,6
2025-01-06 14:00:00,100053210,2
2025-01-06 14:00:00,100054073,2
2025-01-06 14:00:00,100055268,4
2025-01-06 14:00:00,100056188,15
2025-01-06 14:00:00,300014985,20
2025-01-06 14:00:00,300014986,21
2025-01-06 14:00:00,300014993,8
2025-01-06 14:00:00,300014994,1
2025-01-06 14:00:00,300014995,17
2025-01-06 14:00:00,300014996,18
2025-01-06 14:00:00,300020478,2
2025-01-06 14:00:00,300020679,37
2025-01-06 14:00:00,300020816,14
2025-01-06 14:00:00,300020817,15
2025-01-06 14:00:00,300021685,0
2025-01-06 14:00:00,300028650,6
2025-01-06 15:00:00,100001753,12
2025-01-06 15:00:00,100003032,29
2025-01-06 15:00:00,100003040,1
2025-01-06 15:00:00,100003041,7
2025-01-06 15:00:00,100003042,18
2025-01-06 15:00:00,100004575,0
2025-01-06 15:00:00,100007390,37
2025-01-06 15:00:00,100011747,6
2025-01-06 15:00:00,100011783,8
2025-01-06 15:00:00,100012217,19
2025-01-06 15:00:00,100012218,0
2025-01-06 15:00:00,100017441,27
2025-01-06 15:00:00,100017523,4
2025-01-06 15:00:00,100025474,31
2025-01-06 15:00:00,100035408,8
2025-01-06 15:00:00,100035409,0
2025-01-06 15:00:00,100041114,3
2025-01-06 15:00:00,100047030,6
2025-01-06 15:00:00,100052600,9
2025-01-06 15:00:00,100052602,0
2025-01-06 15:00:00,100052603,4
2025-01-06 15:00:00,100052605,1
2025-01-06 15:00:00,100052606,2
2025-01-06 15:00:00,100053055,0
2025-01-06 15:00:00,100053059,4
2025-01-06 15:00:00,100053210,2
2025-01-06 15:00:00,100054073,1
2025-01-06 15:00:00,100055268,3
2025-01-06 15:00:00,100056188,17
2025-01-06 15:00:00,300014985,19
2025-01-06 15:00:00,300014986,18
2025-01-06 15:00:00,300014993,7
2025-01-06 15:00:00,300014994,10
2025-01-06 15:00:00,300014995,35
2025-01-06 15:00:00,300014996,9
2025-01-06 15:00:00,300020478,6
2025-01-06 15:00:00,300020679,45
2025-01-06 15:00:00,300020816,14
2025-01-06 15:00:00,300020817,11
2025-01-06 15:00:00,300021685,2
2025-01-06 15:00:00,300028650,5
2025-01-06 16:00:00,100001753,13
2025-01-06 16:00:00,100003032,69
2025-01-06 16:00:00,100003040,3
2025-01-06 16:00:00,100003041,33
2025-01-06 16:00:00,100003042,36
2025-01-06 16:00:00,100004575,0
2025-01-06 16:00:00,100007390,43
2025-01-06 16:00:00,100011747,10
2025-01-06 16:00:00,100011783,18
2025-01-06 16:00:00,100012217,24
2025-01-06 16:00:00,100012218,0
2025-01-06 16:00:00,100017441,42
2025-01-06 16:00:00,100017523,6
2025-01-06 16:00:00,100025474,46
2025-01-06 16:00:00,100035408,8
2025-01-06 16:00:00,100035409,0
2025-01-06 16:00:00,100041114,3
2025-01-06 16:00:00,100047030,10
2025-01-06 16:00:00,100052600,28
2025-01-06 16:00:00,100052602,1
2025-01-06 16:00:00,100052603,4
2025-01-06 16:00:00,100052605,4
2025-01-06 16:00:00,100052606,16
2025-01-06 16:00:00,100053055,0
2025-01-06 16:00:00,100053059,2
2025-01-06 16:00:00,100053210,8
2025-01-06 16:00:00,100054073,2
2025-01-06 16:00:00,100055268,13
2025-01-06 16:00:00,100056188,32
2025-01-06 16:00:00,300014985,30
2025-01-06 16:00:00,300014986,73
2025-01-06 16:00:00,300014993,14
2025-01-06 16:00:00,300014994,6
2025-01-06 16:00:00,300014995,73
2025-01-06 16:00:00,300014996,17
2025-01-06 16:00:00,300020478,17
2025-01-06 16:00:00,300020679,85
2025-01-06 16:00:00,300020816,19
2025-01-06 16:00:00,300020817,33
2025-01-06 16:00:00,300021685,0
2025-01-06 16:00:00,300028650,9
2025-01-06 17:00:00,100001753,22
2025-01-06 17:00:00,100003032,82
2025-01-06 17:00:00,100003040,2
2025-01-06 17:00:00,100003041,36
2025-01-06 17:00:00,100003042,55
2025-01-06 17:00:00,100004575,0
2025-01-06 17:00:00,100007390,358
2025-01-06 17:00:00,100011747,19
2025-01-06 17:00:00,100011783,23
2025-01-06 17:00:00,100012217,46
2025-01-06 17:00:00,100012218,0
2025-01-06 17:00:00,100017441,92
2025-01-06 17:00:00,100017523,4
2025-01-06 17:00:00,100025474,74
2025-01-06 17:00:00,100035408,17
2025-01-06 17:00:00,100035409,0
2025-01-06 17:00:00,100041114,2
2025-01-06 17:00:00,100047030,11
2025-01-06 17:00:00,100052600,45
2025-01-06 17:00:00,100052602,0
2025-01-06 17:00:00,100052603,2
2025-01-06 17:00:00,100052605,2
2025-01-06 17:00:00,100052606,7
2025-01-06 17:00:00,100053055,1
2025-01-06 17:00:00,100053059,6
2025-01-06 17:00:00,100053210,2
2025-01-06 17:00:00,100054073,2
2025-01-06 17:00:00,100055268,15
2025-01-06 17:00:00,100056188,38
2025-01-06 17:00:00,300014985,39
2025-01-06 17:00:00,300014986,98
2025-01-06 17:00:00,300014993,22
2025-01-06 17:00:00,300014994,13
2025-01-06 17:00:00,300014995,121
2025-01-06 17:00:00,300014996,32
2025-01-06 17:00:00,300020478,23
2025-01-06 17:00:00,300020679,121
2025-01-06 17:00:00,300020816,29
2025-01-06 17:00:00,300020817,52
2025-01-06 17:00:00,300021685,0
2025-01-06 17:00:00,300028650,14
2025-01-06 18:00:00,100001753,7
2025-01-06 18:00:00,100003032,39
2025-01-06 18:00:00,100003040,0
2025-01-06 18:00:00,100003041,16
2025-01-06 18:00:00,100003042,35
2025-01-06 18:00:00,100004575,0
2025-01-06 18:00:00,100007390,280
2025-01-06 18:00:00,100011747,15
2025-01-06 18:00:00,100011783,12
2025-01-06 18:00:00,100012217,18
2025-01-06 18:00:00,100012218,0
2025-01-06 18:00:00,100017441,40
2025-01-06 18:00:00,100017523,2
2025-01-06 18:00:00,100025474,44
2025-01-06 18:00:00,100035408,6
2025-01-06 18:00:00,100035409,0
2025-01-06 18:00:00,100041114,1
2025-01-06 18:00:00,100047030,8
2025-01-06 18:00:00,100052600,25
2025-01-06 18:00:00,100052602,0
2025-01-06 18:00:00,100052603,6
2025-01-06 18:00:00,100052605,0
2025-01-06 18:00:00,100052606,5
2025-01-06 18:00:00,100053055,1
2025-01-06 18:00:00,100053059,5
2025-01-06 18:00:00,100053210,1
2025-01-06 18:00:00,100054073,2
2025-01-06 18:00:00,100055268,10
2025-01-06 18:00:00,100056188,27
2025-01-06 18:00:00,300014985,22
2025-01-06 18:00:00,300014986,68
2025-01-06 18:00:00,300014993,15
2025-01-06 18:00:00,300014994,9
2025-01-06 18:00:00,300014995,70
2025-01-06 18:00:00,300014996,17
2025-01-06 18:00:00,300020478,23
2025-01-06 18:00:00,300020679,76
2025-01-06 18:00:00,300020816,19
2025-01-06 18:00:00,300020817,34
2025-01-06 18:00:00,300021685,0
2025-01-06 18:00:00,300028650,4
2025-01-06 19:00:00,100001753,5
2025-01-06 19:00:00,100003032,19
2025-01-06 19:00:00,100003040,0
2025-01-06 19:00:00,100003041,7
2025-01-06 19:00:00,100003042,8
2025-01-06 19:00:00,100004575,0
2025-01-06 19:00:00,100007390,246
2025-01-06 19:00:00,100011747,7
2025-01-06 19:00:00,100011783,5
2025-01-06 19:00:00,100012217,8
2025-01-06 19:00:00,100012218,0
2025-01-06 19:00:00,100017441,16
2025-01-06 19:00:00,100017523,3
2025-01-06 19:00:00,100025474,65
2025-01-06 19:00:00,100035408,1
2025-01-06 19:00:00,100035409,0
2025-01-06 19:00:00,100041114,1
2025-01-06 19:00:00,100047030,6
2025-01-06 19:00:00,100052600,7
2025-01-06 19:00:00,100052602,0
2025-01-06 19:00:00,100052603,3
2025-01-06 19:00:00,100052605,1
2025-01-06 19:00:00,100052606,1
2025-01-06 19:00:00,100053055,0
2025-01-06 19:00:00,100053059,1
2025-01-06 19:00:00,100053210,0
2025-01-06 19:00:00,100054073,0
2025-01-06 19:00:00,100055268,2
2025-01-06 19:00:00,100056188,11
2025-01-06 19:00:00,300014985,9
2025-01-06 19:00:00,300014986,28
2025-01-06 19:00:00,300014993,3
2025-01-06 19:00:00,300014994,2
2025-01-06 19:00:00,300014995,35
2025-01-06 19:00:00,300014996,8
2025-01-06 19:00:00,300020478,6
2025-01-06 19:00:00,300020679,29
2025-01-06 19:00:00,300020816,11
2025-01-06 19:00:00,300020817,14
2025-01-06 19:00:00,300021685,0
2025-01-06 19:00:00,300028650,3
2025-01-06 20:00:00,100001753,2
2025-01-06 20:00:00,100003032,16
2025-01-06 20:00:00,100003040,0
2025-01-06 20:00:00,100003041,6
2025-01-06 20:00:00,100003042,4
2025-01-06 20:00:00,100004575,0
2025-01-06 20:00:00,100007390,186
2025-01-06 20:00:00,100011747,1
2025-01-06 20:00:00,100011783,3
2025-01-06 20:00:00,100012217,4
2025-01-06 20:00:00,100012218,0
2025-01-06 20:00:00,100017441,3
2025-01-06 20:00:00,100017523,3
2025-01-06 20:00:00,100025474,93
2025-01-06 20:00:00,100035408,1
2025-01-06 20:00:00,100035409,0
2025-01-06 20:00:00,100041114,0
2025-01-06 20:00:00,100047030,1
2025-01-06 20:00:00,100052600,14
2025-01-06 20:00:00,100052602,0
2025-01-06 20:00:00,100052603,0
2025-01-06 20:00:00,100052605,0
2025-01-06 20:00:00,100052606,4
2025-01-06 20:00:00,100053055,1
2025-01-06 20:00:00,100053059,1
2025-01-06 20:00:00,100053210,1
2025-01-06 20:00:00,100054073,3
2025-01-06 20:00:00,100055268,3
2025-01-06 20:00:00,100056188,9
2025-01-06 20:00:00,300014985,4
2025-01-06 20:00:00,300014986,12
2025-01-06 20:00:00,300014993,2
2025-01-06 20:00:00,300014994,5
2025-01-06 20:00:00,300014995,21
2025-01-06 20:00:00,300014996,7
2025-01-06 20:00:00,300020478,3
2025-01-06 20:00:00,300020679,19
2025-01-06 20:00:00,300020816,3
2025-01-06 20:00:00,300020817,10
2025-01-06 20:00:00,300021685,0
2025-01-06 20:00:00,300028650,2
2025-01-06 21:00:00,100001753,2
2025-01-06 21:00:00,100003032,14
2025-01-06 21:00:00,100003040,0
2025-01-06 21:00:00,100003041,10
2025-01-06 21:00:00,100003042,7
2025-01-06 21:00:00,100004575,0
2025-01-06 21:00:00,100007390,137
2025-01-06 21:00:00,100011747,2
2025-01-06 21:00:00,100011783,2
2025-01-06 21:00:00,100012217,5
2025-01-06 21:00:00,100012218,0
2025-01-06 21:00:00,100017441,9
2025-01-06 21:00:00,100017523,1
2025-01-06 21:00:00,100025474,60
2025-01-06 21:00:00,100035408,0
2025-01-06 21:00:00,100035409,0
2025-01-06 21:00:00,100041114,0
2025-01-06 21:00:00,100047030,1
2025-01-06 21:00:00,100052600,9
2025-01-06 21:00:00,100052602,0
2025-01-06 21:00:00,100052603,0
2025-01-06 21:00:00,100052605,0
2025-01-06 21:00:00,100052606,3
2025-01-06 21:00:00,100053055,0
2025-01-06 21:00:00,100053059,2
2025-01-06 21:00:00,100053210,0
2025-01-06 21:00:00,100054073,4
2025-01-06 21:00:00,100055268,2
2025-01-06 21:00:00,100056188,9
2025-01-06 21:00:00,300014985,10
2025-01-06 21:00:00,300014986,10
2025-01-06 21:00:00,300014993,3
2025-01-06 21:00:00,300014994,1
2025-01-06 21:00:00,300014995,14
2025-01-06 21:00:00,300014996,4
2025-01-06 21:00:00,300020478,2
2025-01-06 21:00:00,300020679,11
2025-01-06 21:00:00,300020816,4
2025-01-06 21:00:00,300020817,6
2025-01-06 21:00:00,300021685,0
2025-01-06 21:00:00,300028650,1
2025-01-06 22:00:00,100001753,1
2025-01-06 22:00:00,100003032,3
2025-01-06 22:00:00,100003040,0
2025-01-06 22:00:00,100003041,5
2025-01-06 22:00:00,100003042,3
2025-01-06 22:00:00,100004575,0
2025-01-06 22:00:00,100007390,127
2025-01-06 22:00:00,100011747,0
2025-01-06 22:00:00,100011783,5
2025-01-06 22:00:00,100012217,8
2025-01-06 22:00:00,100012218,0
2025-01-06 22:00:00,100017441,6
2025-01-06 22:00:00,100017523,0
2025-01-06 22:00:00,100025474,53
2025-01-06 22:00:00,100035408,0
2025-01-06 22:00:00,100035409,0
2025-01-06 22:00:00,100041114,0
2025-01-06 22:00:00,100047030,0
2025-01-06 22:00:00,100052600,9
2025-01-06 22:00:00,100052602,0
2025-01-06 22:00:00,100052603,0
2025-01-06 22:00:00,100052605,1
2025-01-06 22:00:00,100052606,1
2025-01-06 22:00:00,100053055,0
2025-01-06 22:00:00,100053059,0
2025-01-06 22:00:00,100053210,1
2025-01-06 22:00:00,100054073,0
2025-01-06 22:00:00,100055268,1
2025-01-06 22:00:00,100056188,6
2025-01-06 22:00:00,300014985,3
2025-01-06 22:00:00,300014986,11
2025-01-06 22:00:00,300014993,2
2025-01-06 22:00:00,300014994,4
2025-01-06 22:00:00,300014995,14
2025-01-06 22:00:00,300014996,2
2025-01-06 22:00:00,300020478,1
2025-01-06 22:00:00,300020679,12
2025-01-06 22:00:00,300020816,2
2025-01-06 22:00:00,300020817,3
2025-01-06 22:00:00,300021685,0
2025-01-06 22:00:00,300028650,0
2025-01-06 23:00:00,100001753,1
2025-01-06 23:00:00,100003032,5
2025-01-06 23:00:00,100003040,0
2025-01-06 23:00:00,100003041,3
2025-01-06 23:00:00,100003042,2
2025-01-06 23:00:00,100004575,0
2025-01-06 23:00:00,100007390,274
2025-01-06 23:00:00,100011747,2
2025-01-06 23:00:00,100011783,2
2025-01-06 23:00:00,100012217,0
2025-01-06 23:00:00,100012218,0
2025-01-06 23:00:00,100017441,5
2025-01-06 23:00:00,100017523,1
2025-01-06 23:00:00,100025474,5
2025-01-06 23:00:00,100035408,2
2025-01-06 23:00:00,100035409,0
2025-01-06 23:00:00,100041114,0
2025-01-06 23:00:00,100047030,0
2025-01-06 23:00:00,100052600,4
2025-01-06 23:00:00,100052602,1
2025-01-06 23:00:00,100052603,0
2025-01-06 23:00:00,100052605,0
2025-01-06 23:00:00,100052606,1
2025-01-06 23:00:00,100053055,0
2025-01-06 23:00:00,100053059,0
2025-01-06 23:00:00,100053210,1
2025-01-06 23:00:00,100054073,0
2025-01-06 23:00:00,100055268,1
2025-01-06 23:00:00,100056188,2
2025-01-06 23:00:00,300014985,1
2025-01-06 23:00:00,300014986,7
2025-01-06 23:00:00,300014993,0
2025-01-06 23:00:00,300014994,1
2025-01-06 23:00:00,300014995,5
2025-01-06 23:00:00,300014996,2
2025-01-06 23:00:00,300020478,2
2025-01-06 23:00:00,300020679,10
2025-01-06 23:00:00,300020816,2
2025-01-06 23:00:00,300020817,4
2025-01-06 23:00:00,300021685,0
2025-01-06 23:00:00,300028650,0
2025-01-07 00:00:00,100001753,0
2025-01-07 00:00:00,100003032,1
2025-01-07 00:00:00,100003040,0
2025-01-07 00:00:00,100003041,0
2025-01-07 00:00:00,100003042,0
2025-01-07 00:00:00,100004575,0
2025-01-07 00:00:00,100007390,136
2025-01-07 00:00:00,100011747,1
2025-01-07 00:00:00,100011783,1
2025-01-07 00:00:00,100012217,0
2025-01-07 00:00:00,100012218,0
2025-01-07 00:00:00,100017441,0
2025-01-07 00:00:00,100017523,0
2025-01-07 00:00:00,100025474,4
2025-01-07 00:00:00,100035408,0
2025-01-07 00:00:00,100035409,0
2025-01-07 00:00:00,100041114,0
2025-01-07 00:00:00,100047030,3
2025-01-07 00:00:00,100052600,1
2025-01-07 00:00:00,100052602,0
2025-01-07 00:00:00,100052603,0
2025-01-07 00:00:00,100052605,0
2025-01-07 00:00:00,100052606,2
2025-01-07 00:00:00,100053055,0
2025-01-07 00:00:00,100053059,0
2025-01-07 00:00:00,100053210,0
2025-01-07 00:00:00,100054073,0
2025-01-07 00:00:00,100055268,0
2025-01-07 00:00:00,100056188,1
2025-01-07 00:00:00,300014985,0
2025-01-07 00:00:00,300014986,3
2025-01-07 00:00:00,300014993,0
2025-01-07 00:00:00,300014994,2
2025-01-07 00:00:00,300014995,3
2025-01-07 00:00:00,300014996,0
2025-01-07 00:00:00,300020478,1
2025-01-07 00:00:00,300020679,3
2025-01-07 00:00:00,300020816,0
2025-01-07 00:00:00,300020817,1
2025-01-07 00:00:00,300021685,0
2025-01-07 00:00:00,300028650,0
2025-01-07 01:00:00,100001753,1
2025-01-07 01:00:00,100003032,0
2025-01-07 01:00:00,100003040,0
2025-01-07 01:00:00,100003041,0
2025-01-07 01:00:00,100003042,0
2025-01-07 01:00:00,100004575,0
2025-01-07 01:00:00,100007390,78
2025-01-07 01:00:00,100011747,0
2025-01-07 01:00:00,100011783,3
2025-01-07 01:00:00,100012217,1
2025-01-07 01:00:00,100012218,0
2025-01-07 01:00:00,100017441,1
2025-01-07 01:00:00,100017523,0
2025-01-07 01:00:00,100025474,0
2025-01-07 01:00:00,100035408,0
2025-01-07 01:00:00,100035409,0
2025-01-07 01:00:00,100041114,2
2025-01-07 01:00:00,100047030,0
2025-01-07 01:00:00,100052600,3
2025-01-07 01:00:00,100052602,0
2025-01-07 01:00:00,100052603,1
2025-01-07 01:00:00,100052605,0
2025-01-07 01:00:00,100052606,0
2025-01-07 01:00:00,100053055,0
2025-01-07 01:00:00,100053059,0
2025-01-07 01:00:00,100053210,0
2025-01-07 01:00:00,100054073,1
2025-01-07 01:00:00,100055268,0
2025-01-07 01:00:00,100056188,1
2025-01-07 01:00:00,300014985,1
2025-01-07 01:00:00,300014986,3
2025-01-07 01:00:00,300014993,1
2025-01-07 01:00:00,300014994,0
2025-01-07 01:00:00,300014995,5
2025-01-07 01:00:00,300014996,0
2025-01-07 01:00:00,300020478,0
2025-01-07 01:00:00,300020679,1
2025-01-07 01:00:00,300020816,0
2025-01-07 01:00:00,300020817,1
2025-01-07 01:00:00,300021685,0
2025-01-07 01:00:00,300028650,0
2025-01-07 02:00:00,100001753,2
2025-01-07 02:00:00,100003032,1
2025-01-07 02:00:00,100003040,0
2025-01-07 02:00:00,100003041,0
2025-01-07 02:00:00,100003042,1
2025-01-07 02:00:00,100004575,0
2025-01-07 02:00:00,100007390,141
2025-01-07 02:00:00,100011747,0
2025-01-07 02:00:00,100011783,0
2025-01-07 02:00:00,100012217,1
2025-01-07 02:00:00,100012218,0
2025-01-07 02:00:00,100017441,1
2025-01-07 02:00:00,100017523,1
2025-01-07 02:00:00,100025474,0
2025-01-07 02:00:00,100035408,0
2025-01-07 02:00:00,100035409,0
2025-01-07 02:00:00,100041114,0
2025-01-07 02:00:00,100047030,0
2025-01-07 02:00:00,100052600,9
2025-01-07 02:00:00,100052602,0
2025-01-07 02:00:00,100052603,0
2025-01-07 02:00:00,100052605,0
2025-01-07 02:00:00,100052606,0
2025-01-07 02:00:00,100053055,1
2025-01-07 02:00:00,100053059,0
2025-01-07 02:00:00,100053210,0
2025-01-07 02:00:00,100054073,0
2025-01-07 02:00:00,100055268,0
2025-01-07 02:00:00,100056188,0
2025-01-07 02:00:00,300014985,1
2025-01-07 02:00:00,300014986,2
2025-01-07 02:00:00,300014993,0
2025-01-07 02:00:00,300014994,0
2025-01-07 02:00:00,300014995,0
2025-01-07 02:00:00,300014996,1
2025-01-07 02:00:00,300020478,0
2025-01-07 02:00:00,300020679,2
2025-01-07 02:00:00,300020816,1
2025-01-07 02:00:00,300020817,1
2025-01-07 02:00:00,300021685,0
2025-01-07 02:00:00,300028650,0
2025-01-07 03:00:00,100001753,0
2025-01-07 03:00:00,100003032,1
2025-01-07 03:00:00,100003040,1
2025-01-07 03:00:00,100003041,0
2025-01-07 03:00:00,100003042,1
2025-01-07 03:00:00,100004575,0
2025-01-07 03:00:00,100007390,41
2025-01-07 03:00:00,100011747,0
2025-01-07 03:00:00,100011783,0
2025-01-07 03:00:00,100012217,1
2025-01-07 03:00:00,100012218,0
2025-01-07 03:00:00,100017441,0
2025-01-07 03:00:00,100017523,0
2025-01-07 03:00:00,100025474,0
2025-01-07 03:00:00,100035408,0
2025-01-07 03:00:00,100035409,0
2025-01-07 03:00:00,100041114,0
2025-01-07 03:00:00,100047030,0
2025-01-07 03:00:00,100052600,1
2025-01-07 03:00:00,100052602,0
2025-01-07 03:00:00,100052603,0
2025-01-07 03:00:00,100052605,0
2025-01-07 03:00:00,100052606,0
2025-01-07 03:00:00,100053055,0
2025-01-07 03:00:00,100053059,0
2025-01-07 03:00:00,100053210,0
2025-01-07 03:00:00,100054073,0
2025-01-07 03:00:00,100055268,1
2025-01-07 03:00:00,100056188,0
2025-01-07 03:00:00,300014985,0
2025-01-07 03:00:00,300014986,0
2025-01-07 03:00:00,300014993,0
2025-01-07 03:00:00,300014994,0
2025-01-07 03:00:00,300014995,1
2025-01-07 03:00:00,300014996,0
2025-01-07 03:00:00,300020478,0
2025-01-07 03:00:00,300020679,0
2025-01-07 03:00:00,300020816,2
2025-01-07 03:00:00,300020817,0
2025-01-07 03:00:00,300021685,0
2025-01-07 03:00:00,300028650,0
2025-01-07 04:00:00,100001753,1
2025-01-07 04:00:00,100003032,1
2025-01-07 04:00:00,100003040,0
2025-01-07 04:00:00,100003041,0
2025-01-07 04:00:00,100003042,0
2025-01-07 04:00:00,100004575,0
2025-01-07 04:00:00,100007390,33
2025-01-07 04:00:00,100011747,0
2025-01-07 04:00:00,100011783,0
2025-01-07 04:00:00,100012217,0
2025-01-07 04:00:00,100012218,0
2025-01-07 04:00:00,100017441,1
2025-01-07 04:00:00,100017523,0
2025-01-07 04:00:00,100025474,1
2025-01-07 04:00:00,100035408,0
2025-01-07 04:00:00,100035409,0
2025-01-07 04:00:00,100041114,0
2025-01-07 04:00:00,100047030,1
2025-01-07 04:00:00,100052600,0
2025-01-07 04:00:00,100052602,0
2025-01-07 04:00:00,100052603,0
2025-01-07 04:00:00,100052605,0
2025-01-07 04:00:00,100052606,0
2025-01-07 04:00:00,100053055,0
2025-01-07 04:00:00,100053059,0
2025-01-07 04:00:00,100053210,1
2025-01-07 04:00:00,100054073,0
2025-01-07 04:00:00,100055268,0
2025-01-07 04:00:00,100056188,2
2025-01-07 04:00:00,300014985,2
2025-01-07 04:00:00,300014986,0
2025-01-07 04:00:00,300014993,0
2025-01-07 04:00:00,300014994,1
2025-01-07 04:00:00,300014995,0
2025-01-07 04:00:00,300014996,3
2025-01-07 04:00:00,300020478,0
2025-01-07 04:00:00,300020679,1
2025-01-07 04:00:00,300020816,2
2025-01-07 04:00:00,300020817,1
2025-01-07 04:00:00,300021685,0
2025-01-07 04:00:00,300028650,0
2025-01-07 05:00:00,100001753,1
2025-01-07 05:00:00,100003032,5
2025-01-07 05:00:00,100003040,0
2025-01-07 05:00:00,100003041,2
2025-01-07 05:00:00,100003042,0
2025-01-07 05:00:00,100004575,0
2025-01-07 05:00:00,100007390,73
2025-01-07 05:00:00,100011747,0
2025-01-07 05:00:00,100011783,0
2025-01-07 05:00:00,100012217,0
2025-01-07 05:00:00,100012218,0
2025-01-07 05:00:00,100017441,5
2025-01-07 05:00:00,100017523,1
2025-01-07 05:00:00,100025474,7
2025-01-07 05:00:00,100035408,0
2025-01-07 05:00:00,100035409,0
2025-01-07 05:00:00,100041114,0
2025-01-07 05:00:00,100047030,1
2025-01-07 05:00:00,100052600,1
2025-01-07 05:00:00,100052602,0
2025-01-07 05:00:00,100052603,0
2025-01-07 05:00:00,100052605,3
2025-01-07 05:00:00,100052606,0
2025-01-07 05:00:00,100053055,0
2025-01-07 05:00:00,100053059,0
2025-01-07 05:00:00,100053210,1
2025-01-07 05:00:00,100054073,1
2025-01-07 05:00:00,100055268,0
2025-01-07 05:00:00,100056188,1
2025-01-07 05:00:00,300014985,3
2025-01-07 05:00:00,300014986,0
2025-01-07 05:00:00,300014993,0
2025-01-07 05:00:00,300014994,1
2025-01-07 05:00:00,300014995,0
2025-01-07 05:00:00,300014996,4
2025-01-07 05:00:00,300020478,0
2025-01-07 05:00:00,300020679,5
2025-01-07 05:00:00,300020816,4
2025-01-07 05:00:00,300020817,0
2025-01-07 05:00:00,300021685,0
2025-01-07 05:00:00,300028650,0
2025-01-07 06:00:00,100001753,9
2025-01-07 06:00:00,100003032,10
2025-01-07 06:00:00,100003040,0
2025-01-07 06:00:00,100003041,6
2025-01-07 06:00:00,100003042,7
2025-01-07 06:00:00,100004575,0
2025-01-07 06:00:00,100007390,48
2025-01-07 06:00:00,100011747,2
2025-01-07 06:00:00,100011783,3
2025-01-07 06:00:00,100012217,4
2025-01-07 06:00:00,100012218,0
2025-01-07 06:00:00,100017441,6
2025-01-07 06:00:00,100017523,1
2025-01-07 06:00:00,100025474,30
2025-01-07 06:00:00,100035408,4
2025-01-07 06:00:00,100035409,0
2025-01-07 06:00:00,100041114,0
2025-01-07 06:00:00,100047030,2
2025-01-07 06:00:00,100052600,8
2025-01-07 06:00:00,100052602,0
2025-01-07 06:00:00,100052603,1
2025-01-07 06:00:00,100052605,2
2025-01-07 06:00:00,100052606,2
2025-01-07 06:00:00,100053055,1
2025-01-07 06:00:00,100053059,0
2025-01-07 06:00:00,100053210,1
2025-01-07 06:00:00,100054073,4
2025-01-07 06:00:00,100055268,3
2025-01-07 06:00:00,100056188,7
2025-01-07 06:00:00,300014985,19
2025-01-07 06:00:00,300014986,3
2025-01-07 06:00:00,300014993,6
2025-01-07 06:00:00,300014994,7
2025-01-07 06:00:00,300014995,1
2025-01-07 06:00:00,300014996,15
2025-01-07 06:00:00,300020478,10
2025-01-07 06:00:00,300020679,19
2025-01-07 06:00:00,300020816,13
2025-01-07 06:00:00,300020817,5
2025-01-07 06:00:00,300021685,0
2025-01-07 06:00:00,300028650,6
2025-01-07 07:00:00,100001753,18
2025-01-07 07:00:00,100003032,41
2025-01-07 07:00:00,100003040,0
2025-01-07 07:00:00,100003041,25
2025-01-07 07:00:00,100003042,25
2025-01-07 07:00:00,100004575,0
2025-01-07 07:00:00,100007390,74
2025-01-07 07:00:00,100011747,3
2025-01-07 07:00:00,100011783,19
2025-01-07 07:00:00,100012217,14
2025-01-07 07:00:00,100012218,0
2025-01-07 07:00:00,100017441,49
2025-01-07 07:00:00,100017523,2
2025-01-07 07:00:00,100025474,27
2025-01-07 07:00:00,100035408,11
2025-01-07 07:00:00,100035409,0
2025-01-07 07:00:00,100041114,4
2025-01-07 07:00:00,100047030,14
2025-01-07 07:00:00,100052600,31
2025-01-07 07:00:00,100052602,1
2025-01-07 07:00:00,100052603,6
2025-01-07 07:00:00,100052605,2
2025-01-07 07:00:00,100052606,7
2025-01-07 07:00:00,100053055,3
2025-01-07 07:00:00,100053059,2
2025-01-07 07:00:00,100053210,3
2025-01-07 07:00:00,100054073,3
2025-01-07 07:00:00,100055268,16
2025-01-07 07:00:00,100056188,19
2025-01-07 07:00:00,300014985,55
2025-01-07 07:00:00,300014986,20
2025-01-07 07:00:00,300014993,16
2025-01-07 07:00:00,300014994,30
2025-01-07 07:00:00,300014995,9
2025-01-07 07:00:00,300014996,70
2025-01-07 07:00:00,300020478,14
2025-01-07 07:00:00,300020679,71
2025-01-07 07:00:00,300020816,39
2025-01-07 07:00:00,300020817,22
2025-01-07 07:00:00,300021685,0
2025-01-07 07:00:00,300028650,25
2025-01-07 08:00:00,100001753,33
2025-01-07 08:00:00,100003032,87
2025-01-07 08:00:00,100003040,2
2025-01-07 08:00:00,100003041,34
2025-01-07 08:00:00,100003042,41
2025-01-07 08:00:00,100004575,0
2025-01-07 08:00:00,100007390,36
2025-01-07 08:00:00,100011747,4
2025-01-07 08:00:00,100011783,24
2025-01-07 08:00:00,100012217,33
2025-01-07 08:00:00,100012218,0
2025-01-07 08:00:00,100017441,98
2025-01-07 08:00:00,100017523,4
2025-01-07 08:00:00,100025474,18
2025-01-07 08:00:00,100035408,13
2025-01-07 08:00:00,100035409,0
2025-01-07 08:00:00,100041114,5
2025-01-07 08:00:00,100047030,47
2025-01-07 08:00:00,100052600,42
2025-01-07 08:00:00,100052602,1
2025-01-07 08:00:00,100052603,1
2025-01-07 08:00:00,100052605,4
2025-01-07 08:00:00,100052606,12
2025-01-07 08:00:00,100053055,2
2025-01-07 08:00:00,100053059,5
2025-01-07 08:00:00,100053210,6
2025-01-07 08:00:00,100054073,2
2025-01-07 08:00:00,100055268,17
2025-01-07 08:00:00,100056188,47
2025-01-07 08:00:00,300014985,139
2025-01-07 08:00:00,300014986,39
2025-01-07 08:00:00,300014993,25
2025-01-07 08:00:00,300014994,26
2025-01-07 08:00:00,300014995,18
2025-01-07 08:00:00,300014996,128
2025-01-07 08:00:00,300020478,16
2025-01-07 08:00:00,300020679,151
2025-01-07 08:00:00,300020816,81
2025-01-07 08:00:00,300020817,26
2025-01-07 08:00:00,300021685,0
2025-01-07 08:00:00,300028650,21
2025-01-07 09:00:00,100001753,4
2025-01-07 09:00:00,100003032,62
2025-01-07 09:00:00,100003040,1
2025-01-07 09:00:00,100003041,24
2025-01-07 09:00:00,100003042,19
2025-01-07 09:00:00,100004575,0
2025-01-07 09:00:00,100007390,20
2025-01-07 09:00:00,100011747,2
2025-01-07 09:00:00,100011783,13
2025-01-07 09:00:00,100012217,20
2025-01-07 09:00:00,100012218,0
2025-01-07 09:00:00,100017441,40
2025-01-07 09:00:00,100017523,3
2025-01-07 09:00:00,100025474,13
2025-01-07 09:00:00,100035408,8
2025-01-07 09:00:00,100035409,0
2025-01-07 09:00:00,100041114,2
2025-01-07 09:00:00,100047030,8
2025-01-07 09:00:00,100052600,29
2025-01-07 09:00:00,100052602,0
2025-01-07 09:00:00,100052603,6
2025-01-07 09:00:00,100052605,0
2025-01-07 09:00:00,100052606,2
2025-01-07 09:00:00,100053055,2
2025-01-07 09:00:00,100053059,2
2025-01-07 09:00:00,100053210,7
2025-01-07 09:00:00,100054073,3
2025-01-07 09:00:00,100055268,5
2025-01-07 09:00:00,100056188,24
2025-01-07 09:00:00,300014985,65
2025-01-07 09:00:00,300014986,16
2025-01-07 09:00:00,300014993,5
2025-01-07 09:00:00,300014994,6
2025-01-07 09:00:00,300014995,17
2025-01-07 09:00:00,300014996,74
2025-01-07 09:00:00,300020478,12
2025-01-07 09:00:00,300020679,60
2025-01-07 09:00:00,300020816,24
2025-01-07 09:00:00,300020817,9
2025-01-07 09:00:00,300021685,0
2025-01-07 09:00:00,300028650,2
2025-01-07 10:00:00,100001753,3
2025-01-07 10:00:00,100003032,14
2025-01-07 10:00:00,100003040,0
2025-01-07 10:00:00,100003041,15
2025-01-07 10:00:00,100003042,13
2025-01-07 10:00:00,100004575,0
2025-01-07 10:00:00,100007390,11
2025-01-07 10:00:00,100011747,3
2025-01-07 10:00:00,100011783,4
2025-01-07 10:00:00,100012217,10
2025-01-07 10:00:00,100012218,0
2025-01-07 10:00:00,100017441,17
2025-01-07 10:00:00,100017523,0
2025-01-07 10:00:00,100025474,7
2025-01-07 10:00:00,100035408,6
2025-01-07 10:00:00,100035409,0
2025-01-07 10:00:00,100041114,0
2025-01-07 10:00:00,100047030,4
2025-01-07 10:00:00,100052600,9
2025-01-07 10:00:00,100052602,1
2025-01-07 10:00:00,100052603,3
2025-01-07 10:00:00,100052605,0
2025-01-07 10:00:00,100052606,4
2025-01-07 10:00:00,100053055,0
2025-01-07 10:00:00,100053059,7
2025-01-07 10:00:00,100053210,3
2025-01-07 10:00:00,100054073,1
2025-01-07 10:00:00,100055268,5
2025-01-07 10:00:00,100056188,11
2025-01-07 10:00:00,300014985,15
2025-01-07 10:00:00,300014986,15
2025-01-07 10:00:00,300014993,2
2025-01-07 10:00:00,300014994,2
2025-01-07 10:00:00,300014995,12
2025-01-07 10:00:00,300014996,20
2025-01-07 10:00:00,300020478,7
2025-01-07 10:00:00,300020679,23
2025-01-07 10:00:00,300020816,11
2025-01-07 10:00:00,300020817,9
2025-01-07 10:00:00,300021685,0
2025-01-07 10:00:00,300028650,4
2025-01-07 11:00:00,100001753,3
2025-01-07 11:00:00,100003032,12
2025-01-07 11:00:00,100003040,0
2025-01-07 11:00:00,100003041,6
2025-01-07 11:00:00,100003042,4
2025-01-07 11:00:00,100004575,0
2025-01-07 11:00:00,100007390,26
2025-01-07 11:00:00,100011747,4
2025-01-07 11:00:00,100011783,6
2025-01-07 11:00:00,100012217,10
2025-01-07 11:00:00,100012218,0
2025-01-07 11:00:00,100017441,11
2025-01-07 11:00:00,100017523,0
2025-01-07 11:00:00,100025474,6
2025-01-07 11:00:00,100035408,1
2025-01-07 11:00:00,100035409,0
2025-01-07 11:00:00,100041114,2
2025-01-07 11:00:00,100047030,2
2025-01-07 11:00:00,100052600,5
2025-01-07 11:00:00,100052602,1
2025-01-07 11:00:00,100052603,3
2025-01-07 11:00:00,100052605,0
2025-01-07 11:00:00,100052606,3
2025-01-07 11:00:00,100053055,0
2025-01-07 11:00:00,100053059,1
2025-01-07 11:00:00,100053210,0
2025-01-07 11:00:00,100054073,2
2025-01-07 11:00:00,100055268,0
2025-01-07 11:00:00,100056188,8
2025-01-07 11:00:00,300014985,3
2025-01-07 11:00:00,300014986,6
2025-01-07 11:00:00,300014993,3
2025-01-07 11:00:00,300014994,1
2025-01-07 11:00:00,300014995,13
2025-01-07 11:00:00,300014996,11
2025-01-07 11:00:00,300020478,3
2025-01-07 11:00:00,300020679,22
2025-01-07 11:00:00,300020816,10
2025-01-07 11:00:00,300020817,5
2025-01-07 11:00:00,300021685,0
2025-01-07 11:00:00,300028650,2
2025-01-07 12:00:00,100001753,9
2025-01-07 12:00:00,100003032,19
2025-01-07 12:00:00,100003040,2
2025-01-07 12:00:00,100003041,4
2025-01-07 12:00:00,100003042,8
2025-01-07 12:00:00,100004575,0
2025-01-07 12:00:00,100007390,6
2025-01-07 12:00:00,100011747,5
2025-01-07 12:00:00,100011783,4
2025-01-07 12:00:00,100012217,12
2025-01-07 12:00:00,100012218,0
2025-01-07 12:00:00,100017441,7
2025-01-07 12:00:00,100017523,0
2025-01-07 12:00:00,100025474,7
2025-01-07 12:00:00,100035408,4
2025-01-07 12:00:00,100035409,0
2025-01-07 12:00:00,100041114,0
2025-01-07 12:00:00,100047030,2
2025-01-07 12:00:00,100052600,12
2025-01-07 12:00:00,100052602,1
2025-01-07 12:00:00,100052603,0
2025-01-07 12:00:00,100052605,2
2025-01-07 12:00:00,100052606,2
2025-01-07 12:00:00,100053055,2
2025-01-07 12:00:00,100053059,2
2025-01-07 12:00:00,100053210,2
2025-01-07 12:00:00,100054073,2
2025-01-07 12:00:00,100055268,0
2025-01-07 12:00:00,100056188,13
2025-01-07 12:00:00,300014985,21
2025-01-07 12:00:00,300014986,19
2025-01-07 12:00:00,300014993,2
2025-01-07 12:00:00,300014994,3
2025-01-07 12:00:00,300014995,23
2025-01-07 12:00:00,300014996,20
2025-01-07 12:00:00,300020478,2
2025-01-07 12:00:00,300020679,27
2025-01-07 12:00:00,300020816,19
2025-01-07 12:00:00,300020817,10
2025-01-07 12:00:00,300021685,0
2025-01-07 12:00:00,300028650,5
2025-01-07 13:00:00,100001753,2
2025-01-07 13:00:00,100003032,25
2025-01-07 13:00:00,100003040,0
2025-01-07 13:00:00,100003041,7
2025-01-07 13:00:00,100003042,8
2025-01-07 13:00:00,100004575,0
2025-01-07 13:00:00,100007390,12
2025-01-07 13:00:00,100011747,3
2025-01-07 13:00:00,100011783,7
2025-01-07 13:00:00,100012217,13
2025-01-07 13:00:00,100012218,0
2025-01-07 13:00:00,100017441,21
2025-01-07 13:00:00,100017523,0
2025-01-07 13:00:00,100025474,5
2025-01-07 13:00:00,100035408,9
2025-01-07 13:00:00,100035409,0
2025-01-07 13:00:00,100041114,0
2025-01-07 13:00:00,100047030,9
2025-01-07 13:00:00,100052600,11
2025-01-07 13:00:00,100052602,0
2025-01-07 13:00:00,100052603,0
2025-01-07 13:00:00,100052605,1
2025-01-07 13:00:00,100052606,3
2025-01-07 13:00:00,100053055,2
2025-01-07 13:00:00,100053059,2
2025-01-07 13:00:00,100053210,1
2025-01-07 13:00:00,100054073,5
2025-01-07 13:00:00,100055268,1
2025-01-07 13:00:00,100056188,15
2025-01-07 13:00:00,300014985,17
2025-01-07 13:00:00,300014986,15
2025-01-07 13:00:00,300014993,5
2025-01-07 13:00:00,300014994,6
2025-01-07 13:00:00,300014995,30
2025-01-07 13:00:00,300014996,23
2025-01-07 13:00:00,300020478,6
2025-01-07 13:00:00,300020679,17
2025-01-07 13:00:00,300020816,9
2025-01-07 13:00:00,300020817,14
2025-01-07 13:00:00,300021685,0
2025-01-07 13:00:00,300028650,1
2025-01-07 14:00:00,100001753,4
2025-01-07 14:00:00,100003032,23
2025-01-07 14:00:00,100003040,0
2025-01-07 14:00:00,100003041,8
2025-01-07 14:00:00,100003042,8
2025-01-07 14:00:00,100004575,0
2025-01-07 14:00:00,100007390,8
2025-01-07 14:00:00,100011747,4
2025-01-07 14:00:00,100011783,6
2025-01-07 14:00:00,100012217,11
2025-01-07 14:00:00,100012218,0
2025-01-07 14:00:00,100017441,12
2025-01-07 14:00:00,100017523,0
2025-01-07 14:00:00,100025474,6
2025-01-07 14:00:00,100035408,5
2025-01-07 14:00:00,100035409,0
2025-01-07 14:00:00,100041114,3
2025-01-07 14:00:00,100047030,5
2025-01-07 14:00:00,100052600,4
2025-01-07 14:00:00,100052602,0
2025-01-07 14:00:00,100052603,2
2025-01-07 14:00:00,100052605,3
2025-01-07 14:00:00,100052606,5
2025-01-07 14:00:00,100053055,0
2025-01-07 14:00:00,100053059,3
2025-01-07 14:00:00,100053210,1
2025-01-07 14:00:00,100054073,4
2025-01-07 14:00:00,100055268,1
2025-01-07 14:00:00,100056188,15
2025-01-07 14:00:00,300014985,21
2025-01-07 14:00:00,300014986,11
2025-01-07 14:00:00,300014993,5
2025-01-07 14:00:00,300014994,6
2025-01-07 14:00:00,300014995,21
2025-01-07 14:00:00,300014996,21
2025-01-07 14:00:00,300020478,6
2025-01-07 14:00:00,300020679,18
2025-01-07 14:00:00,300020816,16
2025-01-07 14:00:00,300020817,7
2025-01-07 14:00:00,300021685,0
2025-01-07 14:00:00,300028650,6
2025-01-07 15:00:00,100001753,9
2025-01-07 15:00:00,100003032,26
2025-01-07 15:00:00,100003040,1
2025-01-07 15:00:00,100003041,19
2025-01-07 15:00:00,100003042,14
2025-01-07 15:00:00,100004575,0
2025-01-07 15:00:00,100007390,11
2025-01-07 15:00:00,100011747,8
2025-01-07 15:00:00,100011783,4
2025-01-07 15:00:00,100012217,17
2025-01-07 15:00:00,100012218,0
2025-01-07 15:00:00,100017441,26
2025-01-07 15:00:00,100017523,1
2025-01-07 15:00:00,100025474,29
2025-01-07 15:00:00,100035408,6
2025-01-07 15:00:00,100035409,0
2025-01-07 15:00:00,100041114,8
2025-01-07 15:00:00,100047030,8
2025-01-07 15:00:00,100052600,12
2025-01-07 15:00:00,100052602,0
2025-01-07 15:00:00,100052603,1
2025-01-07 15:00:00,100052605,0
2025-01-07 15:00:00,100052606,8
2025-01-07 15:00:00,100053055,5
2025-01-07 15:00:00,100053059,4
2025-01-07 15:00:00,100053210,2
2025-01-07 15:00:00,100054073,8
2025-01-07 15:00:00,100055268,6
2025-01-07 15:00:00,100056188,22
2025-01-07 15:00:00,300014985,11
2025-01-07 15:00:00,300014986,34
2025-01-07 15:00:00,300014993,13
2025-01-07 15:00:00,300014994,7
2025-01-07 15:00:00,300014995,30
2025-01-07 15:00:00,300014996,22
2025-01-07 15:00:00,300020478,5
2025-01-07 15:00:00,300020679,22
2025-01-07 15:00:00,300020816,13
2025-01-07 15:00:00,300020817,21
2025-01-07 15:00:00,300021685,0
2025-01-07 15:00:00,300028650,7
2025-01-07 16:00:00,100001753,24
2025-01-07 16:00:00,100003032,73
2025-01-07 16:00:00,100003040,1
2025-01-07 16:00:00,100003041,34
2025-01-07 16:00:00,100003042,27
2025-01-07 16:00:00,100004575,0
2025-01-07 16:00:00,100007390,13
2025-01-07 16:00:00,100011747,14
2025-01-07 16:00:00,100011783,17
2025-01-07 16:00:00,100012217,19
2025-01-07 16:00:00,100012218,0
2025-01-07 16:00:00,100017441,42
2025-01-07 16:00:00,100017523,1
2025-01-07 16:00:00,100025474,55
2025-01-07 16:00:00,100035408,11
2025-01-07 16:00:00,100035409,0
2025-01-07 16:00:00,100041114,5
2025-01-07 16:00:00,100047030,9
2025-01-07 16:00:00,100052600,26
2025-01-07 16:00:00,100052602,2
2025-01-07 16:00:00,100052603,3
2025-01-07 16:00:00,100052605,3
2025-01-07 16:00:00,100052606,4
2025-01-07 16:00:00,100053055,2
2025-01-07 16:00:00,100053059,3
2025-01-07 16:00:00,100053210,8
2025-01-07 16:00:00,100054073,5
2025-01-07 16:00:00,100055268,10
2025-01-07 16:00:00,100056188,41
2025-01-07 16:00:00,300014985,26
2025-01-07 16:00:00,300014986,59
2025-01-07 16:00:00,300014993,25
2025-01-07 16:00:00,300014994,17
2025-01-07 16:00:00,300014995,72
2025-01-07 16:00:00,300014996,16
2025-01-07 16:00:00,300020478,8
2025-01-07 16:00:00,300020679,50
2025-01-07 16:00:00,300020816,27
2025-01-07 16:00:00,300020817,35
2025-01-07 16:00:00,300021685,0
2025-01-07 16:00:00,300028650,17
2025-01-07 17:00:00,100001753,18
2025-01-07 17:00:00,100003032,98
2025-01-07 17:00:00,100003040,5
2025-01-07 17:00:00,100003041,30
2025-01-07 17:00:00,100003042,57
2025-01-07 17:00:00,100004575,0
2025-01-07 17:00:00,100007390,364
2025-01-07 17:00:00,100011747,30
2025-01-07 17:00:00,100011783,23
2025-01-07 17:00:00,100012217,45
2025-01-07 17:00:00,100012218,0
2025-01-07 17:00:00,100017441,81
2025-01-07 17:00:00,100017523,0
2025-01-07 17:00:00,100025474,62
2025-01-07 17:00:00,100035408,18
2025-01-07 17:00:00,100035409,0
2025-01-07 17:00:00,100041114,2
2025-01-07 17:00:00,100047030,4
2025-01-07 17:00:00,100052600,48
2025-01-07 17:00:00,100052602,0
2025-01-07 17:00:00,100052603,3
2025-01-07 17:00:00,100052605,0
2025-01-07 17:00:00,100052606,11
2025-01-07 17:00:00,100053055,1
2025-01-07 17:00:00,100053059,3
2025-01-07 17:00:00,100053210,1
2025-01-07 17:00:00,100054073,2
2025-01-07 17:00:00,100055268,17
2025-01-07 17:00:00,100056188,39
2025-01-07 17:00:00,300014985,43
2025-01-07 17:00:00,300014986,120
2025-01-07 17:00:00,300014993,24
2025-01-07 17:00:00,300014994,14
2025-01-07 17:00:00,300014995,159
2025-01-07 17:00:00,300014996,28
2025-01-07 17:00:00,300020478,20
2025-01-07 17:00:00,300020679,87
2025-01-07 17:00:00,300020816,39
2025-01-07 17:00:00,300020817,74
2025-01-07 17:00:00,300021685,0
2025-01-07 17:00:00,300028650,24
2025-01-07 18:00:00,100001753,6
2025-01-07 18:00:00,100003032,53
2025-01-07 18:00:00,100003040,1
2025-01-07 18:00:00,100003041,31
2025-01-07 18:00:00,100003042,27
2025-01-07 18:00:00,100004575,0
2025-01-07 18:00:00,100007390,367
2025-01-07 18:00:00,100011747,9
2025-01-07 18:00:00,100011783,16
2025-01-07 18:00:00,100012217,18
2025-01-07 18:00:00,100012218,0
2025-01-07 18:00:00,100017441,39
2025-01-07 18:00:00,100017523,0
2025-01-07 18:00:00,100025474,53
2025-01-07 18:00:00,100035408,4
2025-01-07 18:00:00,100035409,0
2025-01-07 18:00:00,100041114,2
2025-01-07 18:00:00,100047030,2
2025-01-07 18:00:00,100052600,24
2025-01-07 18:00:00,100052602,0
2025-01-07 18:00:00,100052603,1
2025-01-07 18:00:00,100052605,1
2025-01-07 18:00:00,100052606,3
2025-01-07 18:00:00,100053055,0
2025-01-07 18:00:00,100053059,1
2025-01-07 18:00:00,100053210,4
2025-01-07 18:00:00,100054073,3
2025-01-07 18:00:00,100055268,6
2025-01-07 18:00:00,100056188,27
2025-01-07 18:00:00,300014985,25
2025-01-07 18:00:00,300014986,75
2025-01-07 18:00:00,300014993,20
2025-01-07 18:00:00,300014994,5
2025-01-07 18:00:00,300014995,80
2025-01-07 18:00:00,300014996,23
2025-01-07 18:00:00,300020478,12
2025-01-07 18:00:00,300020679,25
2025-01-07 18:00:00,300020816,21
2025-01-07 18:00:00,300020817,33
2025-01-07 18:00:00,300021685,0
2025-01-07 18:00:00,300028650,2
2025-01-07 19:00:00,100001753,3
2025-01-07 19:00:00,100003032,21
2025-01-07 19:00:00,100003040,1
2025-01-07 19:00:00,100003041,11
2025-01-07 19:00:00,100003042,17
2025-01-07 19:00:00,100004575,0
2025-01-07 19:00:00,100007390,81
2025-01-07 19:00:00,100011747,6
2025-01-07 19:00:00,100011783,8
2025-01-07 19:00:00,100012217,10
2025-01-07 19:00:00,100012218,0
2025-01-07 19:00:00,100017441,24
2025-01-07 19:00:00,100017523,0
2025-01-07 19:00:00,100025474,30
2025-01-07 19:00:00,100035408,3
2025-01-07 19:00:00,100035409,0
2025-01-07 19:00:00,100041114,1
2025-01-07 19:00:00,100047030,1
2025-01-07 19:00:00,100052600,7
2025-01-07 19:00:00,100052602,0
2025-01-07 19:00:00,100052603,3
2025-01-07 19:00:00,100052605,0
2025-01-07 19:00:00,100052606,7
2025-01-07 19:00:00,100053055,0
2025-01-07 19:00:00,100053059,2
2025-01-07 19:00:00,100053210,0
2025-01-07 19:00:00,100054073,0
2025-01-07 19:00:00,100055268,0
2025-01-07 19:00:00,100056188,8
2025-01-07 19:00:00,300014985,16
2025-01-07 19:00:00,300014986,34
2025-01-07 19:00:00,300014993,11
2025-01-07 19:00:00,300014994,4
2025-01-07 19:00:00,300014995,43
2025-01-07 19:00:00,300014996,6
2025-01-07 19:00:00,300020478,3
2025-01-07 19:00:00,300020679,14
2025-01-07 19:00:00,300020816,12
2025-01-07 19:00:00,300020817,12
2025-01-07 19:00:00,300021685,0
2025-01-07 19:00:00,300028650,4
2025-01-07 20:00:00,100001753,4
2025-01-07 20:00:00,100003032,15
2025-01-07 20:00:00,100003040,0
2025-01-07 20:00:00,100003041,1
2025-01-07 20:00:00,100003042,6
2025-01-07 20:00:00,100004575,0
2025-01-07 20:00:00,100007390,134
2025-01-07 20:00:00,100011747,0
2025-01-07 20:00:00,100011783,3
2025-01-07 20:00:00,100012217,13
2025-01-07 20:00:00,100012218,0
2025-01-07 20:00:00,100017441,6
2025-01-07 20:00:00,100017523,0
2025-01-07 20:00:00,100025474,21
2025-01-07 20:00:00,100035408,5
2025-01-07 20:00:00,100035409,0
2025-01-07 20:00:00,100041114,0
2025-01-07 20:00:00,100047030,2
2025-01-07 20:00:00,100052600,7
2025-01-07 20:00:00,100052602,0
2025-01-07 20:00:00,100052603,0
2025-01-07 20:00:00,100052605,0
2025-01-07 20:00:00,100052606,0
2025-01-07 20:00:00,100053055,0
2025-01-07 20:00:00,100053059,2
2025-01-07 20:00:00,100053210,0
2025-01-07 20:00:00,100054073,0
2025-01-07 20:00:00,100055268,2
2025-01-07 20:00:00,100056188,8
2025-01-07 20:00:00,300014985,12
2025-01-07 20:00:00,300014986,17
2025-01-07 20:00:00,300014993,0
2025-01-07 20:00:00,300014994,4
2025-01-07 20:00:00,300014995,26
2025-01-07 20:00:00,300014996,9
2025-01-07 20:00:00,300020478,3
2025-01-07 20:00:00,300020679,8
2025-01-07 20:00:00,300020816,6
2025-01-07 20:00:00,300020817,6
2025-01-07 20:00:00,300021685,0
2025-01-07 20:00:00,300028650,4
2025-01-07 21:00:00,100001753,4
2025-01-07 21:00:00,100003032,12
2025-01-07 21:00:00,100003040,0
2025-01-07 21:00:00,100003041,4
2025-01-07 21:00:00,100003042,5
2025-01-07 21:00:00,100004575,0
2025-01-07 21:00:00,100007390,122
2025-01-07 21:00:00,100011747,0
2025-01-07 21:00:00,100011783,5
2025-01-07 21:00:00,100012217,6
2025-01-07 21:00:00,100012218,0
2025-01-07 21:00:00,100017441,7
2025-01-07 21:00:00,100017523,1
2025-01-07 21:00:00,100025474,24
2025-01-07 21:00:00,100035408,3
2025-01-07 21:00:00,100035409,0
2025-01-07 21:00:00,100041114,1
2025-01-07 21:00:00,100047030,1
2025-01-07 21:00:00,100052600,10
2025-01-07 21:00:00,100052602,0
2025-01-07 21:00:00,100052603,0
2025-01-07 21:00:00,100052605,0
2025-01-07 21:00:00,100052606,0
2025-01-07 21:00:00,100053055,0
2025-01-07 21:00:00,100053059,0
2025-01-07 21:00:00,100053210,0
2025-01-07 21:00:00,100054073,0
2025-01-07 21:00:00,100055268,1
2025-01-07 21:00:00,100056188,5
2025-01-07 21:00:00,300014985,6
2025-01-07 21:00:00,300014986,21
2025-01-07 21:00:00,300014993,3
2025-01-07 21:00:00,300014994,3
2025-01-07 21:00:00,300014995,16
2025-01-07 21:00:00,300014996,6
2025-01-07 21:00:00,300020478,2
2025-01-07 21:00:00,300020679,15
2025-01-07 21:00:00,300020816,3
2025-01-07 21:00:00,300020817,8
2025-01-07 21:00:00,300021685,0
2025-01-07 21:00:00,300028650,4
2025-01-07 22:00:00,100001753,1
2025-01-07 22:00:00,100003032,9
2025-01-07 22:00:00,100003040,1
2025-01-07 22:00:00,100003041,2
2025-01-07 22:00:00,100003042,2
2025-01-07 22:00:00,100004575,0
2025-01-07 22:00:00,100007390,43
2025-01-07 22:00:00,100011747,5
2025-01-07 22:00:00,100011783,0
2025-01-07 22:00:00,100012217,7
2025-01-07 22:00:00,100012218,0
2025-01-07 22:00:00,100017441,7
2025-01-07 22:00:00,100017523,0
2025-01-07 22:00:00,100025474,16
2025-01-07 22:00:00,100035408,0
2025-01-07 22:00:00,100035409,0
2025-01-07 22:00:00,100041114,0
2025-01-07 22:00:00,100047030,0
2025-01-07 22:00:00,100052600,3
2025-01-07 22:00:00,100052602,0
2025-01-07 22:00:00,100052603,0
2025-01-07 22:00:00,100052605,1
2025-01-07 22:00:00,100052606,0
2025-01-07 22:00:00,100053055,0
2025-01-07 22:00:00,100053059,0
2025-01-07 22:00:00,100053210,0
2025-01-07 22:00:00,100054073,1
2025-01-07 22:00:00,100055268,0
2025-01-07 22:00:00,100056188,6
2025-01-07 22:00:00,300014985,5
2025-01-07 22:00:00,300014986,8
2025-01-07 22:00:00,300014993,1
2025-01-07 22:00:00,300014994,2
2025-01-07 22:00:00,300014995,19
2025-01-07 22:00:00,300014996,5
2025-01-07 22:00:00,300020478,0
2025-01-07 22:00:00,300020679,3
2025-01-07 22:00:00,300020816,1
2025-01-07 22:00:00,300020817,7
2025-01-07 22:00:00,300021685,0
2025-01-07 22:00:00,300028650,3
2025-01-07 23:00:00,100001753,1
2025-01-07 23:00:00,100003032,6
2025-01-07 23:00:00,100003040,0
2025-01-07 23:00:00,100003041,1
2025-01-07 23:00:00,100003042,2
2025-01-07 23:00:00,100004575,0
2025-01-07 23:00:00,100007390,31
2025-01-07 23:00:00,100011747,3
2025-01-07 23:00:00,100011783,0
2025-01-07 23:00:00,100012217,0
2025-01-07 23:00:00,100012218,0
2025-01-07 23:00:00,100017441,6
2025-01-07 23:00:00,100017523,0
2025-01-07 23:00:00,100025474,16
2025-01-07 23:00:00,100035408,2
2025-01-07 23:00:00,100035409,0
2025-01-07 23:00:00,100041114,1
2025-01-07 23:00:00,100047030,0
2025-01-07 23:00:00,100052600,3
2025-01-07 23:00:00,100052602,0
2025-01-07 23:00:00,100052603,0
2025-01-07 23:00:00,100052605,0
2025-01-07 23:00:00,100052606,1
2025-01-07 23:00:00,100053055,0
2025-01-07 23:00:00,100053059,0
2025-01-07 23:00:00,100053210,2
2025-01-07 23:00:00,100054073,2
2025-01-07 23:00:00,100055268,0
2025-01-07 23:00:00,100056188,8
2025-01-07 23:00:00,300014985,2
2025-01-07 23:00:00,300014986,6
2025-01-07 23:00:00,300014993,2
2025-01-07 23:00:00,300014994,1
2025-01-07 23:00:00,300014995,10
2025-01-07 23:00:00,300014996,3
2025-01-07 23:00:00,300020478,0
2025-01-07 23:00:00,300020679,4
2025-01-07 23:00:00,300020816,0
2025-01-07 23:00:00,300020817,6
2025-01-07 23:00:00,300021685,0
2025-01-07 23:00:00,300028650,1
2025-01-08 00:00:00,100001753,0
2025-01-08 00:00:00,100003032,1
2025-01-08 00:00:00,100003040,0
2025-01-08 00:00:00,100003041,0
2025-01-08 00:00:00,100003042,1
2025-01-08 00:00:00,100004575,0
2025-01-08 00:00:00,100007390,91
2025-01-08 00:00:00,100011747,1
2025-01-08 00:00:00,100011783,0
2025-01-08 00:00:00,100012217,0
2025-01-08 00:00:00,100012218,0
2025-01-08 00:00:00,100017441,0
2025-01-08 00:00:00,100017523,0
2025-01-08 00:00:00,100025474,14
2025-01-08 00:00:00,100035408,0
2025-01-08 00:00:00,100035409,0
2025-01-08 00:00:00,100041114,1
2025-01-08 00:00:00,100047030,0
2025-01-08 00:00:00,100052600,1
2025-01-08 00:00:00,100052602,0
2025-01-08 00:00:00,100052603,0
2025-01-08 00:00:00,100052605,0
2025-01-08 00:00:00,100052606,1
2025-01-08 00:00:00,100053055,0
2025-01-08 00:00:00,100053059,0
2025-01-08 00:00:00,100053210,0
2025-01-08 00:00:00,100054073,0
2025-01-08 00:00:00,100055268,0
2025-01-08 00:00:00,100056188,1
2025-01-08 00:00:00,300014985,1
2025-01-08 00:00:00,300014986,6
2025-01-08 00:00:00,300014993,0
2025-01-08 00:00:00,300014994,1
2025-01-08 00:00:00,300014995,1
2025-01-08 00:00:00,300014996,0
2025-01-08 00:00:00,300020478,0
2025-01-08 00:00:00,300020679,4
2025-01-08 00:00:00,300020816,1
2025-01-08 00:00:00,300020817,5
2025-01-08 00:00:00,300021685,0
2025-01-08 00:00:00,300028650,1
2025-01-08 01:00:00,100001753,0
2025-01-08 01:00:00,100003032,0
2025-01-08 01:00:00,100003040,0
2025-01-08 01:00:00,100003041,0
2025-01-08 01:00:00,100003042,0
2025-01-08 01:00:00,100004575,0
2025-01-08 01:00:00,100007390,188
2025-01-08 01:00:00,100011747,0
2025-01-08 01:00:00,100011783,0
2025-01-08 01:00:00,100012217,0
2025-01-08 01:00:00,100012218,0
2025-01-08 01:00:00,100017441,0
2025-01-08 01:00:00,100017523,0
2025-01-08 01:00:00,100025474,16
2025-01-08 01:00:00,100035408,0
2025-01-08 01:00:00,100035409,0
2025-01-08 01:00:00,100041114,0
2025-01-08 01:00:00,100047030,1
2025-01-08 01:00:00,100052600,0
2025-01-08 01:00:00,100052602,0
2025-01-08 01:00:00,100052603,0
2025-01-08 01:00:00,100052605,0
2025-01-08 01:00:00,100052606,0
2025-01-08 01:00:00,100053055,1
2025-01-08 01:00:00,100053059,0
2025-01-08 01:00:00,100053210,0
2025-01-08 01:00:00,100054073,0
2025-01-08 01:00:00,100055268,0
2025-01-08 01:00:00,100056188,0
2025-01-08 01:00:00,300014985,0
2025-01-08 01:00:00,300014986,1
2025-01-08 01:00:00,300014993,0
2025-01-08 01:00:00,300014994,0
2025-01-08 01:00:00,300014995,1
2025-01-08 01:00:00,300014996,0
2025-01-08 01:00:00,300020478,0
2025-01-08 01:00:00,300020679,1
2025-01-08 01:00:00,300020816,0
2025-01-08 01:00:00,300020817,1
2025-01-08 01:00:00,300021685,0
2025-01-08 01:00:00,300028650,0
2025-01-08 02:00:00,100001753,0
2025-01-08 02:00:00,100003032,2
2025-01-08 02:00:00,100003040,0
2025-01-08 02:00:00,100003041,0
2025-01-08 02:00:00,100003042,0
2025-01-08 02:00:00,100004575,0
2025-01-08 02:00:00,100007390,289
2025-01-08 02:00:00,100011747,0
2025-01-08 02:00:00,100011783,0
2025-01-08 02:00:00,100012217,0
2025-01-08 02:00:00,100012218,0
2025-01-08 02:00:00,100017441,1
2025-01-08 02:00:00,100017523,0
2025-01-08 02:00:00,100025474,6
2025-01-08 02:00:00,100035408,0
2025-01-08 02:00:00,100035409,0
2025-01-08 02:00:00,100041114,0
2025-01-08 02:00:00,100047030,0
2025-01-08 02:00:00,100052600,0
2025-01-08 02:00:00,100052602,0
2025-01-08 02:00:00,100052603,0
2025-01-08 02:00:00,100052605,0
2025-01-08 02:00:00,100052606,0
2025-01-08 02:00:00,100053055,0
2025-01-08 02:00:00,100053059,0
2025-01-08 02:00:00,100053210,0
2025-01-08 02:00:00,100054073,0
2025-01-08 02:00:00,100055268,1
2025-01-08 02:00:00,100056188,0
2025-01-08 02:00:00,300014985,1
2025-01-08 02:00:00,300014986,2
2025-01-08 02:00:00,300014993,0
2025-01-08 02:00:00,300014994,0
2025-01-08 02:00:00,300014995,0
2025-01-08 02:00:00,300014996,0
2025-01-08 02:00:00,300020478,0
2025-01-08 02:00:00,300020679,0
2025-01-08 02:00:00,300020816,0
2025-01-08 02:00:00,300020817,0
2025-01-08 02:00:00,300021685,0
2025-01-08 02:00:00,300028650,0
2025-01-08 03:00:00,100001753,0
2025-01-08 03:00:00,100003032,0
2025-01-08 03:00:00,100003040,0
2025-01-08 03:00:00,100003041,0
2025-01-08 03:00:00,100003042,0
2025-01-08 03:00:00,100004575,0
2025-01-08 03:00:00,100007390,300
2025-01-08 03:00:00,100011747,0
2025-01-08 03:00:00,100011783,0
2025-01-08 03:00:00,100012217,1
2025-01-08 03:00:00,100012218,0
2025-01-08 03:00:00,100017441,0
2025-01-08 03:00:00,100017523,0
2025-01-08 03:00:00,100025474,11
2025-01-08 03:00:00,100035408,0
2025-01-08 03:00:00,100035409,0
2025-01-08 03:00:00,100041114,0
2025-01-08 03:00:00,100047030,0
2025-01-08 03:00:00,100052600,0
2025-01-08 03:00:00,100052602,0
2025-01-08 03:00:00,100052603,0
2025-01-08 03:00:00,100052605,0
2025-01-08 03:00:00,100052606,0
2025-01-08 03:00:00,100053055,0
2025-01-08 03:00:00,100053059,0
2025-01-08 03:00:00,100053210,0
2025-01-08 03:00:00,100054073,0
2025-01-08 03:00:00,100055268,0
2025-01-08 03:00:00,100056188,0
2025-01-08 03:00:00,300014985,0
2025-01-08 03:00:00,300014986,0
2025-01-08 03:00:00,300014993,0
2025-01-08 03:00:00,300014994,0
2025-01-08 03:00:00,300014995,0
2025-01-08 03:00:00,300014996,1
2025-01-08 03:00:00,300020478,0
2025-01-08 03:00:00,300020679,1
2025-01-08 03:00:00,300020816,0
2025-01-08 03:00:00,300020817,0
2025-01-08 03:00:00,300021685,0
2025-01-08 03:00:00,300028650,0
2025-01-08 04:00:00,100001753,1
2025-01-08 04:00:00,100003032,2
2025-01-08 04:00:00,100003040,0
2025-01-08 04:00:00,100003041,0
2025-01-08 04:00:00,100003042,0
2025-01-08 04:00:00,100004575,0
2025-01-08 04:00:00,100007390,317
2025-01-08 04:00:00,100011747,0
2025-01-08 04:00:00,100011783,0
2025-01-08 04:00:00,100012217,0
2025-01-08 04:00:00,100012218,0
2025-01-08 04:00:00,100017441,1
2025-01-08 04:00:00,100017523,0
2025-01-08 04:00:00,100025474,9
2025-01-08 04:00:00,100035408,0
2025-01-08 04:00:00,100035409,0
2025-01-08 04:00:00,100041114,0
2025-01-08 04:00:00,100047030,1
2025-01-08 04:00:00,100052600,2
2025-01-08 04:00:00,100052602,0
2025-01-08 04:00:00,100052603,0
2025-01-08 04:00:00,100052605,1
2025-01-08 04:00:00,100052606,0
2025-01-08 04:00:00,100053055,0
2025-01-08 04:00:00,100053059,1
2025-01-08 04:00:00,100053210,0
2025-01-08 04:00:00,100054073,0
2025-01-08 04:00:00,100055268,0
2025-01-08 04:00:00,100056188,1
2025-01-08 04:00:00,300014985,2
2025-01-08 04:00:00,300014986,0
2025-01-08 04:00:00,300014993,0
2025-01-08 04:00:00,300014994,1
2025-01-08 04:00:00,300014995,0
2025-01-08 04:00:00,300014996,1
2025-01-08 04:00:00,300020478,0
2025-01-08 04:00:00,300020679,0
2025-01-08 04:00:00,300020816,1
2025-01-08 04:00:00,300020817,0
2025-01-08 04:00:00,300021685,0
2025-01-08 04:00:00,300028650,0
2025-01-08 05:00:00,100001753,2
2025-01-08 05:00:00,100003032,3
2025-01-08 05:00:00,100003040,1
2025-01-08 05:00:00,100003041,3
2025-01-08 05:00:00,100003042,2
2025-01-08 05:00:00,100004575,0
2025-01-08 05:00:00,100007390,201
2025-01-08 05:00:00,100011747,1
2025-01-08 05:00:00,100011783,0
2025-01-08 05:00:00,100012217,1
2025-01-08 05:00:00,100012218,0
2025-01-08 05:00:00,100017441,1
2025-01-08 05:00:00,100017523,0
2025-01-08 05:00:00,100025474,44
2025-01-08 05:00:00,100035408,2
2025-01-08 05:00:00,100035409,0
2025-01-08 05:00:00,100041114,0
2025-01-08 05:00:00,100047030,0
2025-01-08 05:00:00,100052600,1
2025-01-08 05:00:00,100052602,4
2025-01-08 05:00:00,100052603,0
2025-01-08 05:00:00,100052605,1
2025-01-08 05:00:00,100052606,0
2025-01-08 05:00:00,100053055,0
2025-01-08 05:00:00,100053059,0
2025-01-08 05:00:00,100053210,1
2025-01-08 05:00:00,100054073,1
2025-01-08 05:00:00,100055268,0
2025-01-08 05:00:00,100056188,3
2025-01-08 05:00:00,300014985,2
2025-01-08 05:00:00,300014986,0
2025-01-08 05:00:00,300014993,0
2025-01-08 05:00:00,300014994,1
2025-01-08 05:00:00,300014995,1
2025-01-08 05:00:00,300014996,1
2025-01-08 05:00:00,300020478,0
2025-01-08 05:00:00,300020679,6
2025-01-08 05:00:00,300020816,4
2025-01-08 05:00:00,300020817,3
2025-01-08 05:00:00,300021685,0
2025-01-08 05:00:00,300028650,2
2025-01-08 06:00:00,100001753,10
2025-01-08 06:00:00,100003032,7
2025-01-08 06:00:00,100003040,0
2025-01-08 06:00:00,100003041,10
2025-01-08 06:00:00,100003042,4
2025-01-08 06:00:00,100004575,0
2025-01-08 06:00:00,100007390,254
2025-01-08 06:00:00,100011747,0
2025-01-08 06:00:00,100011783,4
2025-01-08 06:00:00,100012217,1
2025-01-08 06:00:00,100012218,0
2025-01-08 06:00:00,100017441,8
2025-01-08 06:00:00,100017523,0
2025-01-08 06:00:00,100025474,17
2025-01-08 06:00:00,100035408,2
2025-01-08 06:00:00,100035409,0
2025-01-08 06:00:00,100041114,0
2025-01-08 06:00:00,100047030,1
2025-01-08 06:00:00,100052600,5
2025-01-08 06:00:00,100052602,0
2025-01-08 06:00:00,100052603,0
2025-01-08 06:00:00,100052605,1
2025-01-08 06:00:00,100052606,1
2025-01-08 06:00:00,100053055,1
2025-01-08 06:00:00,100053059,0
2025-01-08 06:00:00,100053210,2
2025-01-08 06:00:00,100054073,2
2025-01-08 06:00:00,100055268,1
2025-01-08 06:00:00,100056188,9
2025-01-08 06:00:00,300014985,17
2025-01-08 06:00:00,300014986,6
2025-01-08 06:00:00,300014993,3
2025-01-08 06:00:00,300014994,4
2025-01-08 06:00:00,300014995,1
2025-01-08 06:00:00,300014996,10
2025-01-08 06:00:00,300020478,2
2025-01-08 06:00:00,300020679,17
2025-01-08 06:00:00,300020816,9
2025-01-08 06:00:00,300020817,3
2025-01-08 06:00:00,300021685,0
2025-01-08 06:00:00,300028650,0
2025-01-08 07:00:00,100001753,9
2025-01-08 07:00:00,100003032,47
2025-01-08 07:00:00,100003040,3
2025-01-08 07:00:00,100003041,29
2025-01-08 07:00:00,100003042,14
2025-01-08 07:00:00,100004575,0
2025-01-08 07:00:00,100007390,344
2025-01-08 07:00:00,100011747,3
2025-01-08 07:00:00,100011783,12
2025-01-08 07:00:00,100012217,10
2025-01-08 07:00:00,100012218,0
2025-01-08 07:00:00,100017441,33
2025-01-08 07:00:00,100017523,0
2025-01-08 07:00:00,100025474,14
2025-01-08 07:00:00,100035408,8
2025-01-08 07:00:00,100035409,0
2025-01-08 07:00:00,100041114,1
2025-01-08 07:00:00,100047030,11
2025-01-08 07:00:00,100052600,23
2025-01-08 07:00:00,100052602,0
2025-01-08 07:00:00,100052603,0
2025-01-08 07:00:00,100052605,1
2025-01-08 07:00:00,100052606,7
2025-01-08 07:00:00,100053055,1
2025-01-08 07:00:00,100053059,1
2025-01-08 07:00:00,100053210,4
2025-01-08 07:00:00,100054073,2
2025-01-08 07:00:00,100055268,18
2025-01-08 07:00:00,100056188,12
2025-01-08 07:00:00,300014985,51
2025-01-08 07:00:00,300014986,15
2025-01-08 07:00:00,300014993,8
2025-01-08 07:00:00,300014994,15
2025-01-08 07:00:00,300014995,13
2025-01-08 07:00:00,300014996,64
2025-01-08 07:00:00,300020478,3
2025-01-08 07:00:00,300020679,74
2025-01-08 07:00:00,300020816,33
2025-01-08 07:00:00,300020817,15
2025-01-08 07:00:00,300021685,0
2025-01-08 07:00:00,300028650,19
2025-01-08 08:00:00,100001753,24
2025-01-08 08:00:00,100003032,85
2025-01-08 08:00:00,100003040,0
2025-01-08 08:00:00,100003041,34
2025-01-08 08:00:00,100003042,42
2025-01-08 08:00:00,100004575,0
2025-01-08 08:00:00,100007390,65
2025-01-08 08:00:00,100011747,3
2025-01-08 08:00:00,100011783,15
2025-01-08 08:00:00,100012217,31
2025-01-08 08:00:00,100012218,0
2025-01-08 08:00:00,100017441,85
2025-01-08 08:00:00,100017523,1
2025-01-08 08:00:00,100025474,38
2025-01-08 08:00:00,100035408,12
2025-01-08 08:00:00,100035409,0
2025-01-08 08:00:00,100041114,0
2025-01-08 08:00:00,100047030,52
2025-01-08 08:00:00,100052600,48
2025-01-08 08:00:00,100052602,1
2025-01-08 08:00:00,100052603,2
2025-01-08 08:00:00,100052605,0
2025-01-08 08:00:00,100052606,9
2025-01-08 08:00:00,100053055,1
2025-01-08 08:00:00,100053059,0
2025-01-08 08:00:00,100053210,8
2025-01-08 08:00:00,100054073,4
2025-01-08 08:00:00,100055268,15
2025-01-08 08:00:00,100056188,37
2025-01-08 08:00:00,300014985,160
2025-01-08 08:00:00,300014986,28
2025-01-08 08:00:00,300014993,19
2025-01-08 08:00:00,300014994,19
2025-01-08 08:00:00,300014995,19
2025-01-08 08:00:00,300014996,142
2025-01-08 08:00:00,300020478,22
2025-01-08 08:00:00,300020679,156
2025-01-08 08:00:00,300020816,66
2025-01-08 08:00:00,300020817,25
2025-01-08 08:00:00,300021685,0
2025-01-08 08:00:00,300028650,23
2025-01-08 09:00:00,100001753,5
2025-01-08 09:00:00,100003032,53
2025-01-08 09:00:00,100003040,0
2025-01-08 09:00:00,100003041,21
2025-01-08 09:00:00,100003042,25
2025-01-08 09:00:00,100004575,0
2025-01-08 09:00:00,100007390,17
2025-01-08 09:00:00,100011747,5
2025-01-08 09:00:00,100011783,8
2025-01-08 09:00:00,100012217,20
2025-01-08 09:00:00,100012218,0
2025-01-08 09:00:00,100017441,44
2025-01-08 09:00:00,100017523,0
2025-01-08 09:00:00,100025474,29
2025-01-08 09:00:00,100035408,5
2025-01-08 09:00:00,100035409,0
2025-01-08 09:00:00,100041114,2
2025-01-08 09:00:00,100047030,21
2025-01-08 09:00:00,100052600,19
2025-01-08 09:00:00,100052602,0
2025-01-08 09:00:00,100052603,4
2025-01-08 09:00:00,100052605,3
2025-01-08 09:00:00,100052606,6
2025-01-08 09:00:00,100053055,0
2025-01-08 09:00:00,100053059,1
2025-01-08 09:00:00,100053210,5
2025-01-08 09:00:00,100054073,1
2025-01-08 09:00:00,100055268,5
2025-01-08 09:00:00,100056188,21
2025-01-08 09:00:00,300014985,74
2025-01-08 09:00:00,300014986,20
2025-01-08 09:00:00,300014993,11
2025-01-08 09:00:00,300014994,7
2025-01-08 09:00:00,300014995,9
2025-01-08 09:00:00,300014996,83
2025-01-08 09:00:00,300020478,6
2025-01-08 09:00:00,300020679,65
2025-01-08 09:00:00,300020816,29
2025-01-08 09:00:00,300020817,14
2025-01-08 09:00:00,300021685,0
2025-01-08 09:00:00,300028650,5
2025-01-08 10:00:00,100001753,7
2025-01-08 10:00:00,100003032,23
2025-01-08 10:00:00,100003040,0
2025-01-08 10:00:00,100003041,9
2025-01-08 10:00:00,100003042,6
2025-01-08 10:00:00,100004575,0
2025-01-08 10:00:00,100007390,5
2025-01-08 10:00:00,100011747,1
2025-01-08 10:00:00,100011783,6
2025-01-08 10:00:00,100012217,17
2025-01-08 10:00:00,100012218,0
2025-01-08 10:00:00,100017441,15
2025-01-08 10:00:00,100017523,0
2025-01-08 10:00:00,100025474,25
2025-01-08 10:00:00,100035408,2
2025-01-08 10:00:00,100035409,0
2025-01-08 10:00:00,100041114,0
2025-01-08 10:00:00,100047030,5
2025-01-08 10:00:00,100052600,8
2025-01-08 10:00:00,100052602,0
2025-01-08 10:00:00,100052603,0
2025-01-08 10:00:00,100052605,0
2025-01-08 10:00:00,100052606,0
2025-01-08 10:00:00,100053055,0
2025-01-08 10:00:00,100053059,4
2025-01-08 10:00:00,100053210,0
2025-01-08 10:00:00,100054073,0
2025-01-08 10:00:00,100055268,3
2025-01-08 10:00:00,100056188,10
2025-01-08 10:00:00,300014985,24
2025-01-08 10:00:00,300014986,8
2025-01-08 10:00:00,300014993,2
2025-01-08 10:00:00,300014994,1
2025-01-08 10:00:00,300014995,12
2025-01-08 10:00:00,300014996,24
2025-01-08 10:00:00,300020478,3
2025-01-08 10:00:00,300020679,29
2025-01-08 10:00:00,300020816,8
2025-01-08 10:00:00,300020817,8
2025-01-08 10:00:00,300021685,0
2025-01-08 10:00:00,300028650,2
2025-01-08 11:00:00,100001753,1
2025-01-08 11:00:00,100003032,12
2025-01-08 11:00:00,100003040,0
2025-01-08 11:00:00,100003041,18
2025-01-08 11:00:00,100003042,4
2025-01-08 11:00:00,100004575,0
2025-01-08 11:00:00,100007390,13
2025-01-08 11:00:00,100011747,1
2025-01-08 11:00:00,100011783,1
2025-01-08 11:00:00,100012217,7
2025-01-08 11:00:00,100012218,0
2025-01-08 11:00:00,100017441,13
2025-01-08 11:00:00,100017523,0
2025-01-08 11:00:00,100025474,6
2025-01-08 11:00:00,100035408,0
2025-01-08 11:00:00,100035409,0
2025-01-08 11:00:00,100041114,0
2025-01-08 11:00:00,100047030,1
2025-01-08 11:00:00,100052600,19
2025-01-08 11:00:00,100052602,0
2025-01-08 11:00:00,100052603,0
2025-01-08 11:00:00,100052605,0
2025-01-08 11:00:00,100052606,5
2025-01-08 11:00:00,100053055,0
2025-01-08 11:00:00,100053059,3
2025-01-08 11:00:00,100053210,0
2025-01-08 11:00:00,100054073,0
2025-01-08 11:00:00,100055268,3
2025-01-08 11:00:00,100056188,9
2025-01-08 11:00:00,300014985,14
2025-01-08 11:00:00,300014986,9
2025-01-08 11:00:00,300014993,3
2025-01-08 11:00:00,300014994,6
2025-01-08 11:00:00,300014995,12
2025-01-08 11:00:00,300014996,15
2025-01-08 11:00:00,300020478,5
2025-01-08 11:00:00,300020679,19
2025-01-08 11:00:00,300020816,12
2025-01-08 11:00:00,300020817,3
2025-01-08 11:00:00,300021685,0
2025-01-08 11:00:00,300028650,1
2025-01-08 12:00:00,100001753,3
2025-01-08 12:00:00,100003032,23
2025-01-08 12:00:00,100003040,1
2025-01-08 12:00:00,100003041,12
2025-01-08 12:00:00,100003042,9
2025-01-08 12:00:00,100004575,0
2025-01-08 12:00:00,100007390,17
2025-01-08 12:00:00,100011747,4
2025-01-08 12:00:00,100011783,4
2025-01-08 12:00:00,100012217,14
2025-01-08 12:00:00,100012218,0
2025-01-08 12:00:00,100017441,11
2025-01-08 12:00:00,100017523,1
2025-01-08 12:00:00,100025474,6
2025-01-08 12:00:00,100035408,2
2025-01-08 12:00:00,100035409,0
2025-01-08 12:00:00,100041114,0
2025-01-08 12:00:00,100047030,6
2025-01-08 12:00:00,100052600,17
2025-01-08 12:00:00,100052602,0
2025-01-08 12:00:00,100052603,0
2025-01-08 12:00:00,100052605,0
2025-01-08 12:00:00,100052606,1
2025-01-08 12:00:00,100053055,1
2025-01-08 12:00:00,100053059,3
2025-01-08 12:00:00,100053210,2
2025-01-08 12:00:00,100054073,2
2025-01-08 12:00:00,100055268,3
2025-01-08 12:00:00,100056188,15
2025-01-08 12:00:00,300014985,21
2025-01-08 12:00:00,300014986,7
2025-01-08 12:00:00,300014993,0
2025-01-08 12:00:00,300014994,3
2025-01-08 12:00:00,300014995,15
2025-01-08 12:00:00,300014996,19
2025-01-08 12:00:00,300020478,4
2025-01-08 12:00:00,300020679,20
2025-01-08 12:00:00,300020816,13
2025-01-08 12:00:00,300020817,5
2025-01-08 12:00:00,300021685,0
2025-01-08 12:00:00,300028650,0
2025-01-08 13:00:00,100001753,2
2025-01-08 13:00:00,100003032,26
2025-01-08 13:00:00,100003040,0
2025-01-08 13:00:00,100003041,16
2025-01-08 13:00:00,100003042,11
2025-01-08 13:00:00,100004575,0
2025-01-08 13:00:00,100007390,13
2025-01-08 13:00:00,100011747,6
2025-01-08 13:00:00,100011783,6
2025-01-08 13:00:00,100012217,9
2025-01-08 13:00:00,100012218,0
2025-01-08 13:00:00,100017441,23
2025-01-08 13:00:00,100017523,0
2025-01-08 13:00:00,100025474,18
2025-01-08 13:00:00,100035408,4
2025-01-08 13:00:00,100035409,0
2025-01-08 13:00:00,100041114,0
2025-01-08 13:00:00,100047030,2
2025-01-08 13:00:00,100052600,6
2025-01-08 13:00:00,100052602,0
2025-01-08 13:00:00,100052603,0
2025-01-08 13:00:00,100052605,0
2025-01-08 13:00:00,100052606,4
2025-01-08 13:00:00,100053055,0
2025-01-08 13:00:00,100053059,2
2025-01-08 13:00:00,100053210,1
2025-01-08 13:00:00,100054073,1
2025-01-08 13:00:00,100055268,4
2025-01-08 13:00:00,100056188,10
2025-01-08 13:00:00,300014985,15
2025-01-08 13:00:00,300014986,15
2025-01-08 13:00:00,300014993,7
2025-01-08 13:00:00,300014994,1
2025-01-08 13:00:00,300014995,15
2025-01-08 13:00:00,300014996,23
2025-01-08 13:00:00,300020478,3
2025-01-08 13:00:00,300020679,24
2025-01-08 13:00:00,300020816,8
2025-01-08 13:00:00,300020817,11
2025-01-08 13:00:00,300021685,0
2025-01-08 13:00:00,300028650,2
2025-01-08 14:00:00,100001753,4
2025-01-08 14:00:00,100003032,19
2025-01-08 14:00:00,100003040,0
2025-01-08 14:00:00,100003041,14
2025-01-08 14:00:00,100003042,5
2025-01-08 14:00:00,100004575,0
2025-01-08 14:00:00,100007390,11
2025-01-08 14:00:00,100011747,3
2025-01-08 14:00:00,100011783,2
2025-01-08 14:00:00,100012217,12
2025-01-08 14:00:00,100012218,0
2025-01-08 14:00:00,100017441,18
2025-01-08 14:00:00,100017523,0
2025-01-08 14:00:00,100025474,12
2025-01-08 14:00:00,100035408,1
2025-01-08 14:00:00,100035409,0
2025-01-08 14:00:00,100041114,0
2025-01-08 14:00:00,100047030,3
2025-01-08 14:00:00,100052600,4
2025-01-08 14:00:00,100052602,0
2025-01-08 14:00:00,100052603,0
2025-01-08 14:00:00,100052605,1
2025-01-08 14:00:00,100052606,5
2025-01-08 14:00:00,100053055,1
2025-01-08 14:00:00,100053059,1
2025-01-08 14:00:00,100053210,3
2025-01-08 14:00:00,100054073,1
2025-01-08 14:00:00,100055268,3
2025-01-08 14:00:00,100056188,16
2025-01-08 14:00:00,300014985,14
2025-01-08 14:00:00,300014986,19
2025-01-08 14:00:00,300014993,8
2025-01-08 14:00:00,300014994,7
2025-01-08 14:00:00,300014995,14
2025-01-08 14:00:00,300014996,10
2025-01-08 14:00:00,300020478,4
2025-01-08 14:00:00,300020679,13
2025-01-08 14:00:00,300020816,9
2025-01-08 14:00:00,300020817,11
2025-01-08 14:00:00,300021685,0
2025-01-08 14:00:00,300028650,3
2025-01-08 15:00:00,100001753,5
2025-01-08 15:00:00,100003032,23
2025-01-08 15:00:00,100003040,1
2025-01-08 15:00:00,100003041,34
2025-01-08 15:00:00,100003042,6
2025-01-08 15:00:00,100004575,0
2025-01-08 15:00:00,100007390,10
2025-01-08 15:00:00,100011747,11
2025-01-08 15:00:00,100011783,7
2025-01-08 15:00:00,100012217,5
2025-01-08 15:00:00,100012218,0
2025-01-08 15:00:00,100017441,17
2025-01-08 15:00:00,100017523,1
2025-01-08 15:00:00,100025474,18
2025-01-08 15:00:00,100035408,6
2025-01-08 15:00:00,100035409,0
2025-01-08 15:00:00,100041114,0
2025-01-08 15:00:00,100047030,3
2025-01-08 15:00:00,100052600,15
2025-01-08 15:00:00,100052602,0
2025-01-08 15:00:00,100052603,0
2025-01-08 15:00:00,100052605,0
2025-01-08 15:00:00,100052606,7
2025-01-08 15:00:00,100053055,1
2025-01-08 15:00:00,100053059,4
2025-01-08 15:00:00,100053210,2
2025-01-08 15:00:00,100054073,7
2025-01-08 15:00:00,100055268,3
2025-01-08 15:00:00,100056188,24
2025-01-08 15:00:00,300014985,12
2025-01-08 15:00:00,300014986,18
2025-01-08 15:00:00,300014993,6
2025-01-08 15:00:00,300014994,2
2025-01-08 15:00:00,300014995,33
2025-01-08 15:00:00,300014996,11
2025-01-08 15:00:00,300020478,7
2025-01-08 15:00:00,300020679,35
2025-01-08 15:00:00,300020816,15
2025-01-08 15:00:00,300020817,11
2025-01-08 15:00:00,300021685,0
2025-01-08 15:00:00,300028650,10
2025-01-08 16:00:00,100001753,11
2025-01-08 16:00:00,100003032,62
2025-01-08 16:00:00,100003040,0
2025-01-08 16:00:00,100003041,38
2025-01-08 16:00:00,100003042,28
2025-01-08 16:00:00,100004575,0
2025-01-08 16:00:00,100007390,10
2025-01-08 16:00:00,100011747,16
2025-01-08 16:00:00,100011783,13
2025-01-08 16:00:00,100012217,24
2025-01-08 16:00:00,100012218,0
2025-01-08 16:00:00,100017441,31
2025-01-08 16:00:00,100017523,0
2025-01-08 16:00:00,100025474,48
2025-01-08 16:00:00,100035408,8
2025-01-08 16:00:00,100035409,0
2025-01-08 16:00:00,100041114,0
2025-01-08 16:00:00,100047030,4
2025-01-08 16:00:00,100052600,29
2025-01-08 16:00:00,100052602,1
2025-01-08 16:00:00,100052603,2
2025-01-08 16:00:00,100052605,2
2025-01-08 16:00:00,100052606,3
2025-01-08 16:00:00,100053055,0
2025-01-08 16:00:00,100053059,2
2025-01-08 16:00:00,100053210,6
2025-01-08 16:00:00,100054073,3
2025-01-08 16:00:00,100055268,5
2025-01-08 16:00:00,100056188,22
2025-01-08 16:00:00,300014985,20
2025-01-08 16:00:00,300014986,59
2025-01-08 16:00:00,300014993,20
2025-01-08 16:00:00,300014994,7
2025-01-08 16:00:00,300014995,87
2025-01-08 16:00:00,300014996,21
2025-01-08 16:00:00,300020478,5
2025-01-08 16:00:00,300020679,52
2025-01-08 16:00:00,300020816,25
2025-01-08 16:00:00,300020817,36
2025-01-08 16:00:00,300021685,0
2025-01-08 16:00:00,300028650,16
2025-01-08 17:00:00,100001753,21
2025-01-08 17:00:00,100003032,77
2025-01-08 17:00:00,100003040,0
2025-01-08 17:00:00,100003041,26
2025-01-08 17:00:00,100003042,31
2025-01-08 17:00:00,100004575,0
2025-01-08 17:00:00,100007390,50
2025-01-08 17:00:00,100011747,30
2025-01-08 17:00:00,100011783,16
2025-01-08 17:00:00,100012217,39
2025-01-08 17:00:00,100012218,0
2025-01-08 17:00:00,100017441,58
2025-01-08 17:00:00,100017523,1
2025-01-08 17:00:00,100025474,61
2025-01-08 17:00:00,100035408,17
2025-01-08 17:00:00,100035409,0
2025-01-08 17:00:00,100041114,3
2025-01-08 17:00:00,100047030,10
2025-01-08 17:00:00,100052600,37
2025-01-08 17:00:00,100052602,0
2025-01-08 17:00:00,100052603,1
2025-01-08 17:00:00,100052605,1
2025-01-08 17:00:00,100052606,17
2025-01-08 17:00:00,100053055,0
2025-01-08 17:00:00,100053059,4
2025-01-08 17:00:00,100053210,0
2025-01-08 17:00:00,100054073,4
2025-01-08 17:00:00,100055268,11
2025-01-08 17:00:00,100056188,33
2025-01-08 17:00:00,300014985,30
2025-01-08 17:00:00,300014986,113
2025-01-08 17:00:00,300014993,21
2025-01-08 17:00:00,300014994,9
2025-01-08 17:00:00,300014995,140
2025-01-08 17:00:00,300014996,21
2025-01-08 17:00:00,300020478,5
2025-01-08 17:00:00,300020679,100
2025-01-08 17:00:00,300020816,27
2025-01-08 17:00:00,300020817,51
2025-01-08 17:00:00,300021685,0
2025-01-08 17:00:00,300028650,15
2025-01-08 18:00:00,100001753,4
2025-01-08 18:00:00,100003032,33
2025-01-08 18:00:00,100003040,2
2025-01-08 18:00:00,100003041,31
2025-01-08 18:00:00,100003042,15
2025-01-08 18:00:00,100004575,0
2025-01-08 18:00:00,100007390,29
2025-01-08 18:00:00,100011747,7
2025-01-08 18:00:00,100011783,10
2025-01-08 18:00:00,100012217,15
2025-01-08 18:00:00,100012218,0
2025-01-08 18:00:00,100017441,41
2025-01-08 18:00:00,100017523,0
2025-01-08 18:00:00,100025474,48
2025-01-08 18:00:00,100035408,12
2025-01-08 18:00:00,100035409,0
2025-01-08 18:00:00,100041114,0
2025-01-08 18:00:00,100047030,7
2025-01-08 18:00:00,100052600,20
2025-01-08 18:00:00,100052602,0
2025-01-08 18:00:00,100052603,2
2025-01-08 18:00:00,100052605,2
2025-01-08 18:00:00,100052606,1
2025-01-08 18:00:00,100053055,0
2025-01-08 18:00:00,100053059,3
2025-01-08 18:00:00,100053210,6
2025-01-08 18:00:00,100054073,0
2025-01-08 18:00:00,100055268,12
2025-01-08 18:00:00,100056188,26
2025-01-08 18:00:00,300014985,21
2025-01-08 18:00:00,300014986,70
2025-01-08 18:00:00,300014993,8
2025-01-08 18:00:00,300014994,3
2025-01-08 18:00:00,300014995,75
2025-01-08 18:00:00,300014996,16
2025-01-08 18:00:00,300020478,4
2025-01-08 18:00:00,300020679,63
2025-01-08 18:00:00,300020816,19
2025-01-08 18:00:00,300020817,30
2025-01-08 18:00:00,300021685,0
2025-01-08 18:00:00,300028650,6
2025-01-08 19:00:00,100001753,5
2025-01-08 19:00:00,100003032,14
2025-01-08 19:00:00,100003040,0
2025-01-08 19:00:00,100003041,7
2025-01-08 19:00:00,100003042,9
2025-01-08 19:00:00,100004575,0
2025-01-08 19:00:00,100007390,88
2025-01-08 19:00:00,100011747,2
2025-01-08 19:00:00,100011783,2
2025-01-08 19:00:00,100012217,10
2025-01-08 19:00:00,100012218,0
2025-01-08 19:00:00,100017441,8
2025-01-08 19:00:00,100017523,1
2025-01-08 19:00:00,100025474,47
2025-01-08 19:00:00,100035408,8
2025-01-08 19:00:00,100035409,0
2025-01-08 19:00:00,100041114,1
2025-01-08 19:00:00,100047030,2
2025-01-08 19:00:00,100052600,6
2025-01-08 19:00:00,100052602,0
2025-01-08 19:00:00,100052603,0
2025-01-08 19:00:00,100052605,1
2025-01-08 19:00:00,100052606,4
2025-01-08 19:00:00,100053055,0
2025-01-08 19:00:00,100053059,1
2025-01-08 19:00:00,100053210,1
2025-01-08 19:00:00,100054073,0
2025-01-08 19:00:00,100055268,2
2025-01-08 19:00:00,100056188,6
2025-01-08 19:00:00,300014985,12
2025-01-08 19:00:00,300014986,23
2025-01-08 19:00:00,300014993,5
2025-01-08 19:00:00,300014994,6
2025-01-08 19:00:00,300014995,25
2025-01-08 19:00:00,300014996,7
2025-01-08 19:00:00,300020478,1
2025-01-08 19:00:00,300020679,25
2025-01-08 19:00:00,300020816,11
2025-01-08 19:00:00,300020817,16
2025-01-08 19:00:00,300021685,0
2025-01-08 19:00:00,300028650,2
2025-01-08 20:00:00,100001753,3
2025-01-08 20:00:00,100003032,14
2025-01-08 20:00:00,100003040,0
2025-01-08 20:00:00,100003041,12
2025-01-08 20:00:00,100003042,1
2025-01-08 20:00:00,100004575,0
2025-01-08 20:00:00,100007390,95
2025-01-08 20:00:00,100011747,1
2025-01-08 20:00:00,100011783,3
2025-01-08 20:00:00,100012217,8
2025-01-08 20:00:00,100012218,0
2025-01-08 20:00:00,100017441,4
2025-01-08 20:00:00,100017523,0
2025-01-08 20:00:00,100025474,40
2025-01-08 20:00:00,100035408,3
2025-01-08 20:00:00,100035409,0
2025-01-08 20:00:00,100041114,0
2025-01-08 20:00:00,100047030,1
2025-01-08 20:00:00,100052600,6
2025-01-08 20:00:00,100052602,0
2025-01-08 20:00:00,100052603,1
2025-01-08 20:00:00,100052605,0
2025-01-08 20:00:00,100052606,2
2025-01-08 20:00:00,100053055,0
2025-01-08 20:00:00,100053059,5
2025-01-08 20:00:00,100053210,1
2025-01-08 20:00:00,100054073,1
2025-01-08 20:00:00,100055268,3
2025-01-08 20:00:00,100056188,11
2025-01-08 20:00:00,300014985,1
2025-01-08 20:00:00,300014986,16
2025-01-08 20:00:00,300014993,2
2025-01-08 20:00:00,300014994,5
2025-01-08 20:00:00,300014995,13
2025-01-08 20:00:00,300014996,7
2025-01-08 20:00:00,300020478,0
2025-01-08 20:00:00,300020679,8
2025-01-08 20:00:00,300020816,7
2025-01-08 20:00:00,300020817,5
2025-01-08 20:00:00,300021685,0
2025-01-08 20:00:00,300028650,4
2025-01-08 21:00:00,100001753,4
2025-01-08 21:00:00,100003032,6
2025-01-08 21:00:00,100003040,0
2025-01-08 21:00:00,100003041,5
2025-01-08 21:00:00,100003042,3
2025-01-08 21:00:00,100004575,0
2025-01-08 21:00:00,100007390,91
2025-01-08 21:00:00,100011747,2
2025-01-08 21:00:00,100011783,5
2025-01-08 21:00:00,100012217,11
2025-01-08 21:00:00,100012218,0
2025-01-08 21:00:00,100017441,7
2025-01-08 21:00:00,100017523,0
2025-01-08 21:00:00,100025474,43
2025-01-08 21:00:00,100035408,2
2025-01-08 21:00:00,100035409,0
2025-01-08 21:00:00,100041114,0
2025-01-08 21:00:00,100047030,0
2025-01-08 21:00:00,100052600,9
2025-01-08 21:00:00,100052602,1
2025-01-08 21:00:00,100052603,0
2025-01-08 21:00:00,100052605,0
2025-01-08 21:00:00,100052606,1
2025-01-08 21:00:00,100053055,0
2025-01-08 21:00:00,100053059,0
2025-01-08 21:00:00,100053210,0
2025-01-08 21:00:00,100054073,1
2025-01-08 21:00:00,100055268,1
2025-01-08 21:00:00,100056188,7
2025-01-08 21:00:00,300014985,7
2025-01-08 21:00:00,300014986,11
2025-01-08 21:00:00,300014993,0
2025-01-08 21:00:00,300014994,1
2025-01-08 21:00:00,300014995,7
2025-01-08 21:00:00,300014996,7
2025-01-08 21:00:00,300020478,0
2025-01-08 21:00:00,300020679,11
2025-01-08 21:00:00,300020816,6
2025-01-08 21:00:00,300020817,6
2025-01-08 21:00:00,300021685,0
2025-01-08 21:00:00,300028650,1
2025-01-08 22:00:00,100001753,0
2025-01-08 22:00:00,100003032,5
2025-01-08 22:00:00,100003040,0
2025-01-08 22:00:00,100003041,3
2025-01-08 22:00:00,100003042,6
2025-01-08 22:00:00,100004575,0
2025-01-08 22:00:00,100007390,41
2025-01-08 22:00:00,100011747,0
2025-01-08 22:00:00,100011783,3
2025-01-08 22:00:00,100012217,4
2025-01-08 22:00:00,100012218,0
2025-01-08 22:00:00,100017441,8
2025-01-08 22:00:00,100017523,0
2025-01-08 22:00:00,100025474,71
2025-01-08 22:00:00,100035408,2
2025-01-08 22:00:00,100035409,0
2025-01-08 22:00:00,100041114,0
2025-01-08 22:00:00,100047030,1
2025-01-08 22:00:00,100052600,7
2025-01-08 22:00:00,100052602,0
2025-01-08 22:00:00,100052603,0
2025-01-08 22:00:00,100052605,1
2025-01-08 22:00:00,100052606,4
2025-01-08 22:00:00,100053055,0
2025-01-08 22:00:00,100053059,0
2025-01-08 22:00:00,100053210,0
2025-01-08 22:00:00,100054073,4
2025-01-08 22:00:00,100055268,2
2025-01-08 22:00:00,100056188,2
2025-01-08 22:00:00,300014985,4
2025-01-08 22:00:00,300014986,10
2025-01-08 22:00:00,300014993,0
2025-01-08 22:00:00,300014994,0
2025-01-08 22:00:00,300014995,10
2025-01-08 22:00:00,300014996,2
2025-01-08 22:00:00,300020478,0
2025-01-08 22:00:00,300020679,5
2025-01-08 22:00:00,300020816,1
2025-01-08 22:00:00,300020817,6
2025-01-08 22:00:00,300021685,0
2025-01-08 22:00:00,300028650,2
2025-01-08 23:00:00,100001753,0
2025-01-08 23:00:00,100003032,5
2025-01-08 23:00:00,100003040,0
2025-01-08 23:00:00,100003041,1
2025-01-08 23:00:00,100003042,0
2025-01-08 23:00:00,100004575,0
2025-01-08 23:00:00,100007390,81
2025-01-08 23:00:00,100011747,2
2025-01-08 23:00:00,100011783,1
2025-01-08 23:00:00,100012217,1
2025-01-08 23:00:00,100012218,0
2025-01-08 23:00:00,100017441,3
2025-01-08 23:00:00,100017523,0
2025-01-08 23:00:00,100025474,53
2025-01-08 23:00:00,100035408,4
2025-01-08 23:00:00,100035409,0
2025-01-08 23:00:00,100041114,0
2025-01-08 23:00:00,100047030,0
2025-01-08 23:00:00,100052600,3
2025-01-08 23:00:00,100052602,0
2025-01-08 23:00:00,100052603,0
2025-01-08 23:00:00,100052605,0
2025-01-08 23:00:00,100052606,0
2025-01-08 23:00:00,100053055,0
2025-01-08 23:00:00,100053059,1
2025-01-08 23:00:00,100053210,1
2025-01-08 23:00:00,100054073,0
2025-01-08 23:00:00,100055268,4
2025-01-08 23:00:00,100056188,2
2025-01-08 23:00:00,300014985,2
2025-01-08 23:00:00,300014986,3
2025-01-08 23:00:00,300014993,1
2025-01-08 23:00:00,300014994,0
2025-01-08 23:00:00,300014995,6
2025-01-08 23:00:00,300014996,2
2025-01-08 23:00:00,300020478,0
2025-01-08 23:00:00,300020679,7
2025-01-08 23:00:00,300020816,1
2025-01-08 23:00:00,300020817,4
2025-01-08 23:00:00,300021685,0
2025-01-08 23:00:00,300028650,2
2025-01-09 00:00:00,100001753,0
2025-01-09 00:00:00,100003032,2
2025-01-09 00:00:00,100003040,0
2025-01-09 00:00:00,100003041,0
2025-01-09 00:00:00,100003042,0
2025-01-09 00:00:00,100004575,0
2025-01-09 00:00:00,100007390,143
2025-01-09 00:00:00,100011747,0
2025-01-09 00:00:00,100011783,0
2025-01-09 00:00:00,100012217,1
2025-01-09 00:00:00,100012218,0
2025-01-09 00:00:00,100017441,1
2025-01-09 00:00:00,100017523,0
2025-01-09 00:00:00,100025474,45
2025-01-09 00:00:00,100035408,0
2025-01-09 00:00:00,100035409,0
2025-01-09 00:00:00,100041114,0
2025-01-09 00:00:00,100047030,0
2025-01-09 00:00:00,100052600,1
2025-01-09 00:00:00,100052602,0
2025-01-09 00:00:00,100052603,0
2025-01-09 00:00:00,100052605,0
2025-01-09 00:00:00,100052606,3
2025-01-09 00:00:00,100053055,0
2025-01-09 00:00:00,100053059,0
2025-01-09 00:00:00,100053210,0
2025-01-09 00:00:00,100054073,0
2025-01-09 00:00:00,100055268,0
2025-01-09 00:00:00,100056188,1
2025-01-09 00:00:00,300014985,1
2025-01-09 00:00:00,300014986,4
2025-01-09 00:00:00,300014993,0
2025-01-09 00:00:00,300014994,2
2025-01-09 00:00:00,300014995,2
2025-01-09 00:00:00,300014996,1
2025-01-09 00:00:00,300020478,0
2025-01-09 00:00:00,300020679,2
2025-01-09 00:00:00,300020816,0
2025-01-09 00:00:00,300020817,3
2025-01-09 00:00:00,300021685,0
2025-01-09 00:00:00,300028650,0
2025-01-09 01:00:00,100001753,0
2025-01-09 01:00:00,100003032,0
2025-01-09 01:00:00,100003040,0
2025-01-09 01:00:00,100003041,3
2025-01-09 01:00:00,100003042,2
2025-01-09 01:00:00,100004575,0
2025-01-09 01:00:00,100007390,102
2025-01-09 01:00:00,100011747,0
2025-01-09 01:00:00,100011783,0
2025-01-09 01:00:00,100012217,2
2025-01-09 01:00:00,100012218,0
2025-01-09 01:00:00,100017441,5
2025-01-09 01:00:00,100017523,0
2025-01-09 01:00:00,100025474,38
2025-01-09 01:00:00,100035408,0
2025-01-09 01:00:00,100035409,0
2025-01-09 01:00:00,100041114,0
2025-01-09 01:00:00,100047030,0
2025-01-09 01:00:00,100052600,0
2025-01-09 01:00:00,100052602,1
2025-01-09 01:00:00,100052603,0
2025-01-09 01:00:00,100052605,0
2025-01-09 01:00:00,100052606,0
2025-01-09 01:00:00,100053055,0
2025-01-09 01:00:00,100053059,0
2025-01-09 01:00:00,100053210,0
2025-01-09 01:00:00,100054073,0
2025-01-09 01:00:00,100055268,0
2025-01-09 01:00:00,100056188,0
2025-01-09 01:00:00,300014985,0
2025-01-09 01:00:00,300014986,1
2025-01-09 01:00:00,300014993,0
2025-01-09 01:00:00,300014994,0
2025-01-09 01:00:00,300014995,1
2025-01-09 01:00:00,300014996,1
2025-01-09 01:00:00,300020478,0
2025-01-09 01:00:00,300020679,5
2025-01-09 01:00:00,300020816,3
2025-01-09 01:00:00,300020817,0
2025-01-09 01:00:00,300021685,0
2025-01-09 01:00:00,300028650,0
2025-01-09 02:00:00,100001753,0
2025-01-09 02:00:00,100003032,0
2025-01-09 02:00:00,100003040,0
2025-01-09 02:00:00,100003041,0
2025-01-09 02:00:00,100003042,0
2025-01-09 02:00:00,100004575,0
2025-01-09 02:00:00,100007390,97
2025-01-09 02:00:00,100011747,0
2025-01-09 02:00:00,100011783,0
2025-01-09 02:00:00,100012217,0
2025-01-09 02:00:00,100012218,0
2025-01-09 02:00:00,100017441,1
2025-01-09 02:00:00,100017523,0
2025-01-09 02:00:00,100025474,37
2025-01-09 02:00:00,100035408,0
2025-01-09 02:00:00,100035409,0
2025-01-09 02:00:00,100041114,0
2025-01-09 02:00:00,100047030,0
2025-01-09 02:00:00,100052600,0
2025-01-09 02:00:00,100052602,0
2025-01-09 02:00:00,100052603,0
2025-01-09 02:00:00,100052605,0
2025-01-09 02:00:00,100052606,0
2025-01-09 02:00:00,100053055,0
2025-01-09 02:00:00,100053059,0
2025-01-09 02:00:00,100053210,0
2025-01-09 02:00:00,100054073,0
2025-01-09 02:00:00,100055268,0
2025-01-09 02:00:00,100056188,1
2025-01-09 02:00:00,300014985,0
2025-01-09 02:00:00,300014986,0
2025-01-09 02:00:00,300014993,0
2025-01-09 02:00:00,300014994,0
2025-01-09 02:00:00,300014995,0
2025-01-09 02:00:00,300014996,0
2025-01-09 02:00:00,300020478,1
2025-01-09 02:00:00,300020679,0
2025-01-09 02:00:00,300020816,0
2025-01-09 02:00:00,300020817,0
2025-01-09 02:00:00,300021685,0
2025-01-09 02:00:00,300028650,0
2025-01-09 03:00:00,100001753,0
2025-01-09 03:00:00,100003032,1
2025-01-09 03:00:00,100003040,0
2025-01-09 03:00:00,100003041,0
2025-01-09 03:00:00,100003042,0
2025-01-09 03:00:00,100004575,0
2025-01-09 03:00:00,100007390,157
2025-01-09 03:00:00,100011747,0
2025-01-09 03:00:00,100011783,0
2025-01-09 03:00:00,100012217,0
2025-01-09 03:00:00,100012218,0
2025-01-09 03:00:00,100017441,0
2025-01-09 03:00:00,100017523,0
2025-01-09 03:00:00,100025474,27
2025-01-09 03:00:00,100035408,0
2025-01-09 03:00:00,100035409,0
2025-01-09 03:00:00,100041114,0
2025-01-09 03:00:00,100047030,0
2025-01-09 03:00:00,100052600,1
2025-01-09 03:00:00,100052602,0
2025-01-09 03:00:00,100052603,0
2025-01-09 03:00:00,100052605,0
2025-01-09 03:00:00,100052606,1
2025-01-09 03:00:00,100053055,0
2025-01-09 03:00:00,100053059,0
2025-01-09 03:00:00,100053210,0
2025-01-09 03:00:00,100054073,0
2025-01-09 03:00:00,100055268,0
2025-01-09 03:00:00,100056188,0
2025-01-09 03:00:00,300014985,0
2025-01-09 03:00:00,300014986,0
2025-01-09 03:00:00,300014993,0
2025-01-09 03:00:00,300014994,0
2025-01-09 03:00:00,300014995,0
2025-01-09 03:00:00,300014996,0
2025-01-09 03:00:00,300020478,0
2025-01-09 03:00:00,300020679,0
2025-01-09 03:00:00,300020816,0
2025-01-09 03:00:00,300020817,0
2025-01-09 03:00:00,300021685,0
2025-01-09 03:00:00,300028650,0
2025-01-09 04:00:00,100001753,0
2025-01-09 04:00:00,100003032,0
2025-01-09 04:00:00,100003040,0
2025-01-09 04:00:00,100003041,0
2025-01-09 04:00:00,100003042,4
2025-01-09 04:00:00,100004575,0
2025-01-09 04:00:00,100007390,162
2025-01-09 04:00:00,100011747,0
2025-01-09 04:00:00,100011783,3
2025-01-09 04:00:00,100012217,1
2025-01-09 04:00:00,100012218,0
2025-01-09 04:00:00,100017441,0
2025-01-09 04:00:00,100017523,0
2025-01-09 04:00:00,100025474,39
2025-01-09 04:00:00,100035408,0
2025-01-09 04:00:00,100035409,0
2025-01-09 04:00:00,100041114,4
2025-01-09 04:00:00,100047030,0
2025-01-09 04:00:00,100052600,0
2025-01-09 04:00:00,100052602,3
2025-01-09 04:00:00,100052603,0
2025-01-09 04:00:00,100052605,0
2025-01-09 04:00:00,100052606,0
2025-01-09 04:00:00,100053055,0
2025-01-09 04:00:00,100053059,0
2025-01-09 04:00:00,100053210,0
2025-01-09 04:00:00,100054073,0
2025-01-09 04:00:00,100055268,0
2025-01-09 04:00:00,100056188,3
2025-01-09 04:00:00,300014985,1
2025-01-09 04:00:00,300014986,1
2025-01-09 04:00:00,300014993,0
2025-01-09 04:00:00,300014994,0
2025-01-09 04:00:00,300014995,0
2025-01-09 04:00:00,300014996,1
2025-01-09 04:00:00,300020478,0
2025-01-09 04:00:00,300020679,0
2025-01-09 04:00:00,300020816,1
2025-01-09 04:00:00,300020817,0
2025-01-09 04:00:00,300021685,0
2025-01-09 04:00:00,300028650,0
2025-01-09 05:00:00,100001753,1
2025-01-09 05:00:00,100003032,6
2025-01-09 05:00:00,100003040,0
2025-01-09 05:00:00,100003041,1
2025-01-09 05:00:00,100003042,1
2025-01-09 05:00:00,100004575,0
2025-01-09 05:00:00,100007390,151
2025-01-09 05:00:00,100011747,0
2025-01-09 05:00:00,100011783,2
2025-01-09 05:00:00,100012217,0
2025-01-09 05:00:00,100012218,0
2025-01-09 05:00:00,100017441,3
2025-01-09 05:00:00,100017523,0
2025-01-09 05:00:00,100025474,52
2025-01-09 05:00:00,100035408,0
2025-01-09 05:00:00,100035409,0
2025-01-09 05:00:00,100041114,0
2025-01-09 05:00:00,100047030,2
2025-01-09 05:00:00,100052600,3
2025-01-09 05:00:00,100052602,0
2025-01-09 05:00:00,100052603,0
2025-01-09 05:00:00,100052605,1
2025-01-09 05:00:00,100052606,0
2025-01-09 05:00:00,100053055,0
2025-01-09 05:00:00,100053059,0
2025-01-09 05:00:00,100053210,0
2025-01-09 05:00:00,100054073,0
2025-01-09 05:00:00,100055268,0
2025-01-09 05:00:00,100056188,4
2025-01-09 05:00:00,300014985,5
2025-01-09 05:00:00,300014986,0
2025-01-09 05:00:00,300014993,0
2025-01-09 05:00:00,300014994,0
2025-01-09 05:00:00,300014995,3
2025-01-09 05:00:00,300014996,4
2025-01-09 05:00:00,300020478,0
2025-01-09 05:00:00,300020679,2
2025-01-09 05:00:00,300020816,5
2025-01-09 05:00:00,300020817,1
2025-01-09 05:00:00,300021685,0
2025-01-09 05:00:00,300028650,0
2025-01-09 06:00:00,100001753,9
2025-01-09 06:00:00,100003032,8
2025-01-09 06:00:00,100003040,0
2025-01-09 06:00:00,100003041,9
2025-01-09 06:00:00,100003042,5
2025-01-09 06:00:00,100004575,0
2025-01-09 06:00:00,100007390,350
2025-01-09 06:00:00,100011747,0
2025-01-09 06:00:00,100011783,4
2025-01-09 06:00:00,100012217,8
2025-01-09 06:00:00,100012218,0
2025-01-09 06:00:00,100017441,11
2025-01-09 06:00:00,100017523,0
2025-01-09 06:00:00,100025474,37
2025-01-09 06:00:00,100035408,2
2025-01-09 06:00:00,100035409,0
2025-01-09 06:00:00,100041114,0
2025-01-09 06:00:00,100047030,3
2025-01-09 06:00:00,100052600,6
2025-01-09 06:00:00,100052602,0
2025-01-09 06:00:00,100052603,1
2025-01-09 06:00:00,100052605,2
2025-01-09 06:00:00,100052606,1
2025-01-09 06:00:00,100053055,1
2025-01-09 06:00:00,100053059,0
2025-01-09 06:00:00,100053210,2
2025-01-09 06:00:00,100054073,1
2025-01-09 06:00:00,100055268,2
2025-01-09 06:00:00,100056188,10
2025-01-09 06:00:00,300014985,12
2025-01-09 06:00:00,300014986,5
2025-01-09 06:00:00,300014993,7
2025-01-09 06:00:00,300014994,3
2025-01-09 06:00:00,300014995,1
2025-01-09 06:00:00,300014996,15
2025-01-09 06:00:00,300020478,2
2025-01-09 06:00:00,300020679,14
2025-01-09 06:00:00,300020816,11
2025-01-09 06:00:00,300020817,2
2025-01-09 06:00:00,300021685,0
2025-01-09 06:00:00,300028650,5
2025-01-09 07:00:00,100001753,18
2025-01-09 07:00:00,100003032,49
2025-01-09 07:00:00,100003040,0
2025-01-09 07:00:00,100003041,16
2025-01-09 07:00:00,100003042,15
2025-01-09 07:00:00,100004575,0
2025-01-09 07:00:00,100007390,226
2025-01-09 07:00:00,100011747,8
2025-01-09 07:00:00,100011783,16
2025-01-09 07:00:00,100012217,12
2025-01-09 07:00:00,100012218,0
2025-01-09 07:00:00,100017441,37
2025-01-09 07:00:00,100017523,1
2025-01-09 07:00:00,100025474,26
2025-01-09 07:00:00,100035408,12
2025-01-09 07:00:00,100035409,0
2025-01-09 07:00:00,100041114,0
2025-01-09 07:00:00,100047030,7
2025-01-09 07:00:00,100052600,27
2025-01-09 07:00:00,100052602,0
2025-01-09 07:00:00,100052603,0
2025-01-09 07:00:00,100052605,1
2025-01-09 07:00:00,100052606,6
2025-01-09 07:00:00,100053055,0
2025-01-09 07:00:00,100053059,0
2025-01-09 07:00:00,100053210,3
2025-01-09 07:00:00,100054073,1
2025-01-09 07:00:00,100055268,11
2025-01-09 07:00:00,100056188,18
2025-01-09 07:00:00,300014985,45
2025-01-09 07:00:00,300014986,17
2025-01-09 07:00:00,300014993,10
2025-01-09 07:00:00,300014994,21
2025-01-09 07:00:00,300014995,7
2025-01-09 07:00:00,300014996,65
2025-01-09 07:00:00,300020478,0
2025-01-09 07:00:00,300020679,56
2025-01-09 07:00:00,300020816,46
2025-01-09 07:00:00,300020817,19
2025-01-09 07:00:00,300021685,0
2025-01-09 07:00:00,300028650,9
2025-01-09 08:00:00,100001753,26
2025-01-09 08:00:00,100003032,101
2025-01-09 08:00:00,100003040,0
2025-01-09 08:00:00,100003041,36
2025-01-09 08:00:00,100003042,26
2025-01-09 08:00:00,100004575,0
2025-01-09 08:00:00,100007390,54
2025-01-09 08:00:00,100011747,6
2025-01-09 08:00:00,100011783,30
2025-01-09 08:00:00,100012217,34
2025-01-09 08:00:00,100012218,0
2025-01-09 08:00:00,100017441,73
2025-01-09 08:00:00,100017523,0
2025-01-09 08:00:00,100025474,37
2025-01-09 08:00:00,100035408,15
2025-01-09 08:00:00,100035409,0
2025-01-09 08:00:00,100041114,1
2025-01-09 08:00:00,100047030,48
2025-01-09 08:00:00,100052600,42
2025-01-09 08:00:00,100052602,0
2025-01-09 08:00:00,100052603,1
2025-01-09 08:00:00,100052605,3
2025-01-09 08:00:00,100052606,6
2025-01-09 08:00:00,100053055,0
2025-01-09 08:00:00,100053059,1
2025-01-09 08:00:00,100053210,2
2025-01-09 08:00:00,100054073,7
2025-01-09 08:00:00,100055268,6
2025-01-09 08:00:00,100056188,31
2025-01-09 08:00:00,300014985,129
2025-01-09 08:00:00,300014986,30
2025-01-09 08:00:00,300014993,15
2025-01-09 08:00:00,300014994,29
2025-01-09 08:00:00,300014995,22
2025-01-09 08:00:00,300014996,146
2025-01-09 08:00:00,300020478,11
2025-01-09 08:00:00,300020679,136
2025-01-09 08:00:00,300020816,79
2025-01-09 08:00:00,300020817,31
2025-01-09 08:00:00,300021685,0
2025-01-09 08:00:00,300028650,15
2025-01-09 09:00:00,100001753,9
2025-01-09 09:00:00,100003032,56
2025-01-09 09:00:00,100003040,0
2025-01-09 09:00:00,100003041,21
2025-01-09 09:00:00,100003042,25
2025-01-09 09:00:00,100004575,0
2025-01-09 09:00:00,100007390,21
2025-01-09 09:00:00,100011747,2
2025-01-09 09:00:00,100011783,14
2025-01-09 09:00:00,100012217,29
2025-01-09 09:00:00,100012218,0
2025-01-09 09:00:00,100017441,48
2025-01-09 09:00:00,100017523,3
2025-01-09 09:00:00,100025474,41
2025-01-09 09:00:00,100035408,7
2025-01-09 09:00:00,100035409,0
2025-01-09 09:00:00,100041114,0
2025-01-09 09:00:00,100047030,18
2025-01-09 09:00:00,100052600,21
2025-01-09 09:00:00,100052602,0
2025-01-09 09:00:00,100052603,1
2025-01-09 09:00:00,100052605,1
2025-01-09 09:00:00,100052606,2
2025-01-09 09:00:00,100053055,0
2025-01-09 09:00:00,100053059,2
2025-01-09 09:00:00,100053210,1
2025-01-09 09:00:00,100054073,2
2025-01-09 09:00:00,100055268,6
2025-01-09 09:00:00,100056188,29
2025-01-09 09:00:00,300014985,63
2025-01-09 09:00:00,300014986,15
2025-01-09 09:00:00,300014993,7
2025-01-09 09:00:00,300014994,7
2025-01-09 09:00:00,300014995,21
2025-01-09 09:00:00,300014996,70
2025-01-09 09:00:00,300020478,8
2025-01-09 09:00:00,300020679,63
2025-01-09 09:00:00,300020816,38
2025-01-09 09:00:00,300020817,7
2025-01-09 09:00:00,300021685,0
2025-01-09 09:00:00,300028650,5
2025-01-09 10:00:00,100001753,7
2025-01-09 10:00:00,100003032,16
2025-01-09 10:00:00,100003040,0
2025-01-09 10:00:00,100003041,11
2025-01-09 10:00:00,100003042,12
2025-01-09 10:00:00,100004575,0
2025-01-09 10:00:00,100007390,9
2025-01-09 10:00:00,100011747,2
2025-01-09 10:00:00,100011783,9
2025-01-09 10:00:00,100012217,7
2025-01-09 10:00:00,100012218,0
2025-01-09 10:00:00,100017441,25
2025-01-09 10:00:00,100017523,0
2025-01-09 10:00:00,100025474,23
2025-01-09 10:00:00,100035408,3
2025-01-09 10:00:00,100035409,0
2025-01-09 10:00:00,100041114,0
2025-01-09 10:00:00,100047030,7
2025-01-09 10:00:00,100052600,5
2025-01-09 10:00:00,100052602,0
2025-01-09 10:00:00,100052603,1
2025-01-09 10:00:00,100052605,0
2025-01-09 10:00:00,100052606,5
2025-01-09 10:00:00,100053055,0
2025-01-09 10:00:00,100053059,2
2025-01-09 10:00:00,100053210,2
2025-01-09 10:00:00,100054073,0
2025-01-09 10:00:00,100055268,2
2025-01-09 10:00:00,100056188,8
2025-01-09 10:00:00,300014985,29
2025-01-09 10:00:00,300014986,7
2025-01-09 10:00:00,300014993,2
2025-01-09 10:00:00,300014994,2
2025-01-09 10:00:00,300014995,8
2025-01-09 10:00:00,300014996,27
2025-01-09 10:00:00,300020478,5
2025-01-09 10:00:00,300020679,32
2025-01-09 10:00:00,300020816,11
2025-01-09 10:00:00,300020817,4
2025-01-09 10:00:00,300021685,0
2025-01-09 10:00:00,300028650,2
2025-01-09 11:00:00,100001753,5
2025-01-09 11:00:00,100003032,23
2025-01-09 11:00:00,100003040,1
2025-01-09 11:00:00,100003041,13
2025-01-09 11:00:00,100003042,8
2025-01-09 11:00:00,100004575,0
2025-01-09 11:00:00,100007390,13
2025-01-09 11:00:00,100011747,7
2025-01-09 11:00:00,100011783,4
2025-01-09 11:00:00,100012217,8
2025-01-09 11:00:00,100012218,0
2025-01-09 11:00:00,100017441,13
2025-01-09 11:00:00,100017523,0
2025-01-09 11:00:00,100025474,24
2025-01-09 11:00:00,100035408,1
2025-01-09 11:00:00,100035409,0
2025-01-09 11:00:00,100041114,0
2025-01-09 11:00:00,100047030,2
2025-01-09 11:00:00,100052600,20
2025-01-09 11:00:00,100052602,0
2025-01-09 11:00:00,100052603,1
2025-01-09 11:00:00,100052605,1
2025-01-09 11:00:00,100052606,2
2025-01-09 11:00:00,100053055,0
2025-01-09 11:00:00,100053059,3
2025-01-09 11:00:00,100053210,5
2025-01-09 11:00:00,100054073,3
2025-01-09 11:00:00,100055268,1
2025-01-09 11:00:00,100056188,15
2025-01-09 11:00:00,300014985,19
2025-01-09 11:00:00,300014986,13
2025-01-09 11:00:00,300014993,4
2025-01-09 11:00:00,300014994,5
2025-01-09 11:00:00,300014995,17
2025-01-09 11:00:00,300014996,13
2025-01-09 11:00:00,300020478,1
2025-01-09 11:00:00,300020679,33
2025-01-09 11:00:00,300020816,12
2025-01-09 11:00:00,300020817,6
2025-01-09 11:00:00,300021685,0
2025-01-09 11:00:00,300028650,3
2025-01-09 12:00:00,100001753,4
2025-01-09 12:00:00,100003032,26
2025-01-09 12:00:00,100003040,0
2025-01-09 12:00:00,100003041,23
2025-01-09 12:00:00,100003042,5
2025-01-09 12:00:00,100004575,0
2025-01-09 12:00:00,100007390,19
2025-01-09 12:00:00,100011747,2
2025-01-09 12:00:00,100011783,4
2025-01-09 12:00:00,100012217,25
2025-01-09 12:00:00,100012218,0
2025-01-09 12:00:00,100017441,7
2025-01-09 12:00:00,100017523,1
2025-01-09 12:00:00,100025474,29
2025-01-09 12:00:00,100035408,2
2025-01-09 12:00:00,100035409,0
2025-01-09 12:00:00,100041114,1
2025-01-09 12:00:00,100047030,4
2025-01-09 12:00:00,100052600,20
2025-01-09 12:00:00,100052602,0
2025-01-09 12:00:00,100052603,1
2025-01-09 12:00:00,100052605,2
2025-01-09 12:00:00,100052606,2
2025-01-09 12:00:00,100053055,2
2025-01-09 12:00:00,100053059,1
2025-01-09 12:00:00,100053210,2
2025-01-09 12:00:00,100054073,4
2025-01-09 12:00:00,100055268,3
2025-01-09 12:00:00,100056188,16
2025-01-09 12:00:00,300014985,15
2025-01-09 12:00:00,300014986,11
2025-01-09 12:00:00,300014993,2
2025-01-09 12:00:00,300014994,1
2025-01-09 12:00:00,300014995,20
2025-01-09 12:00:00,300014996,16
2025-01-09 12:00:00,300020478,4
2025-01-09 12:00:00,300020679,27
2025-01-09 12:00:00,300020816,17
2025-01-09 12:00:00,300020817,5
2025-01-09 12:00:00,300021685,0
2025-01-09 12:00:00,300028650,9
2025-01-09 13:00:00,100001753,9
2025-01-09 13:00:00,100003032,25
2025-01-09 13:00:00,100003040,0
2025-01-09 13:00:00,100003041,8
2025-01-09 13:00:00,100003042,4
2025-01-09 13:00:00,100004575,0
2025-01-09 13:00:00,100007390,31
2025-01-09 13:00:00,100011747,3
2025-01-09 13:00:00,100011783,7
2025-01-09 13:00:00,100012217,15
2025-01-09 13:00:00,100012218,0
2025-01-09 13:00:00,100017441,11
2025-01-09 13:00:00,100017523,0
2025-01-09 13:00:00,100025474,30
2025-01-09 13:00:00,100035408,3
2025-01-09 13:00:00,100035409,0
2025-01-09 13:00:00,100041114,3
2025-01-09 13:00:00,100047030,2
2025-01-09 13:00:00,100052600,11
2025-01-09 13:00:00,100052602,0
2025-01-09 13:00:00,100052603,1
2025-01-09 13:00:00,100052605,1
2025-01-09 13:00:00,100052606,2
2025-01-09 13:00:00,100053055,0
2025-01-09 13:00:00,100053059,1
2025-01-09 13:00:00,100053210,1
2025-01-09 13:00:00,100054073,3
2025-01-09 13:00:00,100055268,6
2025-01-09 13:00:00,100056188,13
2025-01-09 13:00:00,300014985,14
2025-01-09 13:00:00,300014986,19
2025-01-09 13:00:00,300014993,3
2025-01-09 13:00:00,300014994,4
2025-01-09 13:00:00,300014995,20
2025-01-09 13:00:00,300014996,27
2025-01-09 13:00:00,300020478,2
2025-01-09 13:00:00,300020679,31
2025-01-09 13:00:00,300020816,14
2025-01-09 13:00:00,300020817,18
2025-01-09 13:00:00,300021685,0
2025-01-09 13:00:00,300028650,4
2025-01-09 14:00:00,100001753,3
2025-01-09 14:00:00,100003032,24
2025-01-09 14:00:00,100003040,0
2025-01-09 14:00:00,100003041,17
2025-01-09 14:00:00,100003042,8
2025-01-09 14:00:00,100004575,0
2025-01-09 14:00:00,100007390,50
2025-01-09 14:00:00,100011747,5
2025-01-09 14:00:00,100011783,2
2025-01-09 14:00:00,100012217,12
2025-01-09 14:00:00,100012218,0
2025-01-09 14:00:00,100017441,8
2025-01-09 14:00:00,100017523,1
2025-01-09 14:00:00,100025474,29
2025-01-09 14:00:00,100035408,1
2025-01-09 14:00:00,100035409,0
2025-01-09 14:00:00,100041114,0
2025-01-09 14:00:00,100047030,5
2025-01-09 14:00:00,100052600,10
2025-01-09 14:00:00,100052602,0
2025-01-09 14:00:00,100052603,0
2025-01-09 14:00:00,100052605,1
2025-01-09 14:00:00,100052606,4
2025-01-09 14:00:00,100053055,0
2025-01-09 14:00:00,100053059,3
2025-01-09 14:00:00,100053210,2
2025-01-09 14:00:00,100054073,0
2025-01-09 14:00:00,100055268,4
2025-01-09 14:00:00,100056188,15
2025-01-09 14:00:00,300014985,8
2025-01-09 14:00:00,300014986,13
2025-01-09 14:00:00,300014993,6
2025-01-09 14:00:00,300014994,4
2025-01-09 14:00:00,300014995,14
2025-01-09 14:00:00,300014996,13
2025-01-09 14:00:00,300020478,3
2025-01-09 14:00:00,300020679,23
2025-01-09 14:00:00,300020816,8
2025-01-09 14:00:00,300020817,7
2025-01-09 14:00:00,300021685,0
2025-01-09 14:00:00,300028650,4
2025-01-09 15:00:00,100001753,7
2025-01-09 15:00:00,100003032,31
2025-01-09 15:00:00,100003040,1
2025-01-09 15:00:00,100003041,34
2025-01-09 15:00:00,100003042,11
2025-01-09 15:00:00,100004575,0
2025-01-09 15:00:00,100007390,27
2025-01-09 15:00:00,100011747,11
2025-01-09 15:00:00,100011783,5
2025-01-09 15:00:00,100012217,12
2025-01-09 15:00:00,100012218,0
2025-01-09 15:00:00,100017441,20
2025-01-09 15:00:00,100017523,1
2025-01-09 15:00:00,100025474,27
2025-01-09 15:00:00,100035408,9
2025-01-09 15:00:00,100035409,0
2025-01-09 15:00:00,100041114,2
2025-01-09 15:00:00,100047030,13
2025-01-09 15:00:00,100052600,24
2025-01-09 15:00:00,100052602,0
2025-01-09 15:00:00,100052603,0
2025-01-09 15:00:00,100052605,3
2025-01-09 15:00:00,100052606,5
2025-01-09 15:00:00,100053055,1
2025-01-09 15:00:00,100053059,1
2025-01-09 15:00:00,100053210,1
2025-01-09 15:00:00,100054073,5
2025-01-09 15:00:00,100055268,10
2025-01-09 15:00:00,100056188,18
2025-01-09 15:00:00,300014985,14
2025-01-09 15:00:00,300014986,31
2025-01-09 15:00:00,300014993,10
2025-01-09 15:00:00,300014994,9
2025-01-09 15:00:00,300014995,37
2025-01-09 15:00:00,300014996,15
2025-01-09 15:00:00,300020478,11
2025-01-09 15:00:00,300020679,55
2025-01-09 15:00:00,300020816,8
2025-01-09 15:00:00,300020817,19
2025-01-09 15:00:00,300021685,0
2025-01-09 15:00:00,300028650,8
2025-01-09 16:00:00,100001753,16
2025-01-09 16:00:00,100003032,72
2025-01-09 16:00:00,100003040,3
2025-01-09 16:00:00,100003041,31
2025-01-09 16:00:00,100003042,25
2025-01-09 16:00:00,100004575,0
2025-01-09 16:00:00,100007390,40
2025-01-09 16:00:00,100011747,19
2025-01-09 16:00:00,100011783,18
2025-01-09 16:00:00,100012217,29
2025-01-09 16:00:00,100012218,0
2025-01-09 16:00:00,100017441,52
2025-01-09 16:00:00,100017523,0
2025-01-09 16:00:00,100025474,63
2025-01-09 16:00:00,100035408,9
2025-01-09 16:00:00,100035409,0
2025-01-09 16:00:00,100041114,1
2025-01-09 16:00:00,100047030,7
2025-01-09 16:00:00,100052600,32
2025-01-09 16:00:00,100052602,0
2025-01-09 16:00:00,100052603,0
2025-01-09 16:00:00,100052605,3
2025-01-09 16:00:00,100052606,3
2025-01-09 16:00:00,100053055,0
2025-01-09 16:00:00,100053059,2
2025-01-09 16:00:00,100053210,3
2025-01-09 16:00:00,100054073,2
2025-01-09 16:00:00,100055268,10
2025-01-09 16:00:00,100056188,33
2025-01-09 16:00:00,300014985,21
2025-01-09 16:00:00,300014986,68
2025-01-09 16:00:00,300014993,21
2025-01-09 16:00:00,300014994,10
2025-01-09 16:00:00,300014995,100
2025-01-09 16:00:00,300014996,20
2025-01-09 16:00:00,300020478,9
2025-01-09 16:00:00,300020679,86
2025-01-09 16:00:00,300020816,21
2025-01-09 16:00:00,300020817,40
2025-01-09 16:00:00,300021685,0
2025-01-09 16:00:00,300028650,19
2025-01-09 17:00:00,100001753,20
2025-01-09 17:00:00,100003032,80
2025-01-09 17:00:00,100003040,1
2025-01-09 17:00:00,100003041,38
2025-01-09 17:00:00,100003042,45
2025-01-09 17:00:00,100004575,0
2025-01-09 17:00:00,100007390,206
2025-01-09 17:00:00,100011747,26
2025-01-09 17:00:00,100011783,17
2025-01-09 17:00:00,100012217,35
2025-01-09 17:00:00,100012218,0
2025-01-09 17:00:00,100017441,70
2025-01-09 17:00:00,100017523,0
2025-01-09 17:00:00,100025474,71
2025-01-09 17:00:00,100035408,14
2025-01-09 17:00:00,100035409,0
2025-01-09 17:00:00,100041114,1
2025-01-09 17:00:00,100047030,8
2025-01-09 17:00:00,100052600,51
2025-01-09 17:00:00,100052602,0
2025-01-09 17:00:00,100052603,0
2025-01-09 17:00:00,100052605,4
2025-01-09 17:00:00,100052606,4
2025-01-09 17:00:00,100053055,0
2025-01-09 17:00:00,100053059,6
2025-01-09 17:00:00,100053210,2
2025-01-09 17:00:00,100054073,5
2025-01-09 17:00:00,100055268,11
2025-01-09 17:00:00,100056188,34
2025-01-09 17:00:00,300014985,47
2025-01-09 17:00:00,300014986,116
2025-01-09 17:00:00,300014993,30
2025-01-09 17:00:00,300014994,5
2025-01-09 17:00:00,300014995,139
2025-01-09 17:00:00,300014996,29
2025-01-09 17:00:00,300020478,9
2025-01-09 17:00:00,300020679,111
2025-01-09 17:00:00,300020816,35
2025-01-09 17:00:00,300020817,70
2025-01-09 17:00:00,300021685,0
2025-01-09 17:00:00,300028650,11
2025-01-09 18:00:00,100001753,14
2025-01-09 18:00:00,100003032,42
2025-01-09 18:00:00,100003040,1
2025-01-09 18:00:00,100003041,28
2025-01-09 18:00:00,100003042,35
2025-01-09 18:00:00,100004575,0
2025-01-09 18:00:00,100007390,191
2025-01-09 18:00:00,100011747,18
2025-01-09 18:00:00,100011783,13
2025-01-09 18:00:00,100012217,26
2025-01-09 18:00:00,100012218,0
2025-01-09 18:00:00,100017441,36
2025-01-09 18:00:00,100017523,0
2025-01-09 18:00:00,100025474,56
2025-01-09 18:00:00,100035408,11
2025-01-09 18:00:00,100035409,0
2025-01-09 18:00:00,100041114,1
2025-01-09 18:00:00,100047030,8
2025-01-09 18:00:00,100052600,24
2025-01-09 18:00:00,100052602,0
2025-01-09 18:00:00,100052603,1
2025-01-09 18:00:00,100052605,1
2025-01-09 18:00:00,100052606,3
2025-01-09 18:00:00,100053055,0
2025-01-09 18:00:00,100053059,3
2025-01-09 18:00:00,100053210,4
2025-01-09 18:00:00,100054073,0
2025-01-09 18:00:00,100055268,4
2025-01-09 18:00:00,100056188,25
2025-01-09 18:00:00,300014985,19
2025-01-09 18:00:00,300014986,61
2025-01-09 18:00:00,300014993,18
2025-01-09 18:00:00,300014994,5
2025-01-09 18:00:00,300014995,68
2025-01-09 18:00:00,300014996,16
2025-01-09 18:00:00,300020478,7
2025-01-09 18:00:00,300020679,72
2025-01-09 18:00:00,300020816,12
2025-01-09 18:00:00,300020817,32
2025-01-09 18:00:00,300021685,0
2025-01-09 18:00:00,300028650,8
2025-01-09 19:00:00,100001753,7
2025-01-09 19:00:00,100003032,11
2025-01-09 19:00:00,100003040,0
2025-01-09 19:00:00,100003041,12
2025-01-09 19:00:00,100003042,12
2025-01-09 19:00:00,100004575,0
2025-01-09 19:00:00,100007390,114
2025-01-09 19:00:00,100011747,6
2025-01-09 19:00:00,100011783,6
2025-01-09 19:00:00,100012217,14
2025-01-09 19:00:00,100012218,0
2025-01-09 19:00:00,100017441,14
2025-01-09 19:00:00,100017523,0
2025-01-09 19:00:00,100025474,71
2025-01-09 19:00:00,100035408,3
2025-01-09 19:00:00,100035409,0
2025-01-09 19:00:00,100041114,0
2025-01-09 19:00:00,100047030,6
2025-01-09 19:00:00,100052600,12
2025-01-09 19:00:00,100052602,0
2025-01-09 19:00:00,100052603,0
2025-01-09 19:00:00,100052605,0
2025-01-09 19:00:00,100052606,3
2025-01-09 19:00:00,100053055,0
2025-01-09 19:00:00,100053059,3
2025-01-09 19:00:00,100053210,3
2025-01-09 19:00:00,100054073,1
2025-01-09 19:00:00,100055268,1
2025-01-09 19:00:00,100056188,18
2025-01-09 19:00:00,300014985,10
2025-01-09 19:00:00,300014986,20
2025-01-09 19:00:00,300014993,7
2025-01-09 19:00:00,300014994,7
2025-01-09 19:00:00,300014995,39
2025-01-09 19:00:00,300014996,8
2025-01-09 19:00:00,300020478,3
2025-01-09 19:00:00,300020679,33
2025-01-09 19:00:00,300020816,14
2025-01-09 19:00:00,300020817,16
2025-01-09 19:00:00,300021685,0
2025-01-09 19:00:00,300028650,6
2025-01-09 20:00:00,100001753,4
2025-01-09 20:00:00,100003032,21
2025-01-09 20:00:00,100003040,0
2025-01-09 20:00:00,100003041,11
2025-01-09 20:00:00,100003042,5
2025-01-09 20:00:00,100004575,0
2025-01-09 20:00:00,100007390,51
2025-01-09 20:00:00,100011747,5
2025-01-09 20:00:00,100011783,6
2025-01-09 20:00:00,100012217,6
2025-01-09 20:00:00,100012218,0
2025-01-09 20:00:00,100017441,9
2025-01-09 20:00:00,100017523,0
2025-01-09 20:00:00,100025474,76
2025-01-09 20:00:00,100035408,1
2025-01-09 20:00:00,100035409,0
2025-01-09 20:00:00,100041114,0
2025-01-09 20:00:00,100047030,4
2025-01-09 20:00:00,100052600,16
2025-01-09 20:00:00,100052602,0
2025-01-09 20:00:00,100052603,0
2025-01-09 20:00:00,100052605,0
2025-01-09 20:00:00,100052606,1
2025-01-09 20:00:00,100053055,0
2025-01-09 20:00:00,100053059,1
2025-01-09 20:00:00,100053210,0
2025-01-09 20:00:00,100054073,0
2025-01-09 20:00:00,100055268,2
2025-01-09 20:00:00,100056188,14
2025-01-09 20:00:00,300014985,16
2025-01-09 20:00:00,300014986,28
2025-01-09 20:00:00,300014993,3
2025-01-09 20:00:00,300014994,4
2025-01-09 20:00:00,300014995,32
2025-01-09 20:00:00,300014996,6
2025-01-09 20:00:00,300020478,2
2025-01-09 20:00:00,300020679,23
2025-01-09 20:00:00,300020816,9
2025-01-09 20:00:00,300020817,13
2025-01-09 20:00:00,300021685,1
2025-01-09 20:00:00,300028650,6
2025-01-09 21:00:00,100001753,4
2025-01-09 21:00:00,100003032,11
2025-01-09 21:00:00,100003040,0
2025-01-09 21:00:00,100003041,10
2025-01-09 21:00:00,100003042,7
2025-01-09 21:00:00,100004575,0
2025-01-09 21:00:00,100007390,29
2025-01-09 21:00:00,100011747,1
2025-01-09 21:00:00,100011783,6
2025-01-09 21:00:00,100012217,10
2025-01-09 21:00:00,100012218,0
2025-01-09 21:00:00,100017441,11
2025-01-09 21:00:00,100017523,1
2025-01-09 21:00:00,100025474,39
2025-01-09 21:00:00,100035408,3
2025-01-09 21:00:00,100035409,0
2025-01-09 21:00:00,100041114,0
2025-01-09 21:00:00,100047030,1
2025-01-09 21:00:00,100052600,10
2025-01-09 21:00:00,100052602,0
2025-01-09 21:00:00,100052603,0
2025-01-09 21:00:00,100052605,0
2025-01-09 21:00:00,100052606,1
2025-01-09 21:00:00,100053055,0
2025-01-09 21:00:00,100053059,0
2025-01-09 21:00:00,100053210,1
2025-01-09 21:00:00,100054073,0
2025-01-09 21:00:00,100055268,3
2025-01-09 21:00:00,100056188,11
2025-01-09 21:00:00,300014985,6
2025-01-09 21:00:00,300014986,18
2025-01-09 21:00:00,300014993,3
2025-01-09 21:00:00,300014994,2
2025-01-09 21:00:00,300014995,13
2025-01-09 21:00:00,300014996,11
2025-01-09 21:00:00,300020478,1
2025-01-09 21:00:00,300020679,26
2025-01-09 21:00:00,300020816,7
2025-01-09 21:00:00,300020817,8
2025-01-09 21:00:00,300021685,0
2025-01-09 21:00:00,300028650,5
2025-01-09 22:00:00,100001753,2
2025-01-09 22:00:00,100003032,8
2025-01-09 22:00:00,100003040,0
2025-01-09 22:00:00,100003041,3
2025-01-09 22:00:00,100003042,2
2025-01-09 22:00:00,100004575,0
2025-01-09 22:00:00,100007390,35
2025-01-09 22:00:00,100011747,4
2025-01-09 22:00:00,100011783,1
2025-01-09 22:00:00,100012217,14
2025-01-09 22:00:00,100012218,0
2025-01-09 22:00:00,100017441,2
2025-01-09 22:00:00,100017523,1
2025-01-09 22:00:00,100025474,25
2025-01-09 22:00:00,100035408,3
2025-01-09 22:00:00,100035409,0
2025-01-09 22:00:00,100041114,0
2025-01-09 22:00:00,100047030,2
2025-01-09 22:00:00,100052600,7
2025-01-09 22:00:00,100052602,0
2025-01-09 22:00:00,100052603,0
2025-01-09 22:00:00,100052605,0
2025-01-09 22:00:00,100052606,0
2025-01-09 22:00:00,100053055,0
2025-01-09 22:00:00,100053059,0
2025-01-09 22:00:00,100053210,0
2025-01-09 22:00:00,100054073,0
2025-01-09 22:00:00,100055268,3
2025-01-09 22:00:00,100056188,6
2025-01-09 22:00:00,300014985,7
2025-01-09 22:00:00,300014986,18
2025-01-09 22:00:00,300014993,3
2025-01-09 22:00:00,300014994,0
2025-01-09 22:00:00,300014995,7
2025-01-09 22:00:00,300014996,7
2025-01-09 22:00:00,300020478,0
2025-01-09 22:00:00,300020679,14
2025-01-09 22:00:00,300020816,6
2025-01-09 22:00:00,300020817,10
2025-01-09 22:00:00,300021685,0
2025-01-09 22:00:00,300028650,5
2025-01-09 23:00:00,100001753,3
2025-01-09 23:00:00,100003032,6
2025-01-09 23:00:00,100003040,0
2025-01-09 23:00:00,100003041,1
2025-01-09 23:00:00,100003042,1
2025-01-09 23:00:00,100004575,0
2025-01-09 23:00:00,100007390,7
2025-01-09 23:00:00,100011747,3
2025-01-09 23:00:00,100011783,1
2025-01-09 23:00:00,100012217,8
2025-01-09 23:00:00,100012218,0
2025-01-09 23:00:00,100017441,1
2025-01-09 23:00:00,100017523,0
2025-01-09 23:00:00,100025474,56
2025-01-09 23:00:00,100035408,1
2025-01-09 23:00:00,100035409,0
2025-01-09 23:00:00,100041114,0
2025-01-09 23:00:00,100047030,2
2025-01-09 23:00:00,100052600,3
2025-01-09 23:00:00,100052602,0
2025-01-09 23:00:00,100052603,0
2025-01-09 23:00:00,100052605,0
2025-01-09 23:00:00,100052606,0
2025-01-09 23:00:00,100053055,1
2025-01-09 23:00:00,100053059,0
2025-01-09 23:00:00,100053210,1
2025-01-09 23:00:00,100054073,0
2025-01-09 23:00:00,100055268,2
2025-01-09 23:00:00,100056188,2
2025-01-09 23:00:00,300014985,8
2025-01-09 23:00:00,300014986,9
2025-01-09 23:00:00,300014993,1
2025-01-09 23:00:00,300014994,1
2025-01-09 23:00:00,300014995,5
2025-01-09 23:00:00,300014996,5
2025-01-09 23:00:00,300020478,0
2025-01-09 23:00:00,300020679,7
2025-01-09 23:00:00,300020816,6
2025-01-09 23:00:00,300020817,4
2025-01-09 23:00:00,300021685,0
2025-01-09 23:00:00,300028650,2
2025-01-10 00:00:00,100001753,2
2025-01-10 00:00:00,100003032,5
2025-01-10 00:00:00,100003040,0
2025-01-10 00:00:00,100003041,0
2025-01-10 00:00:00,100003042,1
2025-01-10 00:00:00,100004575,0
2025-01-10 00:00:00,100007390,12
2025-01-10 00:00:00,100011747,0
2025-01-10 00:00:00,100011783,0
2025-01-10 00:00:00,100012217,0
2025-01-10 00:00:00,100012218,0
2025-01-10 00:00:00,100017441,1
2025-01-10 00:00:00,100017523,0
2025-01-10 00:00:00,100025474,33
2025-01-10 00:00:00,100035408,0
2025-01-10 00:00:00,100035409,0
2025-01-10 00:00:00,100041114,0
2025-01-10 00:00:00,100047030,1
2025-01-10 00:00:00,100052600,0
2025-01-10 00:00:00,100052602,0
2025-01-10 00:00:00,100052603,1
2025-01-10 00:00:00,100052605,0
2025-01-10 00:00:00,100052606,2
2025-01-10 00:00:00,100053055,0
2025-01-10 00:00:00,100053059,0
2025-01-10 00:00:00,100053210,0
2025-01-10 00:00:00,100054073,0
2025-01-10 00:00:00,100055268,2
2025-01-10 00:00:00,100056188,4
2025-01-10 00:00:00,300014985,5
2025-01-10 00:00:00,300014986,3
2025-01-10 00:00:00,300014993,0
2025-01-10 00:00:00,300014994,1
2025-01-10 00:00:00,300014995,3
2025-01-10 00:00:00,300014996,0
2025-01-10 00:00:00,300020478,0
2025-01-10 00:00:00,300020679,7
2025-01-10 00:00:00,300020816,4
2025-01-10 00:00:00,300020817,2
2025-01-10 00:00:00,300021685,0
2025-01-10 00:00:00,300028650,0
2025-01-10 01:00:00,100001753,0
2025-01-10 01:00:00,100003032,1
2025-01-10 01:00:00,100003040,0
2025-01-10 01:00:00,100003041,0
2025-01-10 01:00:00,100003042,0
2025-01-10 01:00:00,100004575,0
2025-01-10 01:00:00,100007390,10
2025-01-10 01:00:00,100011747,0
2025-01-10 01:00:00,100011783,0
2025-01-10 01:00:00,100012217,0
2025-01-10 01:00:00,100012218,0
2025-01-10 01:00:00,100017441,0
2025-01-10 01:00:00,100017523,0
2025-01-10 01:00:00,100025474,8
2025-01-10 01:00:00,100035408,0
2025-01-10 01:00:00,100035409,0
2025-01-10 01:00:00,100041114,0
2025-01-10 01:00:00,100047030,0
2025-01-10 01:00:00,100052600,1
2025-01-10 01:00:00,100052602,0
2025-01-10 01:00:00,100052603,0
2025-01-10 01:00:00,100052605,1
2025-01-10 01:00:00,100052606,0
2025-01-10 01:00:00,100053055,1
2025-01-10 01:00:00,100053059,0
2025-01-10 01:00:00,100053210,0
2025-01-10 01:00:00,100054073,0
2025-01-10 01:00:00,100055268,0
2025-01-10 01:00:00,100056188,0
2025-01-10 01:00:00,300014985,3
2025-01-10 01:00:00,300014986,5
2025-01-10 01:00:00,300014993,0
2025-01-10 01:00:00,300014994,0
2025-01-10 01:00:00,300014995,0
2025-01-10 01:00:00,300014996,0
2025-01-10 01:00:00,300020478,0
2025-01-10 01:00:00,300020679,6
2025-01-10 01:00:00,300020816,0
2025-01-10 01:00:00,300020817,0
2025-01-10 01:00:00,300021685,0
2025-01-10 01:00:00,300028650,0
2025-01-10 02:00:00,100001753,0
2025-01-10 02:00:00,100003032,1
2025-01-10 02:00:00,100003040,0
2025-01-10 02:00:00,100003041,0
2025-01-10 02:00:00,100003042,0
2025-01-10 02:00:00,100004575,0
2025-01-10 02:00:00,100007390,6
2025-01-10 02:00:00,100011747,0
2025-01-10 02:00:00,100011783,2
2025-01-10 02:00:00,100012217,0
2025-01-10 02:00:00,100012218,0
2025-01-10 02:00:00,100017441,1
2025-01-10 02:00:00,100017523,0
2025-01-10 02:00:00,100025474,24
2025-01-10 02:00:00,100035408,0
2025-01-10 02:00:00,100035409,0
2025-01-10 02:00:00,100041114,0
2025-01-10 02:00:00,100047030,0
2025-01-10 02:00:00,100052600,1
2025-01-10 02:00:00,100052602,0
2025-01-10 02:00:00,100052603,0
2025-01-10 02:00:00,100052605,0
2025-01-10 02:00:00,100052606,0
2025-01-10 02:00:00,100053055,0
2025-01-10 02:00:00,100053059,0
2025-01-10 02:00:00,100053210,1
2025-01-10 02:00:00,100054073,0
2025-01-10 02:00:00,100055268,0
2025-01-10 02:00:00,100056188,0
2025-01-10 02:00:00,300014985,0
2025-01-10 02:00:00,300014986,2
2025-01-10 02:00:00,300014993,0
2025-01-10 02:00:00,300014994,0
2025-01-10 02:00:00,300014995,3
2025-01-10 02:00:00,300014996,0
2025-01-10 02:00:00,300020478,1
2025-01-10 02:00:00,300020679,1
2025-01-10 02:00:00,300020816,0
2025-01-10 02:00:00,300020817,3
2025-01-10 02:00:00,300021685,0
2025-01-10 02:00:00,300028650,0
2025-01-10 03:00:00,100001753,0
2025-01-10 03:00:00,100003032,2
2025-01-10 03:00:00,100003040,0
2025-01-10 03:00:00,100003041,0
2025-01-10 03:00:00,100003042,0
2025-01-10 03:00:00,100004575,0
2025-01-10 03:00:00,100007390,1
2025-01-10 03:00:00,100011747,0
2025-01-10 03:00:00,100011783,0
2025-01-10 03:00:00,100012217,0
2025-01-10 03:00:00,100012218,0
2025-01-10 03:00:00,100017441,0
2025-01-10 03:00:00,100017523,0
2025-01-10 03:00:00,100025474,21
2025-01-10 03:00:00,100035408,0
2025-01-10 03:00:00,100035409,0
2025-01-10 03:00:00,100041114,0
2025-01-10 03:00:00,100047030,1
2025-01-10 03:00:00,100052600,0
2025-01-10 03:00:00,100052602,0
2025-01-10 03:00:00,100052603,0
2025-01-10 03:00:00,100052605,0
2025-01-10 03:00:00,100052606,0
2025-01-10 03:00:00,100053055,0
2025-01-10 03:00:00,100053059,0
2025-01-10 03:00:00,100053210,0
2025-01-10 03:00:00,100054073,0
2025-01-10 03:00:00,100055268,0
2025-01-10 03:00:00,100056188,0
2025-01-10 03:00:00,300014985,0
2025-01-10 03:00:00,300014986,1
2025-01-10 03:00:00,300014993,0
2025-01-10 03:00:00,300014994,0
2025-01-10 03:00:00,300014995,3
2025-01-10 03:00:00,300014996,0
2025-01-10 03:00:00,300020478,0
2025-01-10 03:00:00,300020679,1
2025-01-10 03:00:00,300020816,0
2025-01-10 03:00:00,300020817,1
2025-01-10 03:00:00,300021685,0
2025-01-10 03:00:00,300028650,0
2025-01-10 04:00:00,100001753,3
2025-01-10 04:00:00,100003032,1
2025-01-10 04:00:00,100003040,0
2025-01-10 04:00:00,100003041,0
2025-01-10 04:00:00,100003042,0
2025-01-10 04:00:00,100004575,0
2025-01-10 04:00:00,100007390,3
2025-01-10 04:00:00,100011747,0
2025-01-10 04:00:00,100011783,0
2025-01-10 04:00:00,100012217,0
2025-01-10 04:00:00,100012218,0
2025-01-10 04:00:00,100017441,0
2025-01-10 04:00:00,100017523,0
2025-01-10 04:00:00,100025474,28
2025-01-10 04:00:00,100035408,0
2025-01-10 04:00:00,100035409,0
2025-01-10 04:00:00,100041114,0
2025-01-10 04:00:00,100047030,1
2025-01-10 04:00:00,100052600,2
2025-01-10 04:00:00,100052602,0
2025-01-10 04:00:00,100052603,0
2025-01-10 04:00:00,100052605,1
2025-01-10 04:00:00,100052606,0
2025-01-10 04:00:00,100053055,0
2025-01-10 04:00:00,100053059,0
2025-01-10 04:00:00,100053210,0
2025-01-10 04:00:00,100054073,1
2025-01-10 04:00:00,100055268,0
2025-01-10 04:00:00,100056188,2
2025-01-10 04:00:00,300014985,2
2025-01-10 04:00:00,300014986,2
2025-01-10 04:00:00,300014993,1
2025-01-10 04:00:00,300014994,1
2025-01-10 04:00:00,300014995,0
2025-01-10 04:00:00,300014996,3
2025-01-10 04:00:00,300020478,0
2025-01-10 04:00:00,300020679,0
2025-01-10 04:00:00,300020816,2
2025-01-10 04:00:00,300020817,0
2025-01-10 04:00:00,300021685,0
2025-01-10 04:00:00,300028650,0
2025-01-10 05:00:00,100001753,1
2025-01-10 05:00:00,100003032,4
2025-01-10 05:00:00,100003040,0
2025-01-10 05:00:00,100003041,1
2025-01-10 05:00:00,100003042,0
2025-01-10 05:00:00,100004575,0
2025-01-10 05:00:00,100007390,3
2025-01-10 05:00:00,100011747,1
2025-01-10 05:00:00,100011783,0
2025-01-10 05:00:00,100012217,0
2025-01-10 05:00:00,100012218,0
2025-01-10 05:00:00,100017441,3
2025-01-10 05:00:00,100017523,0
2025-01-10 05:00:00,100025474,18
2025-01-10 05:00:00,100035408,1
2025-01-10 05:00:00,100035409,0
2025-01-10 05:00:00,100041114,0
2025-01-10 05:00:00,100047030,1
2025-01-10 05:00:00,100052600,1
2025-01-10 05:00:00,100052602,0
2025-01-10 05:00:00,100052603,0
2025-01-10 05:00:00,100052605,1
2025-01-10 05:00:00,100052606,0
2025-01-10 05:00:00,100053055,0
2025-01-10 05:00:00,100053059,0
2025-01-10 05:00:00,100053210,3
2025-01-10 05:00:00,100054073,1
2025-01-10 05:00:00,100055268,1
2025-01-10 05:00:00,100056188,1
2025-01-10 05:00:00,300014985,4
2025-01-10 05:00:00,300014986,1
2025-01-10 05:00:00,300014993,0
2025-01-10 05:00:00,300014994,0
2025-01-10 05:00:00,300014995,0
2025-01-10 05:00:00,300014996,4
2025-01-10 05:00:00,300020478,0
2025-01-10 05:00:00,300020679,6
2025-01-10 05:00:00,300020816,4
2025-01-10 05:00:00,300020817,1
2025-01-10 05:00:00,300021685,0
2025-01-10 05:00:00,300028650,1
2025-01-10 06:00:00,100001753,4
2025-01-10 06:00:00,100003032,9
2025-01-10 06:00:00,100003040,1
2025-01-10 06:00:00,100003041,10
2025-01-10 06:00:00,100003042,1
2025-01-10 06:00:00,100004575,0
2025-01-10 06:00:00,100007390,8
2025-01-10 06:00:00,100011747,1
2025-01-10 06:00:00,100011783,4
2025-01-10 06:00:00,100012217,4
2025-01-10 06:00:00,100012218,0
2025-01-10 06:00:00,100017441,6
2025-01-10 06:00:00,100017523,0
2025-01-10 06:00:00,100025474,18
2025-01-10 06:00:00,100035408,2
2025-01-10 06:00:00,100035409,0
2025-01-10 06:00:00,100041114,1
2025-01-10 06:00:00,100047030,2
2025-01-10 06:00:00,100052600,9
2025-01-10 06:00:00,100052602,0
2025-01-10 06:00:00,100052603,0
2025-01-10 06:00:00,100052605,4
2025-01-10 06:00:00,100052606,3
2025-01-10 06:00:00,100053055,1
2025-01-10 06:00:00,100053059,0
2025-01-10 06:00:00,100053210,3
2025-01-10 06:00:00,100054073,1
2025-01-10 06:00:00,100055268,3
2025-01-10 06:00:00,100056188,7
2025-01-10 06:00:00,300014985,10
2025-01-10 06:00:00,300014986,4
2025-01-10 06:00:00,300014993,2
2025-01-10 06:00:00,300014994,7
2025-01-10 06:00:00,300014995,1
2025-01-10 06:00:00,300014996,10
2025-01-10 06:00:00,300020478,1
2025-01-10 06:00:00,300020679,12
2025-01-10 06:00:00,300020816,10
2025-01-10 06:00:00,300020817,4
2025-01-10 06:00:00,300021685,1
2025-01-10 06:00:00,300028650,2
2025-01-10 07:00:00,100001753,11
2025-01-10 07:00:00,100003032,31
2025-01-10 07:00:00,100003040,0
2025-01-10 07:00:00,100003041,21
2025-01-10 07:00:00,100003042,15
2025-01-10 07:00:00,100004575,0
2025-01-10 07:00:00,100007390,40
2025-01-10 07:00:00,100011747,4
2025-01-10 07:00:00,100011783,14
2025-01-10 07:00:00,100012217,10
2025-01-10 07:00:00,100012218,0
2025-01-10 07:00:00,100017441,30
2025-01-10 07:00:00,100017523,0
2025-01-10 07:00:00,100025474,24
2025-01-10 07:00:00,100035408,5
2025-01-10 07:00:00,100035409,0
2025-01-10 07:00:00,100041114,0
2025-01-10 07:00:00,100047030,13
2025-01-10 07:00:00,100052600,27
2025-01-10 07:00:00,100052602,0
2025-01-10 07:00:00,100052603,0
2025-01-10 07:00:00,100052605,1
2025-01-10 07:00:00,100052606,6
2025-01-10 07:00:00,100053055,2
2025-01-10 07:00:00,100053059,3
2025-01-10 07:00:00,100053210,5
2025-01-10 07:00:00,100054073,2
2025-01-10 07:00:00,100055268,10
2025-01-10 07:00:00,100056188,16
2025-01-10 07:00:00,300014985,37
2025-01-10 07:00:00,300014986,11
2025-01-10 07:00:00,300014993,11
2025-01-10 07:00:00,300014994,19
2025-01-10 07:00:00,300014995,10
2025-01-10 07:00:00,300014996,54
2025-01-10 07:00:00,300020478,6
2025-01-10 07:00:00,300020679,61
2025-01-10 07:00:00,300020816,36
2025-01-10 07:00:00,300020817,12
2025-01-10 07:00:00,300021685,0
2025-01-10 07:00:00,300028650,11
2025-01-10 08:00:00,100001753,16
2025-01-10 08:00:00,100003032,66
2025-01-10 08:00:00,100003040,0
2025-01-10 08:00:00,100003041,29
2025-01-10 08:00:00,100003042,30
2025-01-10 08:00:00,100004575,0
2025-01-10 08:00:00,100007390,29
2025-01-10 08:00:00,100011747,4
2025-01-10 08:00:00,100011783,14
2025-01-10 08:00:00,100012217,26
2025-01-10 08:00:00,100012218,0
2025-01-10 08:00:00,100017441,47
2025-01-10 08:00:00,100017523,2
2025-01-10 08:00:00,100025474,34
2025-01-10 08:00:00,100035408,13
2025-01-10 08:00:00,100035409,0
2025-01-10 08:00:00,100041114,2
2025-01-10 08:00:00,100047030,23
2025-01-10 08:00:00,100052600,38
2025-01-10 08:00:00,100052602,0
2025-01-10 08:00:00,100052603,2
2025-01-10 08:00:00,100052605,4
2025-01-10 08:00:00,100052606,9
2025-01-10 08:00:00,100053055,1
2025-01-10 08:00:00,100053059,2
2025-01-10 08:00:00,100053210,10
2025-01-10 08:00:00,100054073,5
2025-01-10 08:00:00,100055268,4
2025-01-10 08:00:00,100056188,22
2025-01-10 08:00:00,300014985,79
2025-01-10 08:00:00,300014986,28
2025-01-10 08:00:00,300014993,10
2025-01-10 08:00:00,300014994,17
2025-01-10 08:00:00,300014995,17
2025-01-10 08:00:00,300014996,93
2025-01-10 08:00:00,300020478,21
2025-01-10 08:00:00,300020679,116
2025-01-10 08:00:00,300020816,41
2025-01-10 08:00:00,300020817,25
2025-01-10 08:00:00,300021685,0
2025-01-10 08:00:00,300028650,17
2025-01-10 09:00:00,100001753,6
2025-01-10 09:00:00,100003032,45
2025-01-10 09:00:00,100003040,1
2025-01-10 09:00:00,100003041,22
2025-01-10 09:00:00,100003042,17
2025-01-10 09:00:00,100004575,0
2025-01-10 09:00:00,100007390,17
2025-01-10 09:00:00,100011747,8
2025-01-10 09:00:00,100011783,9
2025-01-10 09:00:00,100012217,14
2025-01-10 09:00:00,100012218,0
2025-01-10 09:00:00,100017441,25
2025-01-10 09:00:00,100017523,3
2025-01-10 09:00:00,100025474,27
2025-01-10 09:00:00,100035408,4
2025-01-10 09:00:00,100035409,0
2025-01-10 09:00:00,100041114,1
2025-01-10 09:00:00,100047030,14
2025-01-10 09:00:00,100052600,20
2025-01-10 09:00:00,100052602,1
2025-01-10 09:00:00,100052603,1
2025-01-10 09:00:00,100052605,0
2025-01-10 09:00:00,100052606,3
2025-01-10 09:00:00,100053055,0
2025-01-10 09:00:00,100053059,2
2025-01-10 09:00:00,100053210,3
2025-01-10 09:00:00,100054073,1
2025-01-10 09:00:00,100055268,4
2025-01-10 09:00:00,100056188,19
2025-01-10 09:00:00,300014985,52
2025-01-10 09:00:00,300014986,12
2025-01-10 09:00:00,300014993,6
2025-01-10 09:00:00,300014994,6
2025-01-10 09:00:00,300014995,13
2025-01-10 09:00:00,300014996,38
2025-01-10 09:00:00,300020478,9
2025-01-10 09:00:00,300020679,46
2025-01-10 09:00:00,300020816,25
2025-01-10 09:00:00,300020817,15
2025-01-10 09:00:00,300021685,0
2025-01-10 09:00:00,300028650,8
2025-01-10 10:00:00,100001753,2
2025-01-10 10:00:00,100003032,18
2025-01-10 10:00:00,100003040,0
2025-01-10 10:00:00,100003041,18
2025-01-10 10:00:00,100003042,16
2025-01-10 10:00:00,100004575,0
2025-01-10 10:00:00,100007390,24
2025-01-10 10:00:00,100011747,2
2025-01-10 10:00:00,100011783,6
2025-01-10 10:00:00,100012217,5
2025-01-10 10:00:00,100012218,0
2025-01-10 10:00:00,100017441,25
2025-01-10 10:00:00,100017523,1
2025-01-10 10:00:00,100025474,16
2025-01-10 10:00:00,100035408,3
2025-01-10 10:00:00,100035409,0
2025-01-10 10:00:00,100041114,0
2025-01-10 10:00:00,100047030,3
2025-01-10 10:00:00,100052600,10
2025-01-10 10:00:00,100052602,0
2025-01-10 10:00:00,100052603,1
2025-01-10 10:00:00,100052605,0
2025-01-10 10:00:00,100052606,6
2025-01-10 10:00:00,100053055,0
2025-01-10 10:00:00,100053059,2
2025-01-10 10:00:00,100053210,1
2025-01-10 10:00:00,100054073,1
2025-01-10 10:00:00,100055268,3
2025-01-10 10:00:00,100056188,9
2025-01-10 10:00:00,300014985,20
2025-01-10 10:00:00,300014986,8
2025-01-10 10:00:00,300014993,2
2025-01-10 10:00:00,300014994,3
2025-01-10 10:00:00,300014995,12
2025-01-10 10:00:00,300014996,19
2025-01-10 10:00:00,300020478,5
2025-01-10 10:00:00,300020679,30
2025-01-10 10:00:00,300020816,13
2025-01-10 10:00:00,300020817,10
2025-01-10 10:00:00,300021685,0
2025-01-10 10:00:00,300028650,2
2025-01-10 11:00:00,100001753,5
2025-01-10 11:00:00,100003032,18
2025-01-10 11:00:00,100003040,1
2025-01-10 11:00:00,100003041,14
2025-01-10 11:00:00,100003042,8
2025-01-10 11:00:00,100004575,0
2025-01-10 11:00:00,100007390,15
2025-01-10 11:00:00,100011747,2
2025-01-10 11:00:00,100011783,4
2025-01-10 11:00:00,100012217,17
2025-01-10 11:00:00,100012218,0
2025-01-10 11:00:00,100017441,14
2025-01-10 11:00:00,100017523,0
2025-01-10 11:00:00,100025474,21
2025-01-10 11:00:00,100035408,2
2025-01-10 11:00:00,100035409,0
2025-01-10 11:00:00,100041114,0
2025-01-10 11:00:00,100047030,8
2025-01-10 11:00:00,100052600,18
2025-01-10 11:00:00,100052602,0
2025-01-10 11:00:00,100052603,2
2025-01-10 11:00:00,100052605,3
2025-01-10 11:00:00,100052606,3
2025-01-10 11:00:00,100053055,1
2025-01-10 11:00:00,100053059,1
2025-01-10 11:00:00,100053210,4
2025-01-10 11:00:00,100054073,3
2025-01-10 11:00:00,100055268,4
2025-01-10 11:00:00,100056188,15
2025-01-10 11:00:00,300014985,24
2025-01-10 11:00:00,300014986,22
2025-01-10 11:00:00,300014993,4
2025-01-10 11:00:00,300014994,2
2025-01-10 11:00:00,300014995,11
2025-01-10 11:00:00,300014996,24
2025-01-10 11:00:00,300020478,11
2025-01-10 11:00:00,300020679,27
2025-01-10 11:00:00,300020816,11
2025-01-10 11:00:00,300020817,7
2025-01-10 11:00:00,300021685,0
2025-01-10 11:00:00,300028650,3
2025-01-10 12:00:00,100001753,4
2025-01-10 12:00:00,100003032,27
2025-01-10 12:00:00,100003040,0
2025-01-10 12:00:00,100003041,22
2025-01-10 12:00:00,100003042,17
2025-01-10 12:00:00,100004575,0
2025-01-10 12:00:00,100007390,14
2025-01-10 12:00:00,100011747,4
2025-01-10 12:00:00,100011783,4
2025-01-10 12:00:00,100012217,14
2025-01-10 12:00:00,100012218,0
2025-01-10 12:00:00,100017441,22
2025-01-10 12:00:00,100017523,0
2025-01-10 12:00:00,100025474,26
2025-01-10 12:00:00,100035408,2
2025-01-10 12:00:00,100035409,0
2025-01-10 12:00:00,100041114,0
2025-01-10 12:00:00,100047030,7
2025-01-10 12:00:00,100052600,16
2025-01-10 12:00:00,100052602,0
2025-01-10 12:00:00,100052603,3
2025-01-10 12:00:00,100052605,1
2025-01-10 12:00:00,100052606,3
2025-01-10 12:00:00,100053055,0
2025-01-10 12:00:00,100053059,3
2025-01-10 12:00:00,100053210,3
2025-01-10 12:00:00,100054073,2
2025-01-10 12:00:00,100055268,2
2025-01-10 12:00:00,100056188,20
2025-01-10 12:00:00,300014985,25
2025-01-10 12:00:00,300014986,24
2025-01-10 12:00:00,300014993,5
2025-01-10 12:00:00,300014994,4
2025-01-10 12:00:00,300014995,28
2025-01-10 12:00:00,300014996,22
2025-01-10 12:00:00,300020478,8
2025-01-10 12:00:00,300020679,39
2025-01-10 12:00:00,300020816,19
2025-01-10 12:00:00,300020817,17
2025-01-10 12:00:00,300021685,0
2025-01-10 12:00:00,300028650,3
2025-01-10 13:00:00,100001753,6
2025-01-10 13:00:00,100003032,23
2025-01-10 13:00:00,100003040,2
2025-01-10 13:00:00,100003041,10
2025-01-10 13:00:00,100003042,20
2025-01-10 13:00:00,100004575,0
2025-01-10 13:00:00,100007390,34
2025-01-10 13:00:00,100011747,5
2025-01-10 13:00:00,100011783,5
2025-01-10 13:00:00,100012217,27
2025-01-10 13:00:00,100012218,0
2025-01-10 13:00:00,100017441,18
2025-01-10 13:00:00,100017523,1
2025-01-10 13:00:00,100025474,36
2025-01-10 13:00:00,100035408,4
2025-01-10 13:00:00,100035409,0
2025-01-10 13:00:00,100041114,1
2025-01-10 13:00:00,100047030,8
2025-01-10 13:00:00,100052600,16
2025-01-10 13:00:00,100052602,0
2025-01-10 13:00:00,100052603,1
2025-01-10 13:00:00,100052605,1
2025-01-10 13:00:00,100052606,2
2025-01-10 13:00:00,100053055,1
2025-01-10 13:00:00,100053059,3
2025-01-10 13:00:00,100053210,3
2025-01-10 13:00:00,100054073,3
2025-01-10 13:00:00,100055268,4
2025-01-10 13:00:00,100056188,13
2025-01-10 13:00:00,300014985,28
2025-01-10 13:00:00,300014986,24
2025-01-10 13:00:00,300014993,3
2025-01-10 13:00:00,300014994,3
2025-01-10 13:00:00,300014995,33
2025-01-10 13:00:00,300014996,26
2025-01-10 13:00:00,300020478,13
2025-01-10 13:00:00,300020679,34
2025-01-10 13:00:00,300020816,14
2025-01-10 13:00:00,300020817,21
2025-01-10 13:00:00,300021685,0
2025-01-10 13:00:00,300028650,5
2025-01-10 14:00:00,100001753,1
2025-01-10 14:00:00,100003032,39
2025-01-10 14:00:00,100003040,0
2025-01-10 14:00:00,100003041,13
2025-01-10 14:00:00,100003042,9
2025-01-10 14:00:00,100004575,0
2025-01-10 14:00:00,100007390,26
2025-01-10 14:00:00,100011747,3
2025-01-10 14:00:00,100011783,4
2025-01-10 14:00:00,100012217,21
2025-01-10 14:00:00,100012218,0
2025-01-10 14:00:00,100017441,17
2025-01-10 14:00:00,100017523,1
2025-01-10 14:00:00,100025474,33
2025-01-10 14:00:00,100035408,7
2025-01-10 14:00:00,100035409,0
2025-01-10 14:00:00,100041114,2
2025-01-10 14:00:00,100047030,5
2025-01-10 14:00:00,100052600,13
2025-01-10 14:00:00,100052602,0
2025-01-10 14:00:00,100052603,1
2025-01-10 14:00:00,100052605,2
2025-01-10 14:00:00,100052606,11
2025-01-10 14:00:00,100053055,2
2025-01-10 14:00:00,100053059,6
2025-01-10 14:00:00,100053210,3
2025-01-10 14:00:00,100054073,2
2025-01-10 14:00:00,100055268,3
2025-01-10 14:00:00,100056188,12
2025-01-10 14:00:00,300014985,18
2025-01-10 14:00:00,300014986,20
2025-01-10 14:00:00,300014993,7
2025-01-10 14:00:00,300014994,3
2025-01-10 14:00:00,300014995,24
2025-01-10 14:00:00,300014996,27
2025-01-10 14:00:00,300020478,10
2025-01-10 14:00:00,300020679,44
2025-01-10 14:00:00,300020816,14
2025-01-10 14:00:00,300020817,18
2025-01-10 14:00:00,300021685,0
2025-01-10 14:00:00,300028650,6
2025-01-10 15:00:00,100001753,4
2025-01-10 15:00:00,100003032,38
2025-01-10 15:00:00,100003040,1
2025-01-10 15:00:00,100003041,36
2025-01-10 15:00:00,100003042,23
2025-01-10 15:00:00,100004575,0
2025-01-10 15:00:00,100007390,30
2025-01-10 15:00:00,100011747,6
2025-01-10 15:00:00,100011783,10
2025-01-10 15:00:00,100012217,31
2025-01-10 15:00:00,100012218,0
2025-01-10 15:00:00,100017441,20
2025-01-10 15:00:00,100017523,0
2025-01-10 15:00:00,100025474,29
2025-01-10 15:00:00,100035408,12
2025-01-10 15:00:00,100035409,0
2025-01-10 15:00:00,100041114,1
2025-01-10 15:00:00,100047030,12
2025-01-10 15:00:00,100052600,28
2025-01-10 15:00:00,100052602,4
2025-01-10 15:00:00,100052603,0
2025-01-10 15:00:00,100052605,3
2025-01-10 15:00:00,100052606,2
2025-01-10 15:00:00,100053055,0
2025-01-10 15:00:00,100053059,4
2025-01-10 15:00:00,100053210,0
2025-01-10 15:00:00,100054073,8
2025-01-10 15:00:00,100055268,14
2025-01-10 15:00:00,100056188,21
2025-01-10 15:00:00,300014985,23
2025-01-10 15:00:00,300014986,28
2025-01-10 15:00:00,300014993,12
2025-01-10 15:00:00,300014994,8
2025-01-10 15:00:00,300014995,45
2025-01-10 15:00:00,300014996,29
2025-01-10 15:00:00,300020478,5
2025-01-10 15:00:00,300020679,55
2025-01-10 15:00:00,300020816,16
2025-01-10 15:00:00,300020817,16
2025-01-10 15:00:00,300021685,1
2025-01-10 15:00:00,300028650,16
2025-01-10 16:00:00,100001753,14
2025-01-10 16:00:00,100003032,57
2025-01-10 16:00:00,100003040,0
2025-01-10 16:00:00,100003041,43
2025-01-10 16:00:00,100003042,25
2025-01-10 16:00:00,100004575,0
2025-01-10 16:00:00,100007390,25
2025-01-10 16:00:00,100011747,7
2025-01-10 16:00:00,100011783,21
2025-01-10 16:00:00,100012217,27
2025-01-10 16:00:00,100012218,0
2025-01-10 16:00:00,100017441,47
2025-01-10 16:00:00,100017523,0
2025-01-10 16:00:00,100025474,56
2025-01-10 16:00:00,100035408,6
2025-01-10 16:00:00,100035409,0
2025-01-10 16:00:00,100041114,4
2025-01-10 16:00:00,100047030,11
2025-01-10 16:00:00,100052600,29
2025-01-10 16:00:00,100052602,0
2025-01-10 16:00:00,100052603,2
2025-01-10 16:00:00,100052605,1
2025-01-10 16:00:00,100052606,6
2025-01-10 16:00:00,100053055,2
2025-01-10 16:00:00,100053059,1
2025-01-10 16:00:00,100053210,2
2025-01-10 16:00:00,100054073,6
2025-01-10 16:00:00,100055268,8
2025-01-10 16:00:00,100056188,36
2025-01-10 16:00:00,300014985,23
2025-01-10 16:00:00,300014986,45
2025-01-10 16:00:00,300014993,18
2025-01-10 16:00:00,300014994,8
2025-01-10 16:00:00,300014995,73
2025-01-10 16:00:00,300014996,24
2025-01-10 16:00:00,300020478,8
2025-01-10 16:00:00,300020679,80
2025-01-10 16:00:00,300020816,28
2025-01-10 16:00:00,300020817,29
2025-01-10 16:00:00,300021685,0
2025-01-10 16:00:00,300028650,13
2025-01-10 17:00:00,100001753,9
2025-01-10 17:00:00,100003032,62
2025-01-10 17:00:00,100003040,1
2025-01-10 17:00:00,100003041,17
2025-01-10 17:00:00,100003042,23
2025-01-10 17:00:00,100004575,0
2025-01-10 17:00:00,100007390,206
2025-01-10 17:00:00,100011747,18
2025-01-10 17:00:00,100011783,13
2025-01-10 17:00:00,100012217,34
2025-01-10 17:00:00,100012218,0
2025-01-10 17:00:00,100017441,37
2025-01-10 17:00:00,100017523,1
2025-01-10 17:00:00,100025474,56
2025-01-10 17:00:00,100035408,11
2025-01-10 17:00:00,100035409,0
2025-01-10 17:00:00,100041114,3
2025-01-10 17:00:00,100047030,7
2025-01-10 17:00:00,100052600,34
2025-01-10 17:00:00,100052602,0
2025-01-10 17:00:00,100052603,4
2025-01-10 17:00:00,100052605,4
2025-01-10 17:00:00,100052606,5
2025-01-10 17:00:00,100053055,2
2025-01-10 17:00:00,100053059,3
2025-01-10 17:00:00,100053210,1
2025-01-10 17:00:00,100054073,2
2025-01-10 17:00:00,100055268,10
2025-01-10 17:00:00,100056188,32
2025-01-10 17:00:00,300014985,41
2025-01-10 17:00:00,300014986,85
2025-01-10 17:00:00,300014993,20
2025-01-10 17:00:00,300014994,9
2025-01-10 17:00:00,300014995,96
2025-01-10 17:00:00,300014996,22
2025-01-10 17:00:00,300020478,13
2025-01-10 17:00:00,300020679,111
2025-01-10 17:00:00,300020816,35
2025-01-10 17:00:00,300020817,38
2025-01-10 17:00:00,300021685,0
2025-01-10 17:00:00,300028650,19
2025-01-10 18:00:00,100001753,6
2025-01-10 18:00:00,100003032,33
2025-01-10 18:00:00,100003040,5
2025-01-10 18:00:00,100003041,22
2025-01-10 18:00:00,100003042,19
2025-01-10 18:00:00,100004575,0
2025-01-10 18:00:00,100007390,36
2025-01-10 18:00:00,100011747,7
2025-01-10 18:00:00,100011783,11
2025-01-10 18:00:00,100012217,26
2025-01-10 18:00:00,100012218,0
2025-01-10 18:00:00,100017441,29
2025-01-10 18:00:00,100017523,1
2025-01-10 18:00:00,100025474,41
2025-01-10 18:00:00,100035408,6
2025-01-10 18:00:00,100035409,0
2025-01-10 18:00:00,100041114,0
2025-01-10 18:00:00,100047030,2
2025-01-10 18:00:00,100052600,28
2025-01-10 18:00:00,100052602,0
2025-01-10 18:00:00,100052603,3
2025-01-10 18:00:00,100052605,1
2025-01-10 18:00:00,100052606,4
2025-01-10 18:00:00,100053055,0
2025-01-10 18:00:00,100053059,2
2025-01-10 18:00:00,100053210,2
2025-01-10 18:00:00,100054073,0
2025-01-10 18:00:00,100055268,5
2025-01-10 18:00:00,100056188,23
2025-01-10 18:00:00,300014985,32
2025-01-10 18:00:00,300014986,44
2025-01-10 18:00:00,300014993,14
2025-01-10 18:00:00,300014994,8
2025-01-10 18:00:00,300014995,45
2025-01-10 18:00:00,300014996,26
2025-01-10 18:00:00,300020478,4
2025-01-10 18:00:00,300020679,52
2025-01-10 18:00:00,300020816,22
2025-01-10 18:00:00,300020817,15
2025-01-10 18:00:00,300021685,0
2025-01-10 18:00:00,300028650,7
2025-01-10 19:00:00,100001753,3
2025-01-10 19:00:00,100003032,20
2025-01-10 19:00:00,100003040,0
2025-01-10 19:00:00,100003041,17
2025-01-10 19:00:00,100003042,9
2025-01-10 19:00:00,100004575,0
2025-01-10 19:00:00,100007390,55
2025-01-10 19:00:00,100011747,4
2025-01-10 19:00:00,100011783,6
2025-01-10 19:00:00,100012217,26
2025-01-10 19:00:00,100012218,0
2025-01-10 19:00:00,100017441,14
2025-01-10 19:00:00,100017523,0
2025-01-10 19:00:00,100025474,36
2025-01-10 19:00:00,100035408,2
2025-01-10 19:00:00,100035409,0
2025-01-10 19:00:00,100041114,0
2025-01-10 19:00:00,100047030,6
2025-01-10 19:00:00,100052600,15
2025-01-10 19:00:00,100052602,0
2025-01-10 19:00:00,100052603,0
2025-01-10 19:00:00,100052605,0
2025-01-10 19:00:00,100052606,5
2025-01-10 19:00:00,100053055,0
2025-01-10 19:00:00,100053059,0
2025-01-10 19:00:00,100053210,3
2025-01-10 19:00:00,100054073,2
2025-01-10 19:00:00,100055268,5
2025-01-10 19:00:00,100056188,20
2025-01-10 19:00:00,300014985,17
2025-01-10 19:00:00,300014986,11
2025-01-10 19:00:00,300014993,1
2025-01-10 19:00:00,300014994,1
2025-01-10 19:00:00,300014995,16
2025-01-10 19:00:00,300014996,16
2025-01-10 19:00:00,300020478,4
2025-01-10 19:00:00,300020679,29
2025-01-10 19:00:00,300020816,10
2025-01-10 19:00:00,300020817,9
2025-01-10 19:00:00,300021685,1
2025-01-10 19:00:00,300028650,6
2025-01-10 20:00:00,100001753,2
2025-01-10 20:00:00,100003032,11
2025-01-10 20:00:00,100003040,0
2025-01-10 20:00:00,100003041,7
2025-01-10 20:00:00,100003042,8
2025-01-10 20:00:00,100004575,0
2025-01-10 20:00:00,100007390,37
2025-01-10 20:00:00,100011747,7
2025-01-10 20:00:00,100011783,3
2025-01-10 20:00:00,100012217,18
2025-01-10 20:00:00,100012218,0
2025-01-10 20:00:00,100017441,11
2025-01-10 20:00:00,100017523,1
2025-01-10 20:00:00,100025474,44
2025-01-10 20:00:00,100035408,4
2025-01-10 20:00:00,100035409,0
2025-01-10 20:00:00,100041114,0
2025-01-10 20:00:00,100047030,5
2025-01-10 20:00:00,100052600,4
2025-01-10 20:00:00,100052602,0
2025-01-10 20:00:00,100052603,1
2025-01-10 20:00:00,100052605,0
2025-01-10 20:00:00,100052606,3
2025-01-10 20:00:00,100053055,0
2025-01-10 20:00:00,100053059,0
2025-01-10 20:00:00,100053210,1
2025-01-10 20:00:00,100054073,4
2025-01-10 20:00:00,100055268,2
2025-01-10 20:00:00,100056188,14
2025-01-10 20:00:00,300014985,2
2025-01-10 20:00:00,300014986,24
2025-01-10 20:00:00,300014993,2
2025-01-10 20:00:00,300014994,7
2025-01-10 20:00:00,300014995,37
2025-01-10 20:00:00,300014996,9
2025-01-10 20:00:00,300020478,4
2025-01-10 20:00:00,300020679,20
2025-01-10 20:00:00,300020816,7
2025-01-10 20:00:00,300020817,9
2025-01-10 20:00:00,300021685,0
2025-01-10 20:00:00,300028650,3
2025-01-10 21:00:00,100001753,1
2025-01-10 21:00:00,100003032,10
2025-01-10 21:00:00,100003040,0
2025-01-10 21:00:00,100003041,9
2025-01-10 21:00:00,100003042,7
2025-01-10 21:00:00,100004575,0
2025-01-10 21:00:00,100007390,29
2025-01-10 21:00:00,100011747,3
2025-01-10 21:00:00,100011783,4
2025-01-10 21:00:00,100012217,12
2025-01-10 21:00:00,100012218,0
2025-01-10 21:00:00,100017441,12
2025-01-10 21:00:00,100017523,0
2025-01-10 21:00:00,100025474,28
2025-01-10 21:00:00,100035408,3
2025-01-10 21:00:00,100035409,0
2025-01-10 21:00:00,100041114,1
2025-01-10 21:00:00,100047030,2
2025-01-10 21:00:00,100052600,6
2025-01-10 21:00:00,100052602,1
2025-01-10 21:00:00,100052603,0
2025-01-10 21:00:00,100052605,0
2025-01-10 21:00:00,100052606,1
2025-01-10 21:00:00,100053055,1
2025-01-10 21:00:00,100053059,2
2025-01-10 21:00:00,100053210,3
2025-01-10 21:00:00,100054073,1
2025-01-10 21:00:00,100055268,3
2025-01-10 21:00:00,100056188,8
2025-01-10 21:00:00,300014985,10
2025-01-10 21:00:00,300014986,10
2025-01-10 21:00:00,300014993,3
2025-01-10 21:00:00,300014994,2
2025-01-10 21:00:00,300014995,13
2025-01-10 21:00:00,300014996,4
2025-01-10 21:00:00,300020478,0
2025-01-10 21:00:00,300020679,17
2025-01-10 21:00:00,300020816,8
2025-01-10 21:00:00,300020817,7
2025-01-10 21:00:00,300021685,0
2025-01-10 21:00:00,300028650,1
2025-01-10 22:00:00,100001753,4
2025-01-10 22:00:00,100003032,4
2025-01-10 22:00:00,100003040,0
2025-01-10 22:00:00,100003041,4
2025-01-10 22:00:00,100003042,9
2025-01-10 22:00:00,100004575,0
2025-01-10 22:00:00,100007390,44
2025-01-10 22:00:00,100011747,3
2025-01-10 22:00:00,100011783,1
2025-01-10 22:00:00,100012217,8
2025-01-10 22:00:00,100012218,0
2025-01-10 22:00:00,100017441,8
2025-01-10 22:00:00,100017523,0
2025-01-10 22:00:00,100025474,31
2025-01-10 22:00:00,100035408,0
2025-01-10 22:00:00,100035409,0
2025-01-10 22:00:00,100041114,0
2025-01-10 22:00:00,100047030,3
2025-01-10 22:00:00,100052600,3
2025-01-10 22:00:00,100052602,0
2025-01-10 22:00:00,100052603,0
2025-01-10 22:00:00,100052605,1
2025-01-10 22:00:00,100052606,3
2025-01-10 22:00:00,100053055,0
2025-01-10 22:00:00,100053059,0
2025-01-10 22:00:00,100053210,0
2025-01-10 22:00:00,100054073,0
2025-01-10 22:00:00,100055268,0
2025-01-10 22:00:00,100056188,4
2025-01-10 22:00:00,300014985,5
2025-01-10 22:00:00,300014986,10
2025-01-10 22:00:00,300014993,1
2025-01-10 22:00:00,300014994,0
2025-01-10 22:00:00,300014995,13
2025-01-10 22:00:00,300014996,2
2025-01-10 22:00:00,300020478,1
2025-01-10 22:00:00,300020679,9
2025-01-10 22:00:00,300020816,5
2025-01-10 22:00:00,300020817,6
2025-01-10 22:00:00,300021685,0
2025-01-10 22:00:00,300028650,2
2025-01-10 23:00:00,100001753,0
2025-01-10 23:00:00,100003032,18
2025-01-10 23:00:00,100003040,0
2025-01-10 23:00:00,100003041,3
2025-01-10 23:00:00,100003042,3
2025-01-10 23:00:00,100004575,0
2025-01-10 23:00:00,100007390,82
2025-01-10 23:00:00,100011747,2
2025-01-10 23:00:00,100011783,1
2025-01-10 23:00:00,100012217,4
2025-01-10 23:00:00,100012218,0
2025-01-10 23:00:00,100017441,3
2025-01-10 23:00:00,100017523,2
2025-01-10 23:00:00,100025474,33
2025-01-10 23:00:00,100035408,0
2025-01-10 23:00:00,100035409,0
2025-01-10 23:00:00,100041114,0
2025-01-10 23:00:00,100047030,1
2025-01-10 23:00:00,100052600,6
2025-01-10 23:00:00,100052602,0
2025-01-10 23:00:00,100052603,0
2025-01-10 23:00:00,100052605,0
2025-01-10 23:00:00,100052606,4
2025-01-10 23:00:00,100053055,0
2025-01-10 23:00:00,100053059,0
2025-01-10 23:00:00,100053210,1
2025-01-10 23:00:00,100054073,2
2025-01-10 23:00:00,100055268,2
2025-01-10 23:00:00,100056188,2
2025-01-10 23:00:00,300014985,6
2025-01-10 23:00:00,300014986,15
2025-01-10 23:00:00,300014993,2
2025-01-10 23:00:00,300014994,2
2025-01-10 23:00:00,300014995,9
2025-01-10 23:00:00,300014996,10
2025-01-10 23:00:00,300020478,0
2025-01-10 23:00:00,300020679,8
2025-01-10 23:00:00,300020816,1
2025-01-10 23:00:00,300020817,10
2025-01-10 23:00:00,300021685,0
2025-01-10 23:00:00,300028650,2
2025-01-11 00:00:00,100001753,1
2025-01-11 00:00:00,100003032,7
2025-01-11 00:00:00,100003040,0
2025-01-11 00:00:00,100003041,0
2025-01-11 00:00:00,100003042,0
2025-01-11 00:00:00,100004575,0
2025-01-11 00:00:00,100007390,45
2025-01-11 00:00:00,100011747,0
2025-01-11 00:00:00,100011783,2
2025-01-11 00:00:00,100012217,3
2025-01-11 00:00:00,100012218,0
2025-01-11 00:00:00,100017441,3
2025-01-11 00:00:00,100017523,0
2025-01-11 00:00:00,100025474,15
2025-01-11 00:00:00,100035408,0
2025-01-11 00:00:00,100035409,0
2025-01-11 00:00:00,100041114,0
2025-01-11 00:00:00,100047030,3
2025-01-11 00:00:00,100052600,6
2025-01-11 00:00:00,100052602,0
2025-01-11 00:00:00,100052603,0
2025-01-11 00:00:00,100052605,0
2025-01-11 00:00:00,100052606,2
2025-01-11 00:00:00,100053055,0
2025-01-11 00:00:00,100053059,0
2025-01-11 00:00:00,100053210,1
2025-01-11 00:00:00,100054073,1
2025-01-11 00:00:00,100055268,1
2025-01-11 00:00:00,100056188,2
2025-01-11 00:00:00,300014985,3
2025-01-11 00:00:00,300014986,3
2025-01-11 00:00:00,300014993,0
2025-01-11 00:00:00,300014994,1
2025-01-11 00:00:00,300014995,6
2025-01-11 00:00:00,300014996,5
2025-01-11 00:00:00,300020478,1
2025-01-11 00:00:00,300020679,9
2025-01-11 00:00:00,300020816,2
2025-01-11 00:00:00,300020817,6
2025-01-11 00:00:00,300021685,0
2025-01-11 00:00:00,300028650,1
2025-01-11 01:00:00,100001753,0
2025-01-11 01:00:00,100003032,2
2025-01-11 01:00:00,100003040,0
2025-01-11 01:00:00,100003041,0
2025-01-11 01:00:00,100003042,1
2025-01-11 01:00:00,100004575,0
2025-01-11 01:00:00,100007390,84
2025-01-11 01:00:00,100011747,1
2025-01-11 01:00:00,100011783,0
2025-01-11 01:00:00,100012217,3
2025-01-11 01:00:00,100012218,0
2025-01-11 01:00:00,100017441,5
2025-01-11 01:00:00,100017523,0
2025-01-11 01:00:00,100025474,1
2025-01-11 01:00:00,100035408,1
2025-01-11 01:00:00,100035409,0
2025-01-11 01:00:00,100041114,0
2025-01-11 01:00:00,100047030,0
2025-01-11 01:00:00,100052600,3
2025-01-11 01:00:00,100052602,0
2025-01-11 01:00:00,100052603,1
2025-01-11 01:00:00,100052605,0
2025-01-11 01:00:00,100052606,0
2025-01-11 01:00:00,100053055,1
2025-01-11 01:00:00,100053059,0
2025-01-11 01:00:00,100053210,2
2025-01-11 01:00:00,100054073,0
2025-01-11 01:00:00,100055268,1
2025-01-11 01:00:00,100056188,2
2025-01-11 01:00:00,300014985,1
2025-01-11 01:00:00,300014986,3
2025-01-11 01:00:00,300014993,1
2025-01-11 01:00:00,300014994,0
2025-01-11 01:00:00,300014995,3
2025-01-11 01:00:00,300014996,1
2025-01-11 01:00:00,300020478,0
2025-01-11 01:00:00,300020679,5
2025-01-11 01:00:00,300020816,1
2025-01-11 01:00:00,300020817,3
2025-01-11 01:00:00,300021685,0
2025-01-11 01:00:00,300028650,1
2025-01-11 02:00:00,100001753,1
2025-01-11 02:00:00,100003032,2
2025-01-11 02:00:00,100003040,0
2025-01-11 02:00:00,100003041,1
2025-01-11 02:00:00,100003042,0
2025-01-11 02:00:00,100004575,0
2025-01-11 02:00:00,100007390,92
2025-01-11 02:00:00,100011747,0
2025-01-11 02:00:00,100011783,0
2025-01-11 02:00:00,100012217,1
2025-01-11 02:00:00,100012218,0
2025-01-11 02:00:00,100017441,1
2025-01-11 02:00:00,100017523,0
2025-01-11 02:00:00,100025474,5
2025-01-11 02:00:00,100035408,0
2025-01-11 02:00:00,100035409,0
2025-01-11 02:00:00,100041114,1
2025-01-11 02:00:00,100047030,3
2025-01-11 02:00:00,100052600,3
2025-01-11 02:00:00,100052602,0
2025-01-11 02:00:00,100052603,0
2025-01-11 02:00:00,100052605,0
2025-01-11 02:00:00,100052606,1
2025-01-11 02:00:00,100053055,0
2025-01-11 02:00:00,100053059,0
2025-01-11 02:00:00,100053210,0
2025-01-11 02:00:00,100054073,0
2025-01-11 02:00:00,100055268,0
2025-01-11 02:00:00,100056188,1
2025-01-11 02:00:00,300014985,0
2025-01-11 02:00:00,300014986,6
2025-01-11 02:00:00,300014993,0
2025-01-11 02:00:00,300014994,1
2025-01-11 02:00:00,300014995,6
2025-01-11 02:00:00,300014996,2
2025-01-11 02:00:00,300020478,0
2025-01-11 02:00:00,300020679,5
2025-01-11 02:00:00,300020816,0
2025-01-11 02:00:00,300020817,0
2025-01-11 02:00:00,300021685,0
2025-01-11 02:00:00,300028650,0
2025-01-11 03:00:00,100001753,0
2025-01-11 03:00:00,100003032,2
2025-01-11 03:00:00,100003040,0
2025-01-11 03:00:00,100003041,9
2025-01-11 03:00:00,100003042,1
2025-01-11 03:00:00,100004575,0
2025-01-11 03:00:00,100007390,72
2025-01-11 03:00:00,100011747,2
2025-01-11 03:00:00,100011783,0
2025-01-11 03:00:00,100012217,1
2025-01-11 03:00:00,100012218,0
2025-01-11 03:00:00,100017441,4
2025-01-11 03:00:00,100017523,0
2025-01-11 03:00:00,100025474,5
2025-01-11 03:00:00,100035408,0
2025-01-11 03:00:00,100035409,0
2025-01-11 03:00:00,100041114,0
2025-01-11 03:00:00,100047030,0
2025-01-11 03:00:00,100052600,0
2025-01-11 03:00:00,100052602,0
2025-01-11 03:00:00,100052603,0
2025-01-11 03:00:00,100052605,0
2025-01-11 03:00:00,100052606,0
2025-01-11 03:00:00,100053055,1
2025-01-11 03:00:00,100053059,0
2025-01-11 03:00:00,100053210,0
2025-01-11 03:00:00,100054073,0
2025-01-11 03:00:00,100055268,0
2025-01-11 03:00:00,100056188,1
2025-01-11 03:00:00,300014985,3
2025-01-11 03:00:00,300014986,3
2025-01-11 03:00:00,300014993,0
2025-01-11 03:00:00,300014994,0
2025-01-11 03:00:00,300014995,0
2025-01-11 03:00:00,300014996,0
2025-01-11 03:00:00,300020478,0
2025-01-11 03:00:00,300020679,3
